500
0 13 39 32 32 22 30 17 33 32 31 31 29 36 41 29 31 32 31 33 14 25 20 24 37 36 37 36 38 32 17 33 32 35 17 39 33 31 23 27 28 42 21 14 23 23 29 23 44 30 34 35 29 39 40 28 31 33 36 18 32 23 24 28 35 29 31 35 27 7 31 22 33 33 25 28 29 17 14 30 25 7 28 25 6 45 21 28 25 35 27 28 24 28 41 21 36 38 21 11 33 36 45 39 30 38 30 35 20 27 30 22 30 17 43 30 26 44 23 35 16 31 31 23 27 29 34 29 23 32 28 25 30 29 40 23 30 29 20 38 24 34 35 32 33 31 37 32 27 32 27 28 27 42 34 34 45 22 23 25 18 26 25 32 34 40 14 36 28 39 34 20 39 25 22 24 37 30 30 31 27 30 15 23 31 36 34 28 24 36 34 42 35 20 30 27 29 37 29 32 32 34 27 25 25 24 36 26 24 30 25 34 31 23 31 39 22 25 37 19 32 29 33 36 20 24 35 28 24 18 30 18 28 28 32 18 32 35 31 25 31 28 27 36 27 33 25 45 29 24 25 33 24 42 28 24 25 31 35 30 33 36 38 25 34 32 33 38 19 42 34 29 27 25 25 29 30 18 30 30 30 38 37 41 30 37 30 34 14 38 32 37 39 29 31 26 33 41 26 33 33 39 29 32 41 27 30 28 30 32 20 27 24 34 25 39 15 31 25 17 32 20 37 42 34 7 18 39 33 32 24 39 30 25 33 27 27 18 31 17 5 37 31 35 26 28 37 28 33 18 37 22 42 32 37 25 26 38 26 14 24 42 32 35 32 19 25 26 37 34 25 29 30 27 22 30 39 33 21 22 22 26 27 30 34 28 23 35 25 42 40 39 27 39 37 32 19 28 33 29 34 23 12 30 31 24 36 31 44 19 33 28 32 19 21 36 29 33 21 39 23 51 33 29 31 24 21 28 17 36 40 38 28 44 24 16 28 20 24 33 26 28 30 20 23 6 47 30 28 38 34 29 28 21 28 25 31 37 26 19 29 30 40 24 31 18 19 35 38 10 36 36 27 37 44 45 32 26 36 25 29 30 22 46 21 27 26 22 32 31 35 33 36 31 35 34 38 19 15 22 
31 0 39 20 29 39 22 33 28 19 27 28 31 29 28 20 38 26 22 36 28 23 27 27 24 28 39 33 26 30 4 37 36 24 29 29 31 26 21 24 32 44 22 31 38 28 31 32 39 22 32 36 26 33 31 31 26 30 39 42 34 22 27 23 32 39 29 30 21 28 28 29 28 31 35 21 24 24 45 28 12 28 25 31 27 32 31 28 33 26 31 15 31 26 28 22 35 29 32 12 26 35 32 36 36 37 21 35 32 30 37 21 17 37 44 21 25 31 32 30 35 23 32 25 28 33 31 16 33 35 20 29 21 20 33 32 32 29 7 25 30 38 29 33 24 19 29 36 36 34 25 34 34 36 23 32 45 34 27 26 35 30 31 29 33 28 35 23 15 35 34 34 40 38 30 13 40 24 33 31 26 33 16 24 30 40 31 15 21 37 30 39 31 11 24 18 33 39 16 19 23 35 26 12 30 27 34 30 27 22 26 31 38 21 37 26 37 28 33 34 32 25 25 40 27 31 34 38 20 25 29 26 22 32 31 33 23 48 18 28 28 39 24 32 31 24 23 46 26 31 31 20 33 39 39 29 39 20 27 29 28 29 29 21 27 23 24 36 30 30 39 35 31 16 22 23 29 19 36 32 25 30 25 32 31 40 25 28 35 42 32 28 40 24 33 22 32 42 29 29 30 31 16 24 33 14 17 26 23 31 36 18 35 24 34 43 30 42 31 32 27 44 33 29 30 19 32 42 39 21 36 38 17 32 36 16 28 35 18 36 26 41 30 26 33 24 34 24 34 30 32 26 52 30 28 19 17 42 32 1 25 33 29 29 34 26 29 22 35 33 24 26 20 26 38 25 31 33 18 26 25 17 30 17 28 29 28 25 44 33 30 35 28 30 24 26 23 32 37 36 25 42 33 34 22 25 32 32 48 33 20 25 27 25 28 27 27 26 31 30 21 39 35 20 23 38 36 15 29 39 40 36 34 33 28 32 19 28 15 32 21 23 17 37 24 26 47 33 16 32 33 28 35 28 25 27 18 34 35 34 16 17 39 28 18 27 28 31 33 31 27 27 18 26 39 44 33 28 34 31 24 30 13 37 17 28 29 26 30 21 24 28 24 29 38 26 25 26 24 24 
34 30 0 32 19 23 35 39 36 32 31 25 29 36 36 36 39 35 28 25 25 31 34 28 42 25 21 32 34 36 34 41 27 40 35 44 29 36 27 33 23 36 27 32 39 17 37 21 46 32 30 40 35 39 44 36 31 33 38 16 37 28 30 32 25 27 34 19 30 25 33 38 34 41 25 24 30 34 48 33 28 35 32 38 24 47 38 24 33 35 27 41 14 30 57 27 34 35 17 30 33 27 38 30 30 27 32 41 20 35 36 28 30 43 45 18 22 14 29 27 32 29 33 34 32 37 31 34 28 29 31 21 38 26 30 35 30 25 22 32 27 42 33 30 33 31 39 27 25 13 31 29 40 27 33 38 43 24 19 31 19 26 29 37 15 21 32 27 31 20 42 31 45 26 24 20 40 34 22 33 32 25 21 34 44 44 28 28 20 38 33 36 23 31 32 24 30 39 32 27 36 37 23 34 24 40 32 35 27 32 28 28 38 27 39 39 33 28 30 27 36 29 38 15 36 24 39 30 33 35 34 31 35 26 36 31 37 49 36 28 34 34 33 35 34 34 28 42 26 32 25 36 32 33 25 36 39 36 33 38 34 31 35 28 31 36 31 42 20 39 24 37 22 32 31 26 28 24 21 23 25 36 33 22 9 44 34 40 32 37 38 38 39 33 25 38 44 39 39 1 32 35 29 30 39 32 33 28 39 11 24 32 33 24 33 33 40 40 28 30 24 18 39 12 31 32 36 46 27 27 34 37 43 25 36 33 33 30 31 31 33 34 27 23 42 26 19 38 41 8 42 31 45 28 41 29 24 44 29 31 35 12 33 27 38 25 32 28 30 38 30 24 25 38 26 29 37 22 27 30 38 33 44 35 26 26 36 32 38 40 44 43 38 39 26 24 9 36 34 34 31 42 30 29 29 24 4 36 34 42 35 30 40 37 27 31 29 31 38 36 20 48 39 33 40 41 29 31 38 22 40 34 32 39 32 33 25 32 31 44 30 32 33 27 27 34 49 47 28 34 24 38 37 29 24 27 31 17 32 31 24 33 39 30 35 36 25 16 30 28 34 37 31 40 34 49 20 32 27 24 29 19 26 51 30 40 30 39 32 28 38 30 37 23 37 38 41 36 23 33 
32 37 32 0 31 29 32 36 38 30 38 42 24 36 36 31 47 37 27 38 29 24 27 38 48 39 37 29 35 37 41 42 39 42 24 39 38 31 33 33 35 50 40 34 28 33 35 38 41 27 39 38 35 46 47 35 38 40 34 33 36 23 28 32 35 44 37 32 33 14 31 33 40 36 32 28 36 23 46 30 34 36 35 45 13 42 28 19 32 35 34 40 32 25 56 26 40 41 35 28 33 40 42 39 40 36 30 34 27 33 37 29 28 34 43 28 26 41 30 22 40 32 37 29 33 35 40 37 29 39 29 9 36 32 40 30 34 13 35 27 36 34 33 38 29 37 39 39 41 31 37 35 34 32 33 40 53 39 28 37 25 33 24 38 33 30 21 40 25 38 47 35 46 32 29 31 41 35 35 31 27 14 34 35 38 36 26 37 26 44 36 31 37 27 35 30 39 35 30 33 33 35 32 22 32 37 41 42 22 37 37 45 37 27 44 32 42 29 30 35 33 36 35 42 36 31 49 40 36 30 22 25 33 25 24 34 32 41 42 34 38 35 33 42 34 20 31 55 35 39 29 43 31 47 19 31 38 38 41 38 35 37 9 38 20 28 37 30 26 38 42 26 11 31 31 33 25 30 36 28 34 39 39 40 38 42 34 39 21 45 31 24 45 36 29 33 40 43 33 33 37 41 27 40 40 36 37 26 38 40 42 27 31 33 32 27 29 38 32 33 19 35 13 39 26 29 25 51 30 22 31 32 42 32 31 25 36 47 29 24 34 33 31 33 33 35 37 44 50 32 37 38 52 23 44 30 29 44 23 26 26 44 39 22 38 25 32 40 34 33 25 35 21 36 32 35 47 27 27 28 41 32 43 38 21 31 34 36 26 35 33 31 34 35 35 19 33 28 39 29 47 43 19 37 36 35 36 31 40 37 42 28 39 39 27 39 27 26 27 52 26 47 31 30 44 30 37 37 34 31 41 41 27 41 33 22 31 27 30 39 30 32 18 34 31 38 47 46 34 28 37 35 39 37 30 32 24 37 33 39 38 27 44 30 41 25 26 34 25 17 29 23 28 39 48 44 36 24 36 37 34 14 29 48 33 38 33 28 32 32 37 38 47 18 28 25 26 25 22 28 
30 40 35 42 0 42 29 40 28 23 28 35 27 37 29 26 37 38 30 28 31 35 32 32 43 33 39 29 15 34 40 43 39 25 37 41 35 33 34 35 35 49 30 35 32 31 35 35 42 28 31 37 38 37 30 32 40 34 37 36 34 25 31 34 38 43 37 22 32 27 34 31 49 37 41 30 26 28 44 32 34 36 33 35 26 42 40 22 31 36 27 39 32 28 55 29 39 34 32 11 34 30 40 33 38 24 29 39 38 33 42 30 21 26 33 4 28 45 33 20 36 24 33 32 29 35 40 36 25 41 31 31 35 37 38 36 33 35 33 30 34 36 36 34 39 41 45 39 39 34 38 35 36 12 31 32 47 33 30 34 38 26 27 36 13 33 34 29 34 39 36 35 48 43 26 39 40 28 25 34 29 36 24 32 29 38 37 29 31 19 34 34 31 33 28 35 39 38 33 8 22 38 32 35 22 26 33 36 25 30 24 38 32 30 42 30 43 30 28 25 36 34 32 42 29 42 33 37 19 27 33 34 26 33 35 28 35 47 37 25 29 27 35 31 37 32 31 45 35 30 30 41 28 31 46 21 37 32 31 39 38 37 41 26 40 38 32 41 34 41 41 37 33 38 34 22 18 27 39 26 34 31 14 43 39 32 36 32 34 35 38 36 47 35 28 39 42 41 36 36 35 38 32 31 25 39 29 29 41 35 38 30 44 33 29 47 24 45 14 27 22 38 40 43 29 18 38 31 41 22 37 35 41 42 34 27 36 39 22 37 34 42 33 9 35 28 27 37 39 27 39 32 48 26 27 23 16 46 28 41 28 44 41 25 40 30 35 41 37 36 27 28 35 33 40 28 37 25 30 28 24 34 38 37 24 37 32 34 34 25 44 42 32 42 38 22 28 30 20 31 29 46 32 27 30 37 39 34 47 27 42 31 38 38 32 32 30 29 38 34 25 50 33 19 41 49 27 37 26 50 44 35 30 40 35 41 36 32 39 32 32 34 35 40 32 15 37 41 38 32 27 32 42 27 35 29 22 33 34 30 41 33 39 35 34 28 27 35 28 30 19 35 17 38 48 47 18 26 35 35 28 17 12 50 16 27 30 37 31 30 36 30 39 21 23 32 43 22 19 32 
43 34 44 45 35 0 35 46 48 31 40 24 41 29 53 35 52 38 36 44 35 33 40 36 37 45 43 53 50 42 38 46 48 44 38 42 43 38 35 45 44 51 39 35 47 40 41 45 51 36 46 17 48 52 45 48 42 42 56 54 37 34 40 42 41 51 42 46 38 28 37 46 50 45 43 37 38 36 57 37 43 28 40 45 27 52 42 40 37 28 18 28 32 36 44 39 46 43 35 16 26 52 56 59 49 54 40 35 38 48 50 35 29 52 54 37 36 48 44 40 37 37 42 25 40 42 49 32 43 45 34 39 46 34 34 36 45 43 41 41 37 40 45 42 25 44 49 48 37 44 39 43 36 47 43 46 63 42 37 43 35 43 45 39 44 44 35 49 39 46 54 41 57 42 42 35 47 35 41 33 37 44 33 28 43 42 27 46 33 53 42 48 43 39 35 32 45 39 42 43 48 49 39 43 45 53 48 44 36 45 43 27 50 39 47 38 43 35 48 40 41 40 38 49 49 42 45 42 44 43 39 30 34 32 41 39 44 50 31 41 38 49 46 34 43 44 36 59 37 45 29 41 44 54 48 45 43 40 46 31 42 29 43 43 37 37 24 47 36 47 44 41 41 40 32 25 37 36 47 44 43 44 45 49 38 42 42 40 35 53 32 48 41 31 46 38 38 46 39 44 40 40 28 33 38 48 37 40 47 40 41 39 45 42 46 56 40 52 16 38 37 56 49 46 37 28 39 58 45 31 41 50 30 36 53 41 45 49 30 38 26 49 41 42 50 36 45 40 55 31 41 43 56 39 56 30 43 57 46 35 33 47 53 43 51 38 41 38 45 46 35 44 30 39 42 38 40 43 40 43 51 31 48 33 42 33 43 40 52 50 38 48 40 31 49 40 32 34 51 46 44 44 33 47 22 45 46 43 52 36 51 48 48 39 40 41 39 41 41 49 35 56 51 45 23 45 42 31 30 56 49 50 48 49 40 43 33 32 39 48 40 40 27 41 31 49 58 43 41 44 44 39 49 42 37 37 30 35 47 40 42 37 38 43 43 39 40 42 43 31 44 47 43 46 47 57 45 44 48 38 20 44 41 55 41 32 38 49 44 43 44 29 45 39 45 26 35 38 36 24 
29 33 33 31 32 32 0 34 34 26 30 29 28 28 38 25 37 35 27 23 25 16 31 32 39 37 38 28 39 30 37 36 38 35 35 33 24 33 26 18 34 35 36 20 33 26 26 27 45 21 28 30 20 44 39 36 21 23 35 44 28 25 32 35 30 43 34 25 30 27 26 21 39 30 15 24 26 8 43 22 35 27 31 31 26 39 32 23 31 27 17 33 18 19 49 30 28 34 31 17 25 27 44 35 32 26 22 26 10 32 30 27 24 41 39 27 22 34 19 26 29 29 26 24 22 34 34 26 33 34 26 25 28 25 19 35 26 29 26 31 24 32 37 27 24 28 36 38 22 27 30 31 26 34 24 33 39 28 29 36 33 16 27 23 28 34 29 36 27 34 41 28 41 37 26 34 30 26 20 22 28 30 30 22 36 34 30 28 19 30 32 35 35 22 21 23 28 36 32 35 32 20 21 34 30 38 30 32 26 22 34 32 22 30 36 33 28 29 29 25 26 19 3 27 21 14 41 32 25 17 31 24 29 18 28 24 29 48 36 27 24 20 18 37 19 30 28 40 23 30 15 26 34 36 38 29 37 31 38 30 28 28 34 26 31 23 23 30 28 36 40 33 27 22 16 28 26 29 28 25 33 36 41 36 23 40 32 26 25 37 23 34 29 25 21 32 32 35 29 34 24 32 31 25 37 38 29 30 29 25 30 29 35 32 19 42 14 35 37 23 23 46 34 32 30 14 31 44 37 26 29 36 35 15 32 23 21 39 25 21 25 39 27 32 27 23 32 34 39 30 31 28 35 24 39 21 26 29 28 34 29 33 38 26 23 10 32 32 28 28 26 20 24 4 32 24 32 24 12 27 36 23 34 27 25 27 22 39 42 33 33 31 34 30 35 23 31 26 38 32 38 30 32 20 21 21 37 30 53 27 39 32 33 25 12 16 19 24 31 43 14 45 29 29 36 41 27 30 29 39 34 32 29 24 34 33 24 26 21 33 33 30 26 17 17 35 43 37 27 30 30 27 31 27 23 24 25 28 34 23 28 24 40 15 34 30 27 30 29 30 27 33 27 31 46 39 33 22 32 25 19 30 24 40 25 28 32 39 31 36 30 30 30 22 26 28 34 10 25 23 
27 38 35 22 34 43 28 0 35 33 38 32 33 32 38 39 43 35 18 35 37 39 37 39 42 39 38 35 38 26 40 39 43 30 26 36 33 40 17 36 39 38 32 27 43 17 38 35 47 36 38 43 37 49 41 33 29 36 33 45 41 36 26 32 36 43 34 37 29 34 37 28 38 37 23 33 20 36 41 24 39 34 22 38 33 38 34 25 34 34 30 33 28 34 49 32 40 25 44 22 29 37 38 43 41 34 22 31 34 37 37 25 31 44 41 31 34 47 32 35 37 27 33 31 35 39 33 33 35 36 24 31 28 16 36 42 22 35 31 40 31 40 42 35 25 21 35 43 39 40 21 41 40 36 29 28 52 38 32 35 39 29 33 36 37 43 41 40 21 47 32 24 43 45 32 33 33 38 32 33 32 36 26 32 34 42 29 38 10 30 23 44 42 21 37 14 37 34 28 31 33 44 33 42 38 37 35 37 31 30 36 35 47 38 34 40 26 21 43 31 28 31 31 40 35 27 44 40 26 31 34 27 36 31 36 31 31 51 36 24 25 48 39 36 19 26 36 43 28 36 28 38 29 38 35 37 40 26 46 37 24 33 25 39 22 36 36 42 36 29 46 41 33 37 38 27 37 29 41 28 27 34 37 31 36 37 28 36 33 42 36 30 41 32 30 34 42 44 31 36 42 25 30 28 25 38 23 35 44 38 43 28 48 26 32 33 42 40 36 30 32 47 35 45 35 24 40 43 40 29 26 27 35 28 39 31 21 39 32 38 32 45 39 36 35 38 45 41 39 36 34 33 48 26 38 33 27 51 34 32 35 29 41 31 36 38 17 30 43 36 34 33 36 31 45 24 35 30 36 32 35 34 36 29 30 31 29 38 48 41 34 41 36 31 46 28 37 34 43 37 45 38 39 33 34 28 39 37 58 36 42 34 40 32 25 23 32 32 33 50 26 38 37 30 44 43 33 34 35 47 36 37 36 31 42 35 15 29 36 43 30 30 34 25 30 33 45 39 18 32 39 34 43 33 14 29 32 34 40 30 37 23 46 40 25 33 33 43 38 37 35 29 28 32 43 47 39 30 38 32 32 36 23 42 23 34 29 41 34 34 30 24 37 31 39 36 42 38 25 30 
29 22 29 30 28 31 33 31 0 22 39 33 17 34 38 25 26 29 26 29 21 28 27 30 41 28 30 22 31 26 26 40 38 35 26 37 34 29 25 23 37 33 14 23 35 25 30 38 45 30 31 36 31 18 42 29 12 33 34 40 38 26 30 33 29 41 37 37 27 16 25 24 42 39 34 19 28 27 43 18 17 16 28 16 15 42 28 26 29 34 26 32 25 31 48 28 35 33 35 20 31 45 39 37 30 35 23 37 29 34 37 23 20 35 35 22 18 33 32 29 25 25 25 32 28 34 39 20 29 22 22 25 29 24 31 32 27 29 29 30 15 27 26 33 26 29 40 40 34 34 29 27 19 30 33 19 39 20 20 24 27 25 31 34 31 33 23 28 26 38 22 27 32 28 24 26 39 27 26 21 19 30 29 25 37 29 18 20 18 35 31 38 26 26 27 22 27 35 21 24 27 25 24 25 34 37 33 35 12 32 38 34 41 30 32 29 28 31 33 28 22 33 34 41 32 33 39 26 27 20 14 27 25 17 16 27 31 35 35 32 31 37 29 33 33 13 31 43 27 30 22 40 27 36 37 33 34 31 12 28 24 35 33 34 30 37 31 22 28 34 43 20 27 34 27 24 17 32 26 25 33 32 30 36 31 44 35 31 21 36 34 17 42 22 22 26 33 36 25 30 30 26 19 39 33 35 28 16 39 32 29 26 33 32 28 41 33 40 29 26 26 42 38 31 28 16 20 34 24 26 26 33 34 34 35 18 26 20 21 26 14 33 23 27 38 27 37 29 38 29 35 31 47 20 41 22 19 46 32 23 30 37 32 29 39 29 31 26 27 19 17 25 25 29 31 29 39 24 23 29 38 33 25 21 26 30 25 30 42 40 25 23 30 32 29 26 30 21 33 22 10 32 21 29 29 30 33 21 55 28 31 26 36 10 31 31 17 31 27 15 30 43 24 24 40 33 30 20 28 37 30 27 30 37 33 29 23 24 33 38 31 33 22 29 24 31 39 28 26 26 36 31 29 30 22 20 21 29 32 22 35 28 37 32 33 27 25 34 32 19 34 16 22 31 48 30 36 17 26 16 27 21 26 36 24 36 31 31 22 26 29 32 38 25 36 28 30 29 18 31 
29 19 38 30 20 24 31 35 35 0 37 35 30 14 38 21 37 38 21 36 20 18 26 21 41 40 28 38 35 29 23 31 33 29 23 28 34 36 20 33 29 36 35 20 32 25 30 42 36 21 26 33 35 41 41 30 27 33 38 44 41 28 27 29 33 46 37 32 33 13 32 31 35 30 28 22 23 29 43 27 28 13 25 30 12 41 27 25 31 13 29 32 17 21 41 29 34 28 20 11 11 37 41 44 34 41 25 34 23 33 36 25 32 46 42 24 27 33 29 25 22 30 36 10 31 35 35 17 34 34 30 24 31 19 34 21 30 28 26 26 29 25 30 36 23 29 38 33 32 29 24 28 21 32 32 31 50 27 22 35 20 29 30 38 29 29 20 34 24 36 40 26 44 23 28 30 40 34 33 31 32 29 29 35 35 27 30 31 18 38 31 34 38 24 34 17 30 24 27 28 36 41 26 31 30 39 28 32 28 36 30 38 39 24 37 41 28 28 33 25 29 32 34 42 36 27 41 33 29 30 26 24 34 17 28 24 29 41 35 27 23 34 33 33 30 29 31 46 22 30 14 39 29 34 33 30 31 25 43 16 27 14 28 32 22 22 9 34 11 32 32 26 26 34 17 26 29 32 28 31 29 37 30 34 23 27 31 40 20 38 38 33 39 16 33 23 45 41 30 29 25 33 31 37 23 33 22 32 36 25 26 24 30 28 31 41 33 37 31 23 22 46 35 31 22 13 24 45 30 16 30 35 34 28 38 26 31 34 33 23 11 40 32 29 35 31 35 25 42 16 26 28 48 29 41 29 30 43 31 20 20 32 38 28 33 31 28 23 30 31 30 31 15 35 27 29 44 33 27 28 37 16 33 18 27 33 28 25 39 35 23 35 33 29 34 25 17 19 39 30 41 29 18 33 7 30 32 37 42 25 38 33 38 24 31 26 32 26 32 46 20 41 39 33 37 30 27 16 15 41 37 30 33 34 27 28 18 26 33 34 27 29 12 26 16 35 46 28 26 35 37 38 34 27 22 22 33 27 32 25 27 26 29 29 28 24 25 32 28 16 29 32 31 31 45 42 30 32 33 27 5 29 26 44 26 27 23 34 35 32 29 19 42 24 30 37 20 31 21 9 
33 30 41 31 34 38 37 30 33 23 0 36 35 33 47 34 43 30 27 38 30 36 32 31 36 37 43 23 33 34 34 18 37 24 33 38 33 30 26 30 33 37 36 36 46 26 40 39 39 30 35 36 32 41 42 32 35 32 30 46 26 24 33 34 33 35 36 32 21 28 29 29 44 39 41 29 29 28 47 31 42 30 29 41 27 47 42 32 36 28 26 27 30 33 43 30 38 34 32 28 30 40 47 39 34 30 17 40 36 36 42 17 21 36 44 16 27 34 8 38 35 19 40 33 28 37 42 25 32 35 16 34 23 25 41 36 21 38 33 45 32 21 44 33 34 30 42 37 41 28 19 36 44 40 38 26 51 39 24 40 34 34 42 28 35 36 35 36 30 35 41 23 53 37 31 27 43 24 35 37 28 38 30 30 32 23 19 41 19 44 32 32 35 27 28 23 35 31 23 26 28 52 28 34 32 38 37 31 40 38 39 39 42 40 31 30 35 31 40 31 31 34 40 43 33 36 43 31 31 25 31 32 26 18 17 30 25 37 30 22 32 49 30 37 39 35 35 51 37 36 32 41 28 43 43 31 42 20 45 31 33 37 34 35 31 38 32 39 34 38 46 22 36 32 28 28 18 33 40 35 36 26 32 37 41 39 36 32 35 44 37 33 42 24 16 31 27 30 28 40 24 34 20 38 27 29 30 43 39 35 37 20 45 35 29 42 34 39 26 29 39 47 44 32 30 30 37 41 26 34 25 36 29 37 38 12 41 48 22 37 28 37 32 21 39 28 34 40 48 30 36 27 41 32 39 23 28 42 41 30 32 38 36 33 40 30 37 29 42 42 26 32 31 34 37 35 45 35 24 31 36 33 30 26 30 29 28 36 51 35 42 35 32 40 41 37 31 15 32 38 43 41 33 37 30 25 40 34 56 29 35 41 40 41 32 32 31 26 30 48 34 47 18 25 42 41 33 35 29 42 39 39 24 40 39 43 24 31 31 43 32 34 35 39 34 33 48 33 27 36 37 32 43 33 23 34 22 31 35 39 31 32 48 28 23 27 28 31 45 31 29 32 23 26 43 42 40 11 30 33 28 38 24 39 28 31 25 49 26 32 24 33 37 40 35 31 43 30 19 32 
20 26 27 27 24 29 18 29 24 7 34 0 21 21 36 23 35 14 23 27 15 20 16 15 39 21 33 30 28 18 30 25 32 31 29 22 19 14 22 22 29 39 20 27 37 22 24 31 43 19 25 34 24 28 40 33 29 18 35 30 30 11 23 18 27 27 32 28 28 20 28 23 37 28 27 14 25 12 34 16 27 20 27 25 19 28 29 27 27 20 13 34 24 17 48 20 22 30 20 18 18 31 34 38 28 30 24 28 28 25 26 22 5 29 33 22 12 29 34 30 29 26 30 17 26 23 37 19 27 31 23 25 30 21 26 20 27 27 21 31 26 31 27 31 18 26 25 33 26 25 20 21 28 24 19 27 39 30 14 24 27 19 21 27 25 24 24 26 22 23 30 21 38 27 18 11 33 12 24 26 13 30 14 23 35 33 3 30 15 34 18 35 19 25 12 19 25 31 31 32 24 35 18 19 28 35 27 27 22 26 23 3 26 28 26 14 31 24 26 26 20 26 21 27 25 32 21 28 23 19 22 25 10 24 24 31 33 26 33 23 28 33 22 10 23 21 26 41 25 28 21 27 29 30 35 27 33 27 22 23 22 21 30 19 27 17 16 30 18 31 20 31 27 29 20 1 19 17 32 23 31 33 37 33 27 34 20 16 27 34 25 25 33 18 24 23 33 33 23 27 28 30 4 29 30 38 24 26 41 19 27 30 29 30 23 38 16 36 27 30 27 32 32 27 20 18 28 42 35 23 24 31 36 23 32 19 25 30 6 27 18 31 17 27 31 12 22 31 32 23 20 24 43 18 42 7 24 33 22 27 16 34 30 19 27 14 21 25 26 30 11 20 21 18 29 19 33 22 16 22 34 18 35 20 18 28 22 23 35 31 30 25 16 24 25 16 24 25 27 26 20 30 25 23 14 25 28 19 49 31 34 27 30 26 16 28 27 22 25 25 18 40 28 21 40 37 28 23 22 37 28 29 24 34 23 30 20 22 34 31 16 18 19 29 22 26 37 35 23 20 21 16 33 28 19 21 6 11 26 29 34 13 14 19 24 31 19 19 33 23 25 24 19 33 34 41 29 21 24 27 12 23 27 34 24 15 17 36 20 19 31 5 31 26 21 19 27 14 20 16 
28 18 20 34 19 27 28 32 37 31 34 26 0 29 29 32 25 23 28 31 17 32 25 29 39 30 13 25 34 21 22 38 34 32 22 40 32 32 28 28 32 39 35 19 31 28 23 39 39 30 21 19 32 37 41 33 29 31 33 36 39 24 23 33 33 42 25 33 21 12 29 21 38 39 23 16 32 28 42 31 24 12 31 28 11 28 26 27 30 29 20 30 26 31 46 34 33 37 24 16 26 41 39 39 29 30 32 33 18 29 35 21 29 35 19 23 14 34 27 30 18 21 38 25 11 17 32 25 33 35 27 27 33 28 28 23 23 31 25 28 24 36 9 16 37 33 40 36 31 30 32 23 36 21 28 36 49 27 21 40 23 21 30 31 22 27 12 28 30 37 36 23 46 18 17 29 35 26 28 37 28 32 32 27 36 38 29 27 22 33 24 34 35 23 26 26 32 34 28 27 32 42 25 30 26 39 23 31 29 25 26 29 38 28 33 38 27 24 35 24 34 27 31 24 33 22 38 33 28 28 33 23 13 26 35 23 31 40 33 27 32 33 30 33 29 22 19 35 27 18 23 34 29 29 33 29 27 28 40 32 27 31 37 37 34 37 25 40 24 32 43 34 29 30 28 24 34 35 23 16 26 28 33 34 29 42 35 39 19 33 34 26 37 24 18 26 37 32 29 21 34 37 28 36 31 32 25 33 35 30 25 26 29 25 30 44 32 36 28 22 27 38 30 32 30 12 23 33 19 30 27 39 32 23 32 27 29 42 9 15 10 32 19 28 39 32 21 33 42 28 38 27 43 11 40 21 17 44 31 19 27 32 31 30 41 30 27 29 22 36 26 30 28 26 27 25 36 15 24 24 37 31 32 26 9 28 22 37 44 38 24 40 32 41 32 27 29 30 35 5 38 28 17 25 24 29 24 20 52 24 33 33 32 24 24 35 27 31 31 37 19 41 33 29 25 29 26 27 30 23 39 25 26 35 26 27 27 25 29 38 31 33 26 22 25 34 23 35 30 17 35 30 15 15 26 20 30 28 25 24 34 28 40 30 36 23 18 33 32 15 32 25 27 31 45 47 27 26 25 25 22 25 25 45 26 32 31 33 21 33 29 31 38 26 34 28 34 30 20 24 
23 19 24 28 20 24 17 29 24 18 29 21 17 0 30 7 26 24 7 24 20 10 26 21 31 28 27 24 23 15 23 33 25 19 15 30 22 22 6 26 21 33 27 16 32 20 30 30 28 7 26 25 26 31 30 22 27 22 31 40 30 14 15 21 25 32 23 24 21 13 21 17 27 16 25 19 9 25 37 13 20 13 11 16 12 27 27 12 23 13 16 22 14 13 38 19 26 14 20 11 11 23 27 32 29 27 11 20 20 26 26 17 20 32 30 20 17 34 21 15 22 16 22 20 24 28 21 17 24 20 16 21 17 5 25 29 24 25 20 12 15 11 16 24 9 27 24 25 28 21 10 26 31 25 18 17 36 24 19 24 20 18 17 25 26 15 20 29 10 28 36 26 38 25 21 22 28 25 21 17 18 22 21 25 22 13 18 23 16 24 29 24 26 10 26 3 26 32 13 16 22 27 19 24 24 26 28 26 15 26 30 24 29 19 23 29 24 16 23 21 17 21 20 35 24 16 32 30 15 20 18 16 25 20 20 20 15 27 25 13 14 24 28 27 22 15 23 32 16 22 17 25 18 27 24 23 29 15 35 16 13 14 14 18 14 8 9 26 21 18 24 12 23 26 27 21 21 24 28 17 15 23 22 20 25 21 17 30 20 31 33 19 25 16 19 23 35 33 20 25 14 30 19 23 9 22 12 18 33 27 26 10 20 14 21 35 24 27 25 19 12 42 35 32 19 13 24 32 16 8 28 25 24 17 28 12 17 41 21 23 11 32 22 25 27 27 27 11 28 8 28 22 37 15 27 22 16 30 18 20 12 18 31 15 32 27 20 23 22 26 16 17 7 21 27 15 30 19 24 21 24 2 25 18 14 20 18 25 31 27 9 27 25 15 20 12 9 5 32 22 33 27 18 22 7 20 28 24 34 16 28 21 28 10 28 12 19 18 22 38 12 27 26 19 31 30 23 2 24 30 25 30 20 20 19 28 4 18 25 20 19 21 4 26 19 23 34 28 24 21 29 27 22 23 20 17 21 13 29 19 21 12 27 29 14 22 22 24 18 16 21 18 17 21 31 34 22 19 25 16 18 26 12 31 12 23 15 34 21 23 19 13 29 11 30 27 12 24 14 19 
28 29 36 38 33 41 35 37 15 30 30 42 29 35 0 28 35 34 30 34 33 26 12 33 40 17 29 30 37 33 33 39 37 33 36 43 28 37 33 19 33 44 27 38 40 32 29 28 40 24 32 41 21 33 45 36 27 27 32 26 39 34 23 9 20 31 33 28 29 26 16 33 33 33 30 28 34 35 39 25 23 31 36 31 25 42 40 30 31 33 30 40 29 29 56 27 41 41 39 19 33 36 45 35 35 26 31 36 35 16 22 28 28 43 42 24 30 41 30 33 32 30 35 18 35 35 35 24 32 24 27 31 37 32 22 29 28 35 33 27 30 42 38 30 14 37 38 33 25 35 37 29 29 20 36 34 35 35 35 31 37 29 35 24 21 30 30 34 36 42 26 30 45 38 28 34 36 35 31 12 34 26 21 29 43 44 26 26 26 37 14 39 15 34 24 30 31 33 27 30 20 36 35 35 30 36 34 32 27 30 31 41 34 34 22 10 37 24 22 25 29 22 38 40 22 27 44 35 20 29 22 31 29 25 24 24 30 39 36 24 28 29 19 27 26 28 27 47 29 28 28 29 32 39 39 29 37 36 27 36 31 34 41 27 30 13 31 30 26 39 37 24 23 34 17 18 22 24 37 32 30 37 36 35 36 36 39 35 33 40 39 32 30 32 23 30 39 37 32 34 25 40 27 40 40 39 33 27 47 28 31 31 25 29 33 48 34 32 34 23 30 28 37 39 31 28 28 43 28 20 32 38 42 28 34 30 28 35 25 33 29 38 33 29 28 26 41 34 40 24 41 28 48 27 42 30 33 45 29 30 16 45 37 27 39 26 24 30 38 34 32 16 23 30 33 15 31 31 13 28 34 35 40 25 32 34 34 36 35 40 33 31 19 20 25 30 25 36 39 34 25 39 31 33 29 22 35 26 50 28 44 39 33 25 28 39 28 34 34 30 28 48 39 17 37 42 27 26 23 40 37 36 31 30 23 34 31 31 39 36 36 37 20 32 29 34 46 43 34 16 33 39 32 25 25 14 2 37 36 37 36 30 43 31 32 33 29 38 36 29 34 31 15 39 36 45 26 32 31 31 32 25 32 43 36 21 29 37 27 32 37 23 33 29 40 40 28 30 23 36 
42 38 42 34 27 43 28 40 30 38 28 33 27 33 42 0 40 30 23 37 31 22 28 44 45 29 27 29 33 28 42 28 37 36 32 25 24 41 34 32 33 40 33 39 45 25 27 41 40 20 38 31 34 48 41 32 27 37 38 45 28 33 31 24 37 42 29 31 25 32 33 30 42 29 38 22 35 31 50 36 32 32 35 35 31 38 29 29 35 36 26 36 36 25 52 20 38 42 32 31 34 36 38 33 41 24 25 36 37 26 34 25 36 38 39 31 28 32 36 29 30 35 20 31 23 39 14 17 19 33 33 35 31 33 33 35 32 39 31 37 33 35 36 28 29 33 35 37 36 33 38 24 39 37 29 45 53 40 34 37 39 28 34 30 34 39 39 34 21 35 52 34 47 43 32 39 42 24 34 37 34 34 27 33 38 44 34 35 33 19 44 34 39 32 24 31 38 39 33 35 33 40 31 33 31 43 40 36 32 40 37 36 31 34 33 42 47 30 34 29 36 26 31 36 35 41 50 33 39 28 30 32 25 33 32 28 42 39 39 25 33 44 32 23 34 28 23 47 9 29 34 33 37 40 40 30 39 32 42 39 26 34 34 31 26 28 32 38 35 34 33 36 37 37 30 14 33 30 39 32 8 42 41 36 38 41 21 47 22 44 37 32 45 28 33 23 43 32 30 41 38 46 35 39 42 15 29 35 44 40 32 37 40 7 38 32 35 47 41 27 26 47 35 30 29 32 36 44 33 20 36 39 38 36 35 33 10 50 21 39 30 44 33 36 39 37 33 38 33 31 23 32 52 33 49 19 33 43 35 22 24 43 42 25 45 33 32 23 34 34 32 34 19 30 34 13 41 34 26 32 41 30 39 18 31 38 25 39 43 34 36 39 35 35 40 29 32 36 43 25 40 46 37 32 30 34 40 36 54 39 21 30 40 38 28 40 36 30 17 45 24 43 39 37 37 38 31 34 30 40 44 41 37 28 31 30 32 34 36 31 22 19 16 34 32 36 43 42 30 33 33 28 42 30 35 10 34 38 38 41 17 23 38 29 39 38 33 31 32 35 28 31 35 35 40 45 34 32 37 34 28 26 34 50 36 31 30 36 33 35 33 38 37 28 42 31 24 31 28 30 
19 25 28 28 23 30 28 28 23 6 33 29 31 20 37 22 0 13 22 26 16 19 15 14 40 20 32 31 37 17 29 24 33 30 28 21 18 13 21 21 29 38 19 26 36 23 23 30 42 18 26 33 23 41 40 32 28 17 34 29 29 10 23 17 26 26 36 27 29 19 27 24 36 27 26 15 24 11 33 17 26 19 26 24 18 40 28 26 28 19 21 33 23 16 47 19 25 29 19 17 17 30 33 37 29 29 25 27 29 24 25 21 4 30 34 25 13 28 33 29 28 27 29 16 25 35 36 18 27 30 24 30 31 20 25 19 28 26 24 30 27 30 36 30 22 27 37 33 25 24 19 22 27 23 28 26 38 32 15 23 26 20 31 26 24 23 26 27 23 22 29 22 37 28 17 10 34 11 25 25 14 32 13 25 34 32 27 29 16 33 17 36 18 25 11 18 26 30 30 31 23 39 19 20 27 34 28 27 29 25 22 32 25 29 25 13 32 24 25 25 21 25 31 30 24 31 38 27 22 20 25 27 9 23 27 20 32 44 34 22 29 36 21 32 22 22 30 42 26 29 20 32 28 29 34 26 34 26 35 22 23 20 29 18 28 21 15 33 17 30 33 30 29 29 19 23 18 16 33 24 30 34 36 32 26 33 19 15 26 33 24 26 32 17 25 22 35 34 24 26 27 31 3 28 29 37 23 30 40 18 26 29 33 29 22 39 17 38 28 29 26 31 31 26 19 17 27 41 34 22 23 32 35 28 31 20 24 37 5 29 17 32 18 30 30 11 21 30 31 22 19 23 46 19 42 6 25 32 32 26 19 33 31 29 26 13 27 24 25 35 12 19 21 17 28 18 32 23 15 28 37 17 36 19 28 29 21 22 38 30 29 34 15 28 28 26 23 24 38 30 33 31 24 24 13 24 27 20 48 30 33 26 31 25 15 27 31 21 26 38 17 39 27 20 39 36 27 22 21 36 29 30 33 33 26 29 19 23 35 30 15 17 18 28 21 25 38 34 24 19 20 15 34 27 20 20 5 33 25 30 33 25 35 18 23 30 18 18 32 22 24 25 18 32 33 43 29 20 25 28 11 24 27 35 23 29 16 35 21 18 30 25 36 25 29 18 26 13 19 15 
36 30 30 35 33 34 15 32 24 28 38 36 23 28 32 21 34 0 29 27 29 19 32 35 42 28 25 28 41 30 34 44 34 33 29 32 30 35 28 29 30 41 38 31 33 30 27 40 37 17 27 34 29 42 31 40 33 29 39 46 37 27 10 25 13 33 26 22 19 19 27 30 45 26 30 28 26 23 46 34 29 24 26 24 18 30 33 26 23 27 23 33 24 22 49 25 35 36 29 24 25 30 20 31 26 34 32 37 25 29 42 8 26 41 42 31 26 38 25 26 33 17 28 23 26 31 35 23 31 17 14 27 38 27 33 32 26 31 23 34 23 36 32 31 21 34 27 34 36 30 32 35 31 37 21 39 50 34 22 36 30 22 28 26 33 36 26 39 17 32 34 28 33 35 4 32 23 21 24 27 31 19 32 14 29 38 28 31 23 40 36 35 34 32 21 25 33 37 33 36 29 31 26 20 22 40 29 40 18 12 42 39 34 20 36 35 39 11 33 36 36 25 18 33 34 20 35 39 15 26 27 16 22 24 26 35 34 36 36 29 29 35 31 20 31 29 20 44 29 37 21 32 36 35 44 21 29 29 36 30 31 28 36 28 23 29 23 35 31 38 30 28 16 23 30 11 27 35 32 19 29 24 40 39 30 32 27 37 26 39 34 33 35 22 21 29 24 35 36 31 35 38 25 40 27 36 26 22 30 32 36 29 36 28 31 45 26 43 35 34 23 48 31 36 26 24 30 41 31 17 27 36 35 21 41 27 31 44 18 29 22 35 26 36 36 33 31 37 41 29 40 36 41 27 41 16 20 40 29 31 21 34 34 26 38 25 29 22 31 37 29 31 16 19 38 28 44 25 27 24 38 24 36 24 25 19 31 32 39 25 32 36 37 27 40 23 30 30 35 28 34 40 24 26 21 31 34 27 55 33 20 35 38 18 27 31 23 27 32 39 21 47 33 33 40 35 38 30 28 45 44 31 29 39 28 27 26 18 22 42 23 25 13 32 23 42 46 39 31 33 27 25 37 34 27 7 27 28 12 30 34 15 43 30 36 30 5 28 29 22 19 32 31 32 41 43 30 26 28 24 19 32 26 48 30 34 34 33 24 28 30 30 35 25 33 28 21 22 27 22 
39 32 26 36 25 26 34 38 32 21 38 34 22 27 35 29 31 30 0 26 21 26 29 26 41 36 22 31 20 23 36 37 30 31 36 44 37 36 33 34 32 45 35 33 37 25 26 40 41 25 39 32 38 38 47 37 34 36 39 41 29 30 21 26 37 39 31 34 25 26 33 25 37 20 28 25 36 32 37 15 30 26 37 43 25 41 30 28 25 26 30 38 31 23 54 35 32 40 33 16 24 37 45 25 38 34 32 13 23 31 20 21 26 31 32 22 23 40 32 25 29 23 39 31 24 33 42 29 20 38 20 29 37 32 19 41 29 33 33 34 28 36 31 27 31 35 41 36 22 29 37 32 39 18 34 37 55 41 28 39 22 29 33 31 19 37 33 34 31 36 47 27 44 29 23 36 34 33 23 38 34 34 29 33 41 34 37 26 28 43 38 40 36 27 21 30 39 40 10 13 36 42 32 28 34 38 41 30 29 31 34 31 32 36 38 35 41 22 33 23 19 32 31 40 34 27 37 34 29 29 34 18 31 27 36 22 37 49 39 35 30 33 33 38 38 22 25 43 24 24 28 39 33 35 21 33 31 34 37 29 21 15 11 22 30 30 22 42 23 11 30 37 31 28 33 29 23 32 34 22 36 30 19 13 29 41 28 37 23 31 33 26 42 28 24 35 42 38 22 27 35 41 34 34 33 41 31 33 35 31 33 32 42 35 32 41 27 47 32 21 28 43 34 38 24 26 32 36 28 24 33 30 40 28 36 27 35 45 27 36 24 35 28 27 40 23 32 32 35 29 42 26 46 17 44 28 23 34 25 28 28 38 36 20 36 34 36 33 31 41 32 36 23 27 35 8 41 21 30 26 36 29 41 30 30 38 26 26 39 37 36 43 27 37 35 28 30 30 37 26 35 29 31 33 20 36 30 33 52 21 39 37 36 37 27 37 32 28 18 40 27 20 33 33 35 39 25 29 31 33 27 43 32 14 35 31 31 20 27 33 24 26 20 30 27 20 36 38 32 23 39 37 34 25 32 25 27 39 31 28 41 33 40 24 36 34 24 32 34 29 31 25 31 37 25 50 24 26 34 29 26 23 29 33 30 32 20 37 30 35 35 39 41 27 41 37 27 23 24 30 
35 47 43 44 42 46 43 35 47 43 31 40 35 42 37 39 45 46 38 0 32 46 45 44 28 47 48 42 40 38 51 28 49 33 42 33 49 34 39 43 46 56 51 48 56 39 35 36 52 38 42 48 45 45 49 48 54 52 45 44 45 26 39 43 43 47 45 36 41 35 42 31 50 47 50 31 42 48 49 33 44 41 38 51 34 53 46 30 39 41 31 37 44 36 53 37 42 40 45 34 39 44 54 49 45 40 37 50 48 41 55 40 41 43 50 24 29 55 39 33 47 43 41 38 40 43 52 44 36 44 40 39 43 38 43 49 40 43 40 38 34 52 44 45 47 43 50 50 40 42 43 38 46 20 38 46 64 47 31 51 46 30 35 47 21 41 42 43 39 49 49 32 57 44 39 47 44 39 31 42 30 44 46 32 34 54 43 37 32 53 45 39 45 33 39 36 42 46 43 46 42 46 35 36 42 46 44 46 33 35 51 43 40 38 38 47 48 39 41 33 37 30 46 50 46 49 53 43 38 27 41 34 46 44 43 44 43 41 22 41 41 35 43 50 46 38 39 51 42 38 41 37 44 39 52 41 45 45 39 44 39 42 47 49 44 47 37 49 47 47 56 53 41 44 38 41 37 44 47 39 46 50 52 49 47 52 45 41 39 43 47 42 48 44 35 50 36 37 32 44 46 47 40 46 51 42 45 37 51 44 49 38 49 45 48 55 46 56 34 43 30 46 43 53 37 38 24 53 54 33 30 43 39 26 42 36 48 47 42 45 39 48 34 29 52 41 48 35 54 40 40 42 45 34 47 34 36 61 28 48 42 51 47 33 58 50 44 38 45 44 28 45 38 36 46 36 45 38 37 36 44 44 40 45 32 37 32 47 40 45 51 45 45 53 46 30 41 46 40 40 37 47 40 34 35 35 47 36 66 39 48 39 19 50 36 45 38 36 34 42 41 56 49 39 46 55 35 44 39 56 45 46 38 50 45 47 37 36 43 51 41 43 40 51 43 41 54 29 40 40 41 43 48 35 36 37 39 40 44 46 44 38 54 47 47 36 37 45 36 38 39 41 37 36 59 55 26 42 41 35 33 25 32 51 36 43 44 48 37 43 34 45 16 29 43 43 48 42 38 37 
42 38 37 39 27 46 25 42 34 38 45 42 29 30 42 28 39 37 35 28 0 29 43 43 50 38 33 36 34 22 42 47 44 43 40 42 39 42 34 30 40 46 35 39 42 34 37 39 47 27 37 39 32 37 41 43 41 40 33 44 36 34 20 35 28 26 36 30 29 32 24 33 52 36 35 36 34 33 54 36 39 32 36 29 31 31 44 30 33 35 25 41 36 30 57 35 45 42 39 33 33 38 44 41 36 41 38 43 30 39 41 18 36 49 39 28 34 42 39 33 30 27 35 32 31 41 29 32 27 18 24 37 44 33 40 42 34 41 32 33 33 41 37 28 22 38 37 44 23 36 38 23 41 38 31 41 51 38 32 39 42 24 29 32 39 36 30 47 27 42 44 6 43 36 14 42 33 31 25 20 38 33 29 24 37 43 38 39 27 43 40 36 44 35 31 31 36 34 37 35 40 37 36 30 30 48 23 40 28 22 35 45 39 30 17 45 43 21 41 33 37 39 28 43 33 34 27 41 25 29 34 26 14 26 36 32 41 46 44 30 39 45 30 30 32 36 30 45 24 38 35 38 39 34 50 29 39 39 46 38 39 36 42 38 33 38 31 42 24 32 40 38 31 33 28 21 31 32 38 29 23 34 41 34 41 40 37 47 37 38 40 40 38 32 29 38 34 43 38 38 36 42 35 48 37 43 36 28 40 39 42 37 49 22 39 47 34 52 38 31 30 46 45 40 31 23 40 49 39 27 37 43 43 35 42 33 34 48 28 33 30 45 31 33 39 24 41 32 48 30 47 36 54 28 49 26 30 50 30 37 31 44 41 27 46 35 30 12 39 38 36 32 26 29 44 37 54 32 24 34 46 32 43 33 26 29 34 42 49 33 39 35 41 28 41 24 31 35 33 25 44 47 37 28 29 33 41 34 56 39 30 39 45 28 37 40 29 29 40 49 31 41 41 37 45 49 35 23 33 50 45 25 32 35 29 41 32 28 32 46 33 35 23 34 34 42 43 23 35 34 35 35 43 35 31 17 37 38 22 35 45 25 51 40 37 41 15 38 36 35 27 39 35 40 44 49 40 34 38 34 27 25 34 54 37 43 35 47 34 38 38 38 42 29 46 38 31 30 32 31 
20 25 20 29 19 21 21 26 26 19 28 22 12 24 29 9 34 25 25 20 13 0 28 28 35 29 25 25 25 26 29 28 27 28 23 27 26 19 24 25 23 39 25 27 28 24 25 34 29 5 16 15 27 32 33 34 33 30 27 36 26 11 16 20 18 38 24 14 25 24 14 22 29 14 27 12 18 24 34 18 22 24 25 24 23 30 27 7 27 23 16 26 21 3 42 14 16 32 15 11 21 22 35 27 20 24 24 31 27 27 36 21 17 31 31 19 10 24 30 10 30 23 25 23 23 29 23 26 23 18 20 28 27 23 24 32 23 32 20 15 25 28 21 28 22 28 34 27 24 11 28 19 30 21 23 35 33 31 16 29 17 17 12 28 16 18 24 24 24 18 38 19 34 24 17 18 29 22 17 19 15 24 19 23 21 30 25 23 17 28 26 19 30 24 22 21 16 28 23 26 19 23 9 21 14 32 18 33 10 24 29 25 26 15 30 26 33 17 18 28 22 30 24 35 28 25 29 31 25 18 28 24 22 21 30 28 20 32 29 25 18 32 25 28 23 21 23 32 18 27 26 37 30 24 30 13 33 24 34 26 24 25 29 16 29 24 22 36 18 27 24 29 21 34 23 19 21 22 24 16 17 30 32 20 23 24 22 28 23 25 28 25 33 28 18 32 33 32 23 21 27 32 17 37 32 24 21 14 41 25 22 15 30 16 23 36 18 37 27 27 7 38 25 22 14 22 15 40 31 10 21 20 28 26 32 19 19 38 18 24 22 31 15 24 34 24 17 29 29 24 25 29 43 11 30 17 17 28 13 26 23 21 30 10 30 26 21 25 12 21 13 25 12 24 24 22 38 15 19 26 30 26 34 27 9 27 23 24 38 17 33 37 24 28 23 7 25 22 35 17 32 32 29 19 20 28 23 19 47 34 30 16 28 31 26 30 15 8 25 37 2 36 25 16 21 36 30 23 26 32 30 20 15 30 30 28 22 24 33 36 18 20 25 29 21 26 30 36 25 17 19 25 27 24 21 19 18 26 25 25 26 26 36 28 31 31 18 14 13 27 11 24 14 30 32 24 21 18 24 26 18 20 18 36 22 27 27 34 20 20 28 22 34 6 34 22 33 14 21 22 
28 29 36 26 24 34 26 27 23 18 26 33 24 24 33 27 38 25 22 28 28 20 0 21 28 29 26 29 38 27 33 34 43 31 30 31 22 25 21 7 39 39 31 30 42 20 33 16 38 25 26 32 9 28 33 24 24 21 38 31 32 22 11 27 32 30 24 32 20 19 28 29 21 34 18 27 24 23 27 28 34 23 26 33 22 36 32 24 24 21 32 28 19 23 44 26 32 29 30 21 21 36 42 38 25 29 26 30 25 34 10 16 16 42 36 28 25 29 34 27 25 18 34 28 24 37 23 24 28 36 15 26 32 20 34 31 26 29 21 32 26 35 33 23 18 25 26 21 20 31 25 34 34 35 27 28 28 29 23 32 30 31 29 12 33 35 26 39 25 34 33 28 34 29 29 22 24 23 25 26 26 28 25 20 38 37 14 37 14 25 24 36 30 25 23 18 34 39 32 32 23 32 27 32 21 24 28 38 19 18 32 35 37 22 21 25 27 12 34 34 23 26 29 31 10 29 32 31 14 26 10 22 21 13 12 33 18 33 30 12 16 40 7 32 14 27 32 45 25 31 28 33 20 34 27 29 30 27 27 24 25 24 29 15 23 31 19 18 17 33 39 36 28 31 5 23 10 25 32 20 31 25 38 35 27 39 27 27 26 38 27 26 34 23 22 30 30 36 24 30 13 28 15 29 28 27 24 23 38 16 19 27 36 30 21 36 24 37 25 32 24 33 35 27 29 23 16 43 32 26 22 28 30 30 39 27 16 37 17 29 21 28 28 33 16 21 33 26 28 23 29 34 45 28 30 18 21 33 30 30 4 33 27 27 27 14 12 23 32 31 24 9 22 29 21 19 36 32 1 30 22 26 31 25 26 25 29 26 23 36 21 19 7 24 39 24 24 29 38 25 27 33 24 26 17 10 33 28 49 16 33 33 38 27 16 27 23 27 26 32 22 42 33 20 38 36 33 26 30 28 31 30 30 34 11 29 19 19 30 30 25 25 22 20 30 34 40 34 22 31 32 27 20 28 15 24 17 25 37 34 24 21 37 19 23 30 30 30 30 22 30 25 18 27 40 37 31 26 21 27 23 27 27 44 27 37 17 28 25 22 25 28 36 23 30 30 30 25 11 27 
33 19 39 29 35 43 30 33 32 30 23 23 32 38 35 31 40 24 25 34 33 25 24 0 39 28 29 21 32 12 23 33 35 30 31 44 36 37 24 26 31 42 34 34 43 24 33 40 36 30 35 27 33 36 33 29 33 35 28 48 24 29 31 33 31 40 23 35 19 28 27 14 33 39 32 25 27 25 47 31 31 28 27 42 27 30 25 30 33 31 28 30 22 28 46 34 21 32 37 17 35 32 40 40 31 31 22 38 27 34 34 22 28 41 21 21 30 30 31 35 18 24 32 28 19 36 37 23 15 35 21 24 26 23 33 39 26 28 22 33 17 26 41 16 32 28 37 26 11 33 28 35 39 43 26 31 34 32 29 37 39 29 37 22 29 36 35 35 23 34 39 28 51 22 25 32 43 29 37 36 33 29 28 24 37 28 26 33 17 40 30 37 28 16 26 21 28 29 28 31 25 36 33 31 33 32 37 29 27 33 23 20 27 28 36 36 33 31 33 36 8 35 20 38 34 31 39 29 23 19 27 26 33 16 29 35 28 42 33 27 19 37 31 33 29 12 17 43 22 16 21 39 29 24 36 32 27 26 37 34 10 36 32 39 29 37 34 35 10 36 32 27 26 31 29 24 19 31 27 22 31 31 37 38 23 44 35 39 18 28 36 16 45 22 21 15 32 35 11 37 29 32 27 29 32 33 23 31 42 25 28 23 43 30 30 40 31 40 30 34 32 50 41 28 20 24 26 31 31 28 30 19 32 32 25 17 31 46 29 34 26 34 19 26 40 12 29 40 25 16 43 25 46 33 33 26 22 46 38 20 28 36 33 35 32 27 27 29 37 40 31 28 28 19 30 31 36 37 25 29 30 32 33 24 34 29 15 34 41 38 38 36 16 38 41 32 17 20 37 21 40 18 33 33 32 28 40 22 42 37 31 38 41 39 29 30 32 29 13 45 27 45 23 22 33 34 38 31 32 31 16 32 29 38 26 26 22 28 34 38 31 33 29 22 16 38 25 28 25 39 39 34 23 30 21 23 28 28 33 33 32 25 31 32 25 33 26 36 36 31 32 15 20 29 48 49 34 16 27 18 30 29 18 29 22 33 2 32 23 30 27 28 42 31 36 36 37 27 20 27 
30 24 19 36 18 33 27 31 34 30 36 24 26 21 28 23 41 29 27 31 25 21 31 28 0 31 37 22 33 13 28 40 35 23 28 5 37 29 27 31 31 38 38 25 37 27 7 8 39 19 37 35 37 27 34 30 31 36 29 35 24 21 22 28 32 41 28 33 24 18 32 15 34 28 33 26 30 26 44 27 23 18 28 35 17 40 32 28 26 28 25 35 25 24 51 32 33 22 32 18 18 41 45 41 32 32 23 22 28 35 41 20 28 36 44 22 24 33 31 28 19 25 31 32 27 37 37 21 27 31 22 25 27 26 36 34 22 29 23 27 18 27 35 17 30 35 37 27 12 29 31 33 28 20 31 28 49 29 26 41 29 29 33 23 21 30 25 34 29 35 31 24 45 36 16 34 35 24 28 30 25 30 37 17 38 29 27 26 26 37 32 33 29 17 24 24 36 30 27 26 26 34 30 31 31 33 39 30 21 24 24 27 39 29 32 37 33 23 36 30 31 27 21 23 38 32 40 28 26 12 23 19 20 25 25 29 29 38 37 28 31 35 35 22 30 13 22 46 23 32 22 34 26 25 39 32 28 31 21 31 11 34 35 30 25 29 24 31 30 38 32 28 27 29 33 13 26 38 35 15 31 32 32 38 19 42 30 39 25 29 19 17 43 27 17 27 25 31 23 20 30 35 27 30 30 19 28 25 36 21 31 24 35 30 36 32 32 40 31 28 25 37 15 31 33 18 29 43 32 19 26 38 37 23 26 18 28 29 20 28 16 35 20 27 38 13 34 21 26 27 35 26 42 10 34 19 16 42 34 25 23 31 34 31 41 28 28 27 33 38 23 30 18 20 33 24 37 14 29 30 31 23 34 22 30 22 16 35 34 37 30 32 30 36 35 28 28 21 38 31 19 26 23 33 28 33 23 23 42 30 25 35 41 30 8 32 26 29 25 24 23 47 24 23 41 35 32 23 34 31 39 33 25 39 27 33 25 21 28 39 26 28 15 23 17 33 48 37 32 16 33 28 23 31 30 9 29 29 24 30 21 25 37 29 26 26 17 31 31 21 31 16 21 34 44 45 26 17 28 19 27 25 19 39 23 34 30 37 24 31 32 29 38 27 22 31 23 28 26 31 
32 35 19 32 16 30 27 21 32 24 39 27 21 29 28 28 33 28 27 19 27 26 28 32 39 0 23 24 20 16 32 37 39 28 28 37 29 31 27 30 35 38 21 29 37 27 12 38 35 24 31 31 37 40 40 25 31 35 15 33 28 23 8 30 29 31 27 26 17 24 25 18 37 33 30 26 30 29 44 8 23 32 24 36 23 34 29 19 19 28 30 34 26 25 50 23 25 27 24 16 26 33 43 36 28 35 26 27 31 29 38 13 22 31 25 20 24 33 36 22 15 15 25 22 23 31 19 21 19 33 12 27 30 26 5 33 22 31 26 27 21 30 30 13 33 31 39 30 8 20 31 12 33 20 30 33 48 36 20 31 26 29 24 26 21 28 31 34 26 27 37 24 31 33 16 27 21 29 16 25 27 32 29 26 39 32 20 26 20 35 25 31 32 20 7 24 31 16 10 13 29 29 24 32 32 36 33 33 16 24 20 24 31 25 32 31 36 9 5 21 12 32 24 28 34 35 37 33 26 23 16 21 27 19 18 33 30 39 33 24 23 35 31 27 26 16 21 36 14 20 25 39 21 28 39 31 24 29 39 31 14 17 35 31 30 32 24 24 25 36 37 31 29 28 29 18 19 32 30 15 13 22 19 29 23 37 32 33 22 32 24 20 45 20 17 27 36 31 15 20 31 35 21 33 25 36 26 20 35 25 31 25 41 12 30 37 29 40 27 32 19 35 20 31 26 25 22 35 29 22 26 23 36 28 29 21 28 46 23 30 30 31 16 25 40 9 26 26 29 27 37 29 42 10 37 24 16 43 25 27 28 31 23 22 32 31 24 20 32 33 25 32 23 13 33 24 40 14 29 24 34 29 35 22 21 31 19 28 39 35 27 25 20 37 33 19 28 24 35 25 37 22 29 33 26 32 23 19 47 29 32 28 34 30 13 25 21 26 17 42 28 45 27 26 37 32 23 26 27 35 20 29 16 33 23 30 25 14 27 19 28 30 20 19 16 20 29 38 28 16 31 33 27 23 24 14 23 21 24 21 36 27 26 29 22 31 17 23 25 27 29 19 24 31 39 43 26 20 24 22 24 14 22 26 23 32 29 36 20 30 31 32 33 18 27 34 28 31 20 28 
30 25 29 31 14 18 29 27 26 22 21 29 22 20 38 24 34 22 23 29 4 24 31 27 28 26 0 20 29 26 29 32 21 28 29 33 28 29 23 21 31 34 30 26 33 28 22 27 35 20 20 32 23 36 30 35 31 27 31 31 31 21 21 30 29 30 21 29 17 19 25 22 26 29 28 3 26 27 37 18 32 19 25 28 18 35 33 17 28 19 9 28 23 18 44 24 20 31 21 17 17 34 26 26 19 17 19 29 29 16 37 19 20 22 35 18 1 30 29 20 25 8 31 16 24 18 33 21 29 22 18 14 25 22 15 27 18 18 18 25 24 31 31 23 26 30 31 31 18 25 27 10 27 26 16 34 42 33 20 34 26 8 22 23 20 28 26 15 27 24 35 10 44 33 18 26 22 13 26 24 25 19 24 19 34 33 24 35 21 33 23 29 34 24 13 20 20 30 33 22 29 33 13 27 29 34 22 29 20 26 30 32 30 25 21 29 34 22 28 22 22 31 32 25 21 33 28 36 17 26 20 21 18 23 22 21 26 42 22 18 25 25 18 30 24 26 15 36 27 27 20 27 31 28 36 28 34 24 38 22 24 20 31 26 25 25 15 28 27 28 38 31 16 31 19 25 23 27 34 25 27 15 28 30 29 30 32 31 26 28 26 30 42 20 13 27 29 27 25 30 21 32 19 25 18 33 21 24 38 30 28 21 21 26 32 32 33 28 28 20 17 33 29 28 24 19 25 42 6 20 22 30 30 30 28 14 26 29 21 29 17 22 6 23 27 19 23 31 33 22 32 25 38 20 27 8 26 39 23 26 14 25 21 20 38 25 22 16 9 31 23 23 16 19 30 29 31 24 15 11 32 19 31 22 19 24 23 27 31 32 29 29 30 32 33 17 23 25 22 24 36 32 24 12 13 21 29 26 48 30 34 26 19 27 23 29 25 23 27 24 6 37 29 26 34 30 24 22 21 38 30 24 21 31 21 27 21 23 30 29 28 30 18 29 22 29 39 27 27 26 22 17 31 24 25 21 21 30 26 31 32 29 35 25 31 30 19 20 23 22 26 29 24 27 32 42 25 22 15 25 11 12 24 36 28 21 23 33 11 23 25 25 25 16 33 20 26 29 22 15 
34 24 34 35 25 29 25 36 36 29 39 40 34 19 37 20 42 33 26 28 25 23 31 26 45 37 33 0 30 34 28 36 38 34 10 33 32 37 25 35 34 41 26 25 36 27 35 42 41 16 38 38 34 46 35 36 29 31 36 43 36 31 32 30 25 27 32 22 27 18 21 33 40 25 23 27 26 33 48 32 33 18 6 35 17 35 32 9 18 18 8 37 12 14 46 26 39 33 25 16 16 30 35 29 39 35 24 38 18 34 40 23 36 35 47 23 32 35 27 30 27 25 17 15 31 36 34 22 27 29 22 19 30 24 39 26 28 23 28 31 27 28 35 26 28 34 32 36 35 22 29 33 26 35 26 36 42 22 27 19 25 24 34 38 34 30 25 36 18 29 41 30 33 32 27 17 37 25 25 36 35 24 20 18 29 30 35 31 23 30 32 31 38 29 25 22 35 29 30 33 27 45 31 32 22 35 40 34 32 27 30 43 34 25 18 42 33 25 38 30 34 27 28 43 38 22 39 28 30 29 31 11 39 22 33 29 22 42 40 31 9 39 36 36 25 34 31 38 27 35 19 34 32 42 38 21 24 30 43 21 32 19 33 25 27 27 14 39 26 37 35 29 21 21 22 27 27 23 36 26 23 32 35 31 28 32 32 42 25 42 38 30 37 21 23 28 28 29 33 33 30 38 36 42 28 35 27 36 28 30 31 17 35 27 31 37 26 42 33 28 27 45 43 33 24 18 25 46 33 21 31 36 39 23 39 19 21 39 37 28 16 30 34 28 40 36 28 30 30 21 31 30 43 33 41 20 27 39 34 25 25 37 40 32 39 35 23 28 23 36 33 33 20 29 32 24 49 25 30 29 38 21 38 23 31 23 33 29 36 25 28 40 38 34 35 29 22 22 39 33 42 34 23 27 12 34 34 34 47 23 33 18 41 29 31 29 27 16 25 47 25 46 25 24 42 35 28 21 20 43 42 38 31 34 30 32 23 13 20 37 28 30 17 25 21 40 38 33 31 38 18 13 35 32 23 27 34 32 35 30 22 20 34 34 33 29 28 25 33 21 19 29 22 36 43 47 35 18 36 22 10 24 26 49 30 32 28 38 32 25 34 24 38 28 35 32 25 22 26 14 
34 29 40 39 24 38 33 31 32 34 40 29 29 34 38 29 36 35 35 19 28 20 34 17 39 39 24 24 0 29 25 43 40 41 33 41 37 33 34 37 36 38 34 30 41 16 34 46 43 25 32 22 38 41 40 36 34 36 37 41 19 25 16 36 35 39 34 34 25 23 31 23 34 34 28 27 37 27 48 29 39 23 30 41 22 27 25 27 30 33 23 32 17 23 48 31 31 42 32 24 31 27 43 44 28 41 31 26 23 38 44 21 32 37 18 28 25 36 32 5 21 23 33 30 14 40 27 29 10 36 20 24 35 33 39 39 22 28 32 35 26 35 38 19 37 38 39 40 28 28 38 20 32 36 30 17 51 27 27 32 34 29 32 21 27 36 30 32 34 35 41 24 39 39 22 29 29 28 32 33 26 29 32 24 41 37 32 28 27 40 32 33 37 25 28 31 36 38 18 21 33 37 29 35 34 31 34 34 24 25 37 32 22 31 30 41 38 17 13 35 25 31 36 37 40 27 28 24 23 19 36 26 37 26 38 34 30 48 33 25 14 44 37 36 29 21 28 38 22 29 23 37 32 40 44 33 30 37 40 36 27 34 42 36 35 39 29 44 27 36 44 36 26 35 35 27 31 35 38 25 21 30 27 37 31 44 38 37 28 44 23 25 42 28 17 32 34 31 21 23 32 42 31 38 33 43 34 28 42 33 36 25 40 20 38 32 20 40 27 33 27 43 41 34 34 22 31 16 30 30 26 36 34 27 34 26 31 45 33 30 21 31 30 33 46 29 24 44 42 33 39 34 42 31 42 23 26 43 33 30 37 34 30 30 42 29 27 28 32 41 27 38 32 28 38 34 45 35 31 33 39 33 42 30 29 29 24 19 41 37 35 45 33 43 37 27 34 29 34 16 38 35 28 33 27 37 26 19 59 12 38 33 38 35 31 34 29 28 23 43 22 45 32 31 28 34 37 36 35 44 33 29 24 39 29 26 32 25 34 26 34 36 29 25 24 28 22 45 35 33 37 32 40 26 31 23 33 38 30 18 27 28 33 29 42 34 23 31 33 26 31 24 29 38 47 44 27 25 24 27 25 22 27 41 20 40 19 32 20 15 36 34 35 26 42 17 37 29 31 29 
30 30 28 23 31 40 34 21 31 27 36 20 29 37 32 19 37 34 30 37 33 32 29 30 40 27 37 28 20 0 34 41 32 37 37 42 35 34 29 36 28 34 33 25 35 26 21 45 44 26 34 35 38 24 29 35 36 38 25 44 32 27 22 38 29 41 35 31 27 35 32 11 30 35 35 22 32 32 44 33 35 36 33 36 34 44 32 24 21 28 33 39 24 24 55 31 29 36 27 14 34 28 43 30 29 37 29 35 30 37 39 20 25 41 38 23 30 36 39 25 34 25 26 32 27 40 25 26 23 32 22 31 23 28 32 34 18 34 10 40 14 36 38 32 32 22 35 32 35 30 33 35 37 38 35 37 45 31 29 37 36 33 34 10 36 38 39 32 27 22 39 20 41 42 23 31 31 19 34 33 31 35 27 12 38 38 23 29 22 38 33 37 25 13 19 26 40 26 37 39 22 37 33 32 31 29 36 26 24 30 37 23 35 35 36 34 33 19 32 30 37 39 35 37 39 34 36 23 22 7 26 14 30 24 28 29 25 45 34 30 30 44 36 30 32 22 29 33 20 30 21 38 31 12 40 30 27 38 30 31 25 29 32 36 34 31 32 34 37 37 40 37 32 24 34 21 29 30 38 19 19 32 45 39 30 41 40 36 25 16 32 26 48 30 21 32 22 35 19 29 33 33 24 26 35 34 35 28 31 32 32 20 42 18 37 42 33 36 28 28 32 46 29 34 34 16 28 36 41 25 22 39 37 35 22 24 29 38 26 38 34 32 35 28 45 32 29 35 39 36 40 22 46 33 30 14 19 47 35 31 22 40 31 32 37 34 30 26 33 43 29 26 30 16 34 28 33 34 30 33 27 25 36 27 31 17 12 31 41 34 37 35 36 38 38 29 28 30 39 29 28 40 23 36 30 35 32 20 50 25 39 29 37 30 22 28 29 29 21 33 34 46 33 19 41 40 32 38 37 36 45 30 29 36 29 33 27 16 23 35 36 38 27 37 23 36 42 39 19 39 28 23 28 27 26 21 26 26 24 30 31 29 34 33 29 40 17 26 38 38 28 25 17 38 49 53 41 26 25 15 31 27 15 35 19 21 32 33 21 27 36 25 42 31 36 26 35 31 30 31 
27 40 36 36 34 38 38 29 39 42 23 40 35 29 24 36 44 26 31 36 24 39 36 36 20 30 35 38 42 33 0 37 41 32 34 25 45 26 31 28 41 44 35 41 46 31 27 28 39 36 29 36 40 45 49 47 35 44 41 45 42 18 36 33 28 50 25 32 21 33 24 34 51 42 47 23 34 43 41 25 40 34 30 45 32 48 46 33 36 39 29 11 36 36 27 35 42 39 34 31 26 40 46 32 33 47 33 42 42 36 42 33 40 38 42 32 21 48 31 40 35 35 41 30 28 38 42 25 33 32 32 34 39 30 35 41 28 38 30 41 37 40 44 33 36 35 45 45 32 36 35 30 41 37 28 42 49 46 23 39 42 28 42 43 29 44 40 35 31 43 30 30 53 36 30 41 42 33 33 33 22 34 29 35 26 42 42 41 24 49 37 44 39 35 28 28 29 42 40 42 38 51 22 28 32 47 31 39 40 38 39 41 44 37 41 34 40 37 35 41 29 40 41 43 41 35 42 46 34 30 40 35 38 34 40 45 44 56 14 38 33 45 38 39 44 30 19 42 34 36 36 47 43 37 48 31 42 28 41 42 31 30 39 42 36 37 35 40 42 40 49 41 31 41 36 33 35 32 41 32 36 42 48 42 38 42 25 47 39 38 39 33 40 24 33 31 28 42 32 37 41 39 39 47 38 37 25 42 52 37 41 39 41 35 41 47 36 46 36 44 37 47 35 46 30 33 43 51 41 37 32 40 13 36 42 28 41 45 40 43 32 40 26 37 47 33 38 40 46 35 32 35 56 27 48 28 33 51 37 41 34 43 39 33 50 45 42 31 44 42 20 30 25 34 42 21 49 31 32 31 45 31 35 26 39 40 33 41 51 35 38 40 37 41 46 37 19 34 42 33 39 39 38 32 33 30 40 28 44 45 43 21 39 39 28 37 43 31 34 44 29 49 40 35 42 48 39 31 34 51 37 33 41 36 41 42 29 31 44 43 40 23 33 39 37 33 46 38 32 33 37 37 43 34 28 29 26 32 38 38 39 33 50 37 39 35 31 39 43 36 29 32 33 31 54 44 34 33 33 38 31 32 33 43 31 41 38 48 29 45 29 38 45 36 38 35 41 32 36 29 
36 35 42 30 25 38 31 22 40 35 16 32 31 36 44 34 29 30 32 40 35 28 40 16 37 34 40 17 33 28 39 0 30 36 27 42 37 41 31 32 26 40 39 41 41 15 27 36 43 32 40 40 26 52 44 37 39 36 37 36 40 33 26 38 37 44 29 38 25 28 33 23 42 41 38 34 34 35 38 38 39 35 23 23 27 46 33 26 23 35 25 31 29 31 47 36 37 39 41 26 33 45 49 21 40 12 33 27 35 25 50 24 33 35 37 28 34 41 24 32 26 33 34 32 32 19 41 29 31 41 30 23 35 30 39 43 32 27 34 37 26 35 40 24 34 29 35 30 27 39 35 26 31 36 32 40 50 39 38 36 39 41 33 32 37 40 30 43 32 45 43 34 49 38 20 34 39 34 41 35 37 28 33 27 45 37 35 42 32 37 32 41 37 25 32 28 36 38 37 33 34 39 33 36 38 33 42 24 26 28 39 35 43 33 35 42 44 27 39 17 24 40 34 26 30 39 27 38 31 22 31 28 38 32 33 16 35 43 33 13 26 49 27 34 34 28 23 52 36 22 33 36 33 40 38 37 29 32 47 28 26 34 39 35 34 33 31 39 26 43 44 36 25 26 39 27 34 36 40 31 35 40 39 45 39 35 40 44 34 44 38 32 50 28 32 31 37 45 27 31 38 45 32 38 43 41 29 30 45 41 30 32 45 34 45 31 19 50 38 15 29 38 35 42 32 33 26 37 40 32 17 35 33 40 34 28 36 44 34 33 33 44 35 33 36 28 42 26 41 32 47 20 40 33 42 29 31 53 34 36 27 42 30 32 44 34 35 35 40 42 35 34 32 28 32 39 40 37 36 20 38 27 39 30 31 32 24 27 40 41 42 40 32 40 45 29 33 29 31 36 47 34 33 43 29 30 34 32 58 11 36 34 30 34 28 37 31 33 29 52 30 52 34 31 29 39 19 38 35 47 32 42 36 45 34 34 29 30 37 25 36 38 29 30 32 24 41 40 26 32 35 30 39 19 36 23 34 41 28 29 39 31 32 39 39 39 21 41 35 31 35 31 29 35 54 52 42 27 37 27 27 28 27 45 31 30 18 40 33 23 33 37 40 28 42 32 37 37 35 31 
36 26 28 42 27 35 32 40 41 35 42 34 8 25 37 32 33 31 32 39 25 35 33 37 47 38 21 33 42 29 30 46 0 40 30 44 40 40 31 36 40 47 43 27 37 36 31 47 47 32 29 27 38 45 48 41 37 39 41 44 31 32 31 35 41 21 33 41 29 20 37 29 46 41 31 24 34 36 50 38 32 20 36 36 19 36 34 35 38 37 28 38 34 38 54 42 39 39 32 24 34 39 47 47 37 38 36 41 26 37 43 29 33 43 27 31 22 38 35 38 26 29 45 33 19 25 40 33 22 34 35 35 41 30 36 31 31 39 33 36 32 36 17 24 34 41 44 44 39 38 35 31 44 29 36 42 57 33 29 48 31 29 38 33 30 35 20 36 35 45 44 31 47 26 25 37 43 34 36 42 36 40 40 31 44 38 31 35 30 38 32 42 43 31 34 28 40 42 36 35 40 50 33 38 34 47 31 39 37 29 34 37 34 36 12 42 35 32 43 32 36 35 35 32 41 30 46 36 32 31 41 31 21 34 43 31 39 48 41 25 39 41 38 41 27 30 27 43 33 26 31 42 37 37 41 37 35 36 44 40 35 39 39 43 39 33 33 48 32 40 45 37 37 38 36 32 42 43 31 24 34 36 41 42 37 46 40 44 27 41 42 34 45 32 26 34 41 40 29 29 39 45 32 44 34 40 33 41 41 38 33 34 37 33 38 52 40 44 36 30 35 46 38 40 38 18 31 41 27 33 35 47 40 31 40 35 29 50 17 23 18 40 27 36 47 40 29 36 50 29 42 35 51 19 48 29 25 46 39 27 35 40 39 38 41 38 25 24 30 44 34 38 32 34 35 32 44 23 32 32 45 27 38 34 17 36 30 39 52 45 32 47 40 40 40 35 30 30 43 13 46 36 25 33 32 37 32 28 55 32 41 39 40 32 32 37 35 39 31 45 27 49 41 37 33 37 34 27 28 31 44 33 34 43 24 35 29 33 37 45 39 38 29 30 33 42 31 41 38 25 43 38 23 23 34 28 34 36 33 32 42 32 48 38 39 31 26 41 40 23 39 33 35 39 53 55 35 34 33 33 30 33 33 53 34 40 30 41 29 35 37 38 46 34 42 36 37 38 28 32 
33 28 30 31 33 37 29 25 33 23 32 32 22 27 31 21 33 30 27 34 28 27 32 27 36 35 24 23 33 21 32 41 37 0 29 31 33 30 26 30 33 37 36 30 42 26 26 39 36 28 32 33 32 41 31 32 32 32 37 46 26 24 9 33 30 32 32 28 18 23 26 23 42 28 35 27 29 28 45 31 38 23 25 23 22 39 32 15 12 26 26 27 29 26 43 24 30 34 29 24 24 34 39 30 31 37 17 37 35 36 42 7 21 36 30 16 25 34 8 37 32 16 28 23 25 38 35 22 24 34 13 33 23 25 39 34 21 35 31 39 22 21 31 30 30 30 36 35 38 28 19 34 34 29 30 26 51 38 21 35 33 32 39 28 30 31 30 36 22 32 41 23 32 34 29 27 22 21 31 26 28 26 30 14 32 23 19 35 19 40 32 32 33 25 21 23 32 37 23 26 28 30 25 19 28 37 34 31 17 28 39 29 36 28 31 30 35 10 39 31 17 34 29 42 33 36 38 31 31 25 35 16 26 18 17 30 25 36 30 22 28 44 30 37 31 21 26 48 29 25 27 41 28 33 43 27 18 20 42 29 19 27 34 30 31 29 22 42 30 38 38 22 33 22 28 28 18 33 31 18 29 23 32 37 30 38 35 32 27 37 34 25 42 21 16 28 24 30 20 30 24 34 20 38 26 29 27 21 29 32 36 20 40 28 29 42 30 39 26 29 34 46 34 32 27 23 19 40 26 29 20 28 29 37 34 12 31 47 22 31 21 24 30 21 39 28 31 38 34 29 36 27 41 32 39 16 19 42 38 29 33 38 33 33 40 30 29 21 33 39 26 32 28 27 37 27 45 31 24 31 35 23 30 23 30 19 24 26 50 31 36 35 25 36 36 34 30 15 32 27 40 27 28 33 20 25 33 26 55 22 35 24 37 17 27 32 22 22 22 45 29 47 18 25 39 40 33 29 28 40 25 36 24 40 40 33 24 7 21 36 31 33 25 36 23 33 34 33 27 36 30 25 32 33 23 28 22 28 11 29 31 24 40 28 23 3 4 28 40 26 25 24 23 26 40 42 29 11 27 23 18 34 24 38 28 40 11 39 23 22 24 32 34 33 35 28 32 28 19 22 
29 29 34 30 30 34 25 26 28 23 40 36 32 24 39 21 36 34 17 30 30 20 36 18 41 38 37 34 35 25 33 39 30 29 0 36 32 28 16 25 26 34 16 26 38 17 38 32 46 17 32 35 34 46 36 26 35 35 41 44 28 31 25 27 27 41 33 24 29 23 23 27 37 26 31 30 19 27 43 23 32 23 20 26 22 35 25 11 8 23 25 32 25 23 48 16 33 24 30 21 21 32 37 31 31 36 21 28 31 34 36 30 30 43 39 29 30 29 31 30 18 32 25 22 31 36 35 25 27 30 29 32 27 15 35 33 18 24 28 35 25 35 40 16 19 29 32 30 29 31 20 38 33 25 26 27 32 35 32 20 30 24 32 30 26 38 30 39 20 37 39 20 34 37 28 7 38 26 27 27 35 22 10 19 31 37 28 33 26 31 32 39 36 20 26 13 36 36 27 30 27 40 29 36 24 31 34 24 30 17 20 36 36 25 32 39 34 26 35 31 26 31 28 37 34 26 29 33 20 24 33 1 35 29 35 30 24 32 35 23 23 34 32 36 27 25 27 42 23 29 26 35 22 37 34 23 14 25 40 26 23 24 24 15 32 18 19 37 28 28 36 30 30 11 29 27 33 13 33 27 13 39 36 30 25 34 27 32 30 41 35 29 35 24 29 31 29 37 23 23 37 40 29 33 33 36 22 31 18 27 30 19 30 28 31 33 21 36 35 29 27 46 41 34 26 23 15 42 34 26 21 37 34 27 38 29 22 46 31 33 21 20 35 34 40 30 34 35 28 28 34 20 47 25 37 21 26 40 33 30 27 28 30 30 29 29 25 26 32 41 33 27 25 29 32 25 40 27 31 29 34 12 33 26 29 24 28 19 46 27 33 38 34 25 30 27 29 29 35 31 38 36 28 28 17 30 26 36 52 13 34 20 37 20 31 22 32 18 25 43 22 37 35 24 41 34 33 26 27 44 34 36 35 30 26 26 14 3 10 27 25 27 22 22 18 35 40 31 26 31 29 30 39 32 30 24 31 33 36 29 30 20 34 34 24 32 29 33 33 26 21 28 22 29 41 44 27 28 34 26 17 25 22 41 22 33 20 32 36 15 29 23 39 26 38 33 28 24 24 21 
25 25 28 31 31 36 25 29 30 26 31 19 28 31 31 18 36 24 27 26 22 16 28 33 39 26 35 17 28 8 29 35 30 18 27 0 32 24 22 26 26 38 34 30 39 22 2 40 34 14 32 30 33 32 29 25 33 31 24 43 19 16 25 29 29 36 23 28 19 25 27 10 29 23 28 21 29 21 39 23 26 30 23 30 24 35 32 23 21 27 20 30 20 19 46 27 28 17 27 13 28 36 42 36 28 27 18 17 23 30 38 18 24 31 40 17 19 33 26 23 29 20 26 27 22 32 32 23 22 27 17 20 22 25 31 29 22 24 18 29 13 22 37 27 28 30 32 22 33 27 26 28 38 35 26 33 44 30 21 36 33 26 28 18 20 32 32 31 27 30 38 24 41 34 20 30 31 19 23 32 20 25 32 12 33 24 22 29 21 37 27 32 24 12 19 23 31 25 24 27 21 32 25 26 28 28 34 25 23 27 42 22 34 28 32 33 36 19 31 32 27 22 16 18 34 27 35 23 21 7 19 14 15 20 21 31 24 33 33 25 26 33 31 17 28 8 17 41 18 27 17 29 21 20 39 27 27 26 38 30 6 29 34 25 20 31 26 27 34 36 27 23 22 24 28 8 22 35 37 18 26 27 33 36 14 40 31 35 25 24 14 12 38 22 17 29 22 31 18 29 25 32 23 25 28 30 23 27 31 16 31 19 39 25 31 38 27 40 27 30 20 45 10 34 28 20 25 42 27 14 25 33 32 18 21 13 28 43 15 30 28 31 24 22 33 31 29 16 21 29 30 21 38 25 29 14 18 37 29 26 18 37 30 26 36 23 26 29 28 37 18 25 13 15 33 27 32 29 25 25 26 25 33 24 25 17 11 30 37 33 30 28 35 34 37 23 28 16 33 27 36 21 30 30 24 28 32 19 37 31 27 32 36 33 3 27 28 24 20 41 18 45 19 18 36 35 34 29 32 26 35 29 25 35 25 33 24 16 23 34 27 29 10 30 12 31 44 36 27 31 28 23 18 26 25 4 25 26 28 34 30 20 32 28 30 21 21 26 26 28 27 11 16 29 44 40 25 12 24 14 22 24 14 34 18 29 26 32 20 26 27 24 33 22 17 26 18 23 21 26 
39 39 41 34 33 43 40 41 40 34 43 40 33 38 42 32 44 41 30 47 29 38 43 42 47 46 35 34 44 32 43 52 46 35 38 42 0 41 29 41 44 48 44 37 53 29 37 47 47 39 32 44 43 48 42 38 43 43 44 55 37 35 20 34 41 43 41 42 29 34 37 34 50 39 49 28 32 39 53 36 49 34 34 34 33 50 43 37 34 37 34 38 40 37 54 35 41 37 19 34 35 45 40 41 36 47 28 43 46 37 46 18 32 38 41 27 26 28 19 43 35 27 35 34 36 39 45 33 35 45 24 35 34 28 40 45 32 39 24 48 33 32 41 33 37 33 47 46 28 36 30 35 45 45 41 37 62 45 21 46 42 33 45 39 32 42 41 29 33 22 44 34 43 34 34 38 33 32 44 37 39 40 38 25 43 34 30 46 22 47 35 43 44 33 32 26 32 45 34 37 39 41 25 30 38 49 34 42 28 39 40 40 41 29 42 41 38 21 45 42 28 40 40 46 41 39 45 42 38 36 26 27 37 28 28 41 36 48 41 33 37 36 39 48 45 32 35 48 40 36 38 47 34 40 31 42 40 31 44 40 30 38 37 41 34 38 33 34 41 41 49 33 37 33 39 39 29 41 35 29 39 34 43 43 32 46 36 42 38 41 45 36 53 32 27 39 35 41 31 41 35 37 31 46 37 40 35 32 40 34 26 31 46 38 35 45 45 50 37 40 40 57 17 26 38 34 32 51 37 40 36 39 40 40 42 23 42 48 33 42 32 45 31 32 47 29 21 49 45 40 47 38 52 38 50 27 30 53 35 40 39 41 44 43 46 41 44 32 44 50 37 43 28 38 28 38 52 32 35 32 47 34 41 34 41 30 35 37 52 46 37 35 36 43 47 40 41 26 43 36 42 38 39 37 31 36 27 37 44 44 46 46 42 28 38 35 33 37 33 43 38 50 29 36 42 51 44 40 39 36 36 36 35 43 43 44 27 29 32 52 32 34 36 39 34 44 45 44 30 44 41 36 43 44 26 37 33 39 22 40 42 35 51 39 34 14 15 18 44 37 40 35 34 37 50 53 37 22 38 34 29 36 35 49 35 42 22 50 34 33 35 36 39 39 46 39 44 41 25 33 
32 33 34 15 28 32 33 27 25 23 27 16 26 21 28 26 40 30 27 34 29 24 32 27 40 29 36 24 36 16 37 11 28 26 15 8 31 0 27 29 24 33 25 37 40 22 10 45 42 22 38 38 37 40 37 31 35 30 21 46 27 23 32 19 20 41 31 35 27 26 16 18 25 31 31 26 30 28 46 30 34 34 30 34 25 43 39 26 23 21 28 35 20 27 51 25 36 25 33 21 18 30 48 24 36 23 26 25 26 26 42 26 21 37 45 25 26 36 32 31 33 28 32 33 30 30 26 25 30 24 25 24 30 26 34 36 22 28 26 33 21 30 35 31 24 14 30 28 37 29 31 35 42 35 34 35 47 30 28 29 28 29 26 26 28 36 33 38 31 36 42 24 43 35 28 22 39 27 31 32 27 26 19 20 38 32 19 31 21 40 30 33 32 20 27 24 38 22 32 35 29 40 31 33 36 36 40 22 31 32 29 19 42 31 32 30 37 27 34 28 34 30 24 26 40 27 37 31 29 15 22 16 23 20 24 27 24 41 38 24 26 39 38 25 35 16 25 49 21 33 17 34 27 28 34 35 29 33 37 24 14 22 24 30 28 23 17 30 29 36 35 31 23 24 36 16 25 22 34 15 20 35 38 38 22 36 36 21 33 32 22 20 40 24 17 27 30 31 26 35 22 36 20 33 30 38 30 34 33 24 28 25 35 19 36 38 30 40 35 26 28 48 18 34 25 28 28 48 35 22 26 38 37 26 18 21 31 45 22 36 32 35 31 30 41 28 35 24 29 29 6 18 42 25 37 22 16 43 27 34 25 39 28 24 29 30 33 30 36 35 25 31 21 23 30 24 40 29 32 31 34 23 38 22 23 25 8 33 41 41 30 31 32 30 35 21 30 24 41 31 35 29 31 33 28 33 38 27 45 22 35 13 41 31 11 33 25 32 28 40 26 45 27 26 40 37 30 23 37 34 42 37 25 39 32 34 25 18 25 17 32 34 18 33 19 35 49 36 11 31 32 27 26 30 25 12 22 27 36 40 30 28 24 29 35 29 29 32 34 29 35 19 24 34 46 46 33 20 32 22 28 29 22 42 26 31 29 40 28 30 32 21 38 30 25 34 26 30 26 32 
24 21 33 27 19 32 24 27 18 16 28 21 25 24 36 25 30 23 23 19 24 22 20 24 38 30 33 24 29 22 25 34 33 31 9 31 20 23 0 25 29 30 25 24 27 22 28 24 36 22 21 36 20 36 24 35 28 19 30 39 33 19 29 27 24 26 30 21 22 17 20 24 21 31 22 24 25 21 38 23 28 17 5 33 16 34 27 8 17 19 13 29 11 25 45 25 31 30 29 5 21 29 34 28 31 24 24 33 17 28 30 19 14 34 31 14 22 30 15 23 20 21 16 20 28 30 38 23 25 28 18 18 14 21 35 29 22 22 22 28 27 28 34 18 28 26 26 33 28 29 4 31 31 31 20 11 41 21 21 18 28 12 25 30 26 31 24 23 17 32 30 24 32 34 26 16 26 21 16 29 20 23 19 22 28 30 12 30 15 29 27 30 28 4 21 19 32 31 28 27 16 33 25 29 21 20 23 33 20 20 29 24 33 24 17 23 31 16 31 29 18 15 27 36 18 10 27 27 9 27 28 10 19 14 24 28 16 41 32 7 8 38 25 25 24 22 24 26 19 23 11 22 31 29 38 20 23 27 30 22 20 24 30 23 27 27 19 36 25 32 35 29 20 20 23 16 22 22 34 25 22 28 33 34 20 31 11 25 24 33 33 24 25 22 17 29 32 28 21 25 26 24 13 17 31 28 28 24 27 22 30 11 34 31 30 36 25 40 24 27 20 41 30 28 23 8 24 26 33 16 22 29 31 11 27 19 20 38 15 27 15 29 25 19 24 21 31 33 29 26 29 29 31 24 21 16 10 38 26 15 22 34 38 23 36 23 22 27 34 34 21 22 25 27 32 23 24 24 19 23 18 21 28 24 22 14 25 21 35 24 17 37 25 34 35 20 27 22 30 25 28 28 22 16 17 27 28 28 41 19 32 17 29 27 25 28 25 15 23 33 24 41 25 13 41 34 31 24 25 38 26 25 25 33 28 28 20 12 19 26 25 27 22 24 13 30 35 31 23 29 26 25 33 20 19 20 15 21 31 28 21 19 33 24 8 28 27 28 26 20 18 23 11 28 43 45 31 18 32 21 15 23 6 39 6 21 12 34 28 17 26 26 26 19 30 28 30 21 23 19 
31 32 31 35 30 40 38 43 36 27 39 27 23 35 40 28 39 34 31 37 28 29 36 29 46 40 27 28 36 37 36 41 38 38 28 38 37 30 30 0 34 34 40 33 45 15 36 40 40 26 32 33 33 48 51 36 42 38 38 47 37 22 27 30 30 47 35 31 31 26 30 33 50 35 36 27 28 32 45 29 33 26 34 44 25 41 38 18 36 34 33 37 40 24 53 25 32 38 34 30 32 39 50 38 36 35 35 39 39 27 46 29 25 42 33 34 25 38 37 21 32 22 35 35 25 40 42 35 40 34 28 39 38 29 39 40 34 40 35 26 36 45 32 30 35 34 45 38 40 30 34 34 38 32 33 37 21 41 27 43 36 32 23 36 32 29 33 39 34 37 45 34 45 40 28 31 40 32 34 30 26 28 34 34 38 47 23 36 23 30 36 30 39 34 32 27 32 39 34 37 32 34 25 32 24 40 34 44 21 36 40 30 36 25 41 34 39 28 29 38 33 38 41 40 34 37 40 37 38 29 39 29 30 22 21 37 31 47 40 36 37 47 31 37 32 32 29 48 37 32 38 45 32 40 47 23 41 34 44 37 35 31 38 37 35 34 36 12 37 42 45 46 33 39 29 28 22 37 35 27 36 29 43 39 36 41 21 36 33 41 36 36 44 34 29 40 44 43 36 32 37 38 24 38 32 35 31 25 46 9 39 26 43 35 33 31 28 49 38 36 18 49 41 36 25 26 37 47 33 21 38 31 39 38 44 32 34 49 26 35 24 40 30 39 40 32 35 39 48 37 36 41 54 22 48 27 28 42 24 33 33 37 39 21 36 23 32 39 33 32 24 2 16 35 41 36 42 26 25 36 38 33 40 36 20 39 34 35 52 34 15 13 36 41 33 18 38 39 46 19 42 42 31 29 34 34 35 30 63 24 41 27 43 38 25 36 26 25 38 47 18 51 42 29 39 43 40 34 36 46 41 36 26 44 40 36 28 31 38 38 28 30 36 36 32 37 37 43 31 28 36 36 38 29 27 31 26 19 36 38 37 36 41 28 38 37 29 33 24 29 28 35 27 36 46 43 31 35 33 37 32 36 33 47 35 32 31 42 29 31 34 32 40 17 39 33 44 24 23 34 
31 30 32 32 21 25 32 31 34 29 37 38 12 27 41 31 37 24 28 31 11 31 35 34 35 41 25 27 27 33 34 41 4 40 33 40 34 32 27 23 0 41 37 27 37 27 28 32 45 27 14 31 25 30 36 36 40 33 26 37 35 27 28 36 17 25 36 33 30 23 33 33 48 34 35 10 30 27 45 25 36 24 32 38 22 40 25 23 32 20 16 34 28 25 50 30 29 35 28 24 24 38 33 39 18 36 26 36 30 31 34 26 27 40 31 17 8 35 29 26 29 28 38 23 23 29 35 30 26 21 25 29 32 26 22 34 25 33 25 31 31 35 21 27 25 31 39 4 25 32 31 17 34 32 23 25 44 36 30 41 33 15 28 28 14 34 24 22 31 31 36 17 50 30 25 33 29 20 28 29 31 23 31 26 41 37 31 30 20 40 24 35 40 31 20 24 14 27 30 29 23 39 7 37 36 30 16 39 26 33 37 41 37 31 16 36 35 29 34 26 29 29 35 36 26 24 27 38 25 32 27 28 25 19 29 31 17 45 29 29 33 32 23 28 31 31 30 30 30 30 25 36 32 22 43 35 38 36 32 23 31 8 35 31 29 32 22 35 33 25 38 30 20 35 21 23 30 34 35 28 29 35 35 27 31 40 38 38 29 23 33 25 39 29 20 35 36 34 32 23 28 35 26 42 36 39 33 30 42 32 35 28 28 28 35 43 33 35 27 30 23 39 23 33 30 22 33 38 31 26 29 36 36 25 35 21 33 40 21 27 22 41 13 22 32 26 30 38 29 29 38 35 45 23 33 15 22 46 29 31 21 34 34 26 42 29 29 23 34 37 29 25 6 26 37 36 38 27 17 26 28 26 30 31 21 31 33 19 40 39 36 36 33 31 39 23 30 29 33 17 30 39 28 19 20 26 26 29 50 32 35 32 26 32 29 33 31 30 31 35 31 34 32 20 37 34 28 29 28 35 37 18 28 28 28 26 25 30 34 36 34 36 25 33 27 36 35 33 28 29 29 24 27 27 24 28 28 32 33 32 23 27 42 32 35 34 26 27 29 26 33 24 18 33 39 48 19 25 34 32 18 18 18 43 22 31 34 32 30 36 31 32 32 22 36 27 33 29 29 22 
31 28 28 43 27 37 36 21 33 25 27 18 20 37 37 27 38 32 38 38 33 37 34 28 42 28 33 33 31 36 32 43 41 42 31 40 37 32 38 38 37 0 38 38 46 38 33 47 46 23 40 39 40 46 35 41 42 36 40 44 46 29 19 36 36 42 38 32 28 32 32 26 31 32 37 32 36 30 45 34 26 31 35 42 31 46 29 30 33 37 31 35 39 21 51 34 40 33 31 27 34 40 46 41 41 32 28 41 32 42 44 24 23 42 39 31 30 40 35 33 38 26 36 33 31 22 30 32 37 36 23 40 34 37 33 38 31 44 35 36 29 42 26 36 31 42 36 41 36 27 38 23 44 29 34 45 46 40 31 42 33 37 20 43 30 35 32 35 37 34 44 33 42 35 25 29 32 30 35 31 31 39 32 35 39 44 21 29 31 46 35 42 26 28 30 35 42 41 21 24 37 35 35 37 32 44 42 41 27 33 41 2 44 38 41 32 38 20 16 37 36 41 39 29 41 36 38 46 28 35 40 32 28 39 42 36 39 13 36 33 36 44 38 28 40 37 32 55 25 31 36 45 37 48 46 31 39 40 40 37 37 39 46 34 34 35 33 48 34 44 38 43 36 39 31 19 34 35 36 24 24 33 30 36 34 42 19 34 31 33 43 41 47 31 26 38 45 40 34 27 39 46 22 41 36 42 37 26 46 35 38 34 47 23 41 48 34 49 41 35 30 46 41 38 22 27 29 46 39 29 35 39 37 37 37 37 37 48 24 35 30 44 35 36 47 30 33 30 47 36 38 37 51 19 32 25 25 46 21 29 34 38 43 18 45 32 38 31 14 29 29 27 34 31 40 33 48 23 32 37 42 36 42 33 17 40 27 23 50 35 44 43 34 37 24 15 37 36 44 25 38 46 37 34 32 40 30 35 61 43 41 39 33 37 34 43 27 26 35 43 34 53 43 34 45 38 39 29 38 40 44 37 23 47 41 30 36 28 38 47 34 17 31 39 27 31 43 43 39 25 37 34 32 28 26 26 24 10 33 43 44 31 13 36 42 43 26 30 36 35 29 40 32 38 48 40 35 36 37 30 30 25 30 50 25 33 30 36 33 35 42 23 39 29 39 37 39 32 31 34 
34 41 33 30 27 40 36 39 27 34 30 33 29 37 45 33 32 39 15 35 28 29 34 38 33 42 29 31 35 32 26 30 34 21 34 27 40 39 25 9 30 42 0 35 43 24 29 41 46 32 32 38 40 45 33 41 19 39 38 49 35 31 30 21 33 48 38 29 34 25 29 26 44 35 43 14 28 36 47 29 39 35 30 37 24 46 34 27 33 36 32 24 33 30 40 34 32 33 42 23 34 37 37 35 36 26 30 28 38 28 35 17 33 42 41 31 25 45 29 30 36 23 38 26 30 41 32 9 26 37 29 29 36 24 26 37 30 33 39 35 29 39 38 34 26 29 39 34 29 38 29 34 37 33 37 36 30 43 27 10 36 31 32 37 32 38 32 26 29 45 40 32 24 35 25 40 43 33 32 34 26 34 29 27 36 41 32 38 18 21 31 39 40 28 28 22 32 39 25 28 34 43 25 32 29 38 34 28 30 33 39 36 38 16 42 42 33 31 38 31 28 38 39 45 43 35 45 38 31 22 32 29 38 31 30 30 39 52 27 27 33 41 40 39 41 32 32 48 27 31 34 40 37 40 36 28 39 17 35 39 30 30 26 37 30 25 32 21 27 26 37 40 31 30 33 30 31 32 31 32 26 25 34 28 40 32 23 44 28 41 30 30 42 8 34 15 37 46 22 32 41 33 33 31 20 29 14 34 39 18 34 35 37 25 38 40 33 44 40 29 27 51 37 43 14 30 35 46 35 30 34 35 26 34 35 25 12 47 34 35 33 41 30 36 43 30 40 40 45 27 25 24 54 31 39 29 28 35 33 40 31 37 34 27 44 32 39 15 38 26 24 11 25 31 36 15 38 32 34 34 36 31 27 10 29 32 25 28 46 32 24 22 36 32 37 27 28 33 19 28 37 38 30 34 30 22 35 32 53 33 35 32 39 37 30 31 22 23 24 42 18 35 37 31 43 43 33 31 26 48 36 34 35 29 38 35 23 28 31 36 19 21 32 40 36 35 45 30 26 37 34 38 43 32 22 26 34 28 32 38 31 31 43 21 33 24 25 41 33 28 26 29 29 23 37 37 37 30 34 30 28 34 24 36 28 33 27 39 30 24 21 32 36 26 22 35 40 29 32 32 
9 17 34 18 18 26 19 26 19 23 30 28 19 27 36 24 17 18 20 28 18 23 24 28 27 22 28 30 24 21 21 19 18 24 21 32 25 30 19 20 14 28 28 0 28 27 15 24 31 20 22 28 32 37 35 16 26 24 31 24 31 22 14 26 25 35 17 24 13 11 21 19 37 29 20 22 22 25 23 26 29 11 24 11 10 34 25 14 11 26 27 24 27 26 40 23 35 27 22 15 24 32 37 34 30 30 24 29 24 13 34 12 21 26 38 22 22 31 27 24 20 21 32 22 20 15 29 17 30 29 18 11 30 18 27 27 20 15 22 29 10 23 28 25 22 17 23 18 27 18 23 14 29 30 20 28 40 24 24 32 22 28 11 20 28 26 18 31 20 25 31 22 33 29 8 25 27 25 27 23 26 16 22 18 33 25 23 32 21 25 20 33 21 21 20 16 28 32 23 26 29 27 21 24 26 21 24 12 14 16 32 30 37 21 30 28 8 15 27 5 30 28 22 22 18 26 39 29 10 22 19 20 26 22 21 4 27 30 21 19 27 32 15 22 16 21 11 44 24 10 25 24 21 30 25 25 17 20 31 16 19 22 27 23 22 21 22 27 23 31 32 15 13 14 28 15 22 25 28 23 23 28 32 27 27 23 28 24 18 34 26 25 38 16 25 23 28 34 26 30 26 28 20 34 31 29 17 18 32 27 18 22 28 22 29 29 24 35 29 3 21 26 23 29 20 9 18 25 19 21 24 34 26 27 28 20 18 27 22 21 9 34 27 27 24 28 24 14 34 27 31 8 28 25 38 20 21 41 12 18 15 31 18 23 32 22 14 23 35 20 24 22 20 23 19 21 28 27 24 8 31 15 27 18 23 23 20 27 28 29 27 28 31 28 31 21 28 17 19 24 29 27 16 25 20 10 27 23 50 23 24 23 18 5 16 25 19 21 28 34 21 40 26 26 17 27 7 26 26 32 38 26 14 33 18 24 17 22 26 33 24 26 17 22 20 15 42 28 14 30 29 29 24 7 25 11 22 31 16 5 31 19 40 27 27 22 9 21 27 14 23 24 24 23 39 31 33 25 28 11 23 16 23 39 7 18 24 29 24 23 21 26 22 20 30 20 25 26 19 21 
39 30 41 33 38 39 32 39 22 26 41 30 39 35 30 32 37 33 37 31 29 31 20 34 43 28 25 35 46 32 34 29 39 39 34 31 35 33 36 27 40 37 36 31 0 27 26 36 32 31 33 23 29 40 42 30 34 34 38 48 20 30 31 16 37 38 33 33 29 18 33 24 41 10 35 28 39 23 47 30 34 24 40 38 23 40 21 34 34 34 24 34 28 34 50 39 17 41 39 26 32 26 44 45 33 37 36 36 31 23 30 31 24 43 31 28 26 46 34 24 20 33 34 31 15 43 40 31 11 35 32 35 36 35 33 34 30 39 20 41 27 34 39 18 21 32 39 41 13 42 39 35 33 31 33 33 40 32 28 43 35 33 39 22 25 43 25 33 35 42 36 32 54 28 27 30 44 31 28 29 27 40 33 25 42 36 32 27 29 42 37 42 26 26 31 33 39 39 36 39 35 36 32 33 36 29 35 39 34 32 25 33 23 27 41 33 39 32 32 36 34 27 35 42 30 35 42 25 34 20 28 27 29 31 30 35 38 46 37 26 36 36 27 34 31 26 27 39 29 30 33 34 26 41 32 35 29 35 26 37 30 28 27 12 37 20 30 36 16 41 20 35 37 31 25 25 30 36 33 32 38 40 37 43 19 44 18 35 14 45 33 30 37 32 34 37 35 46 7 33 31 38 23 31 43 44 33 27 38 21 24 33 32 37 34 43 29 36 32 34 34 50 34 44 28 24 29 45 31 27 34 44 36 23 35 31 33 42 25 28 22 36 21 33 15 14 25 40 25 22 39 35 43 32 41 26 32 24 36 31 24 44 35 37 26 25 29 37 34 41 25 27 30 29 26 36 34 36 21 36 40 32 43 32 36 30 25 38 43 44 36 37 27 27 32 34 23 28 44 17 32 40 23 32 28 30 36 24 48 36 31 38 37 32 27 34 28 39 9 37 29 50 37 32 29 30 32 31 22 37 42 34 40 42 28 22 34 29 30 47 14 16 27 24 35 40 35 46 29 38 38 35 40 27 33 21 25 39 35 36 38 27 44 24 27 29 28 38 37 21 38 29 30 39 32 52 30 30 29 28 26 29 28 48 32 28 31 28 25 34 37 30 38 33 41 32 35 25 31 30 
44 40 44 42 43 46 40 49 48 31 43 40 36 39 38 32 46 25 39 42 41 35 38 39 40 29 38 42 38 42 44 47 50 34 42 44 39 38 42 27 46 56 44 44 50 0 41 44 51 39 47 48 38 46 51 51 41 42 44 39 45 35 24 42 38 35 24 36 33 32 36 33 52 48 35 32 40 36 58 37 24 44 40 49 31 43 43 31 38 44 36 31 40 37 47 38 50 43 44 30 42 44 45 51 32 43 38 52 45 35 48 29 29 49 54 25 38 53 42 34 43 31 42 29 40 37 46 37 36 42 28 33 44 41 34 40 40 37 29 28 33 50 41 41 45 41 50 50 37 43 44 41 23 21 27 47 48 47 36 48 42 35 36 41 22 31 39 35 42 47 43 42 47 49 29 35 37 36 39 41 39 38 38 34 43 52 43 27 37 38 36 43 43 35 27 39 47 43 28 31 41 45 40 45 36 33 49 46 32 37 47 43 41 39 26 38 44 25 34 34 41 44 43 44 39 44 41 29 40 29 39 36 34 40 41 45 44 59 34 39 43 36 36 45 41 41 34 59 41 39 37 51 47 40 56 35 44 43 40 47 43 37 50 43 39 44 40 39 42 46 50 44 35 41 34 36 39 41 46 33 40 38 37 48 46 46 40 40 39 44 49 45 46 36 35 43 44 49 41 41 42 47 28 48 41 36 40 36 48 36 48 39 49 39 45 16 40 56 35 44 31 41 49 51 38 32 43 54 44 33 44 44 33 45 42 37 29 36 30 42 42 35 43 30 45 36 46 36 55 34 42 42 57 35 48 31 32 57 37 41 37 52 34 34 51 38 39 36 46 45 37 29 32 33 50 32 46 39 30 30 45 38 34 38 33 39 32 37 50 39 42 39 36 51 36 31 35 44 41 41 38 51 37 39 38 29 44 41 60 45 42 40 47 43 40 45 37 30 43 43 37 55 47 38 54 43 36 27 33 55 49 51 39 46 38 44 40 33 40 48 40 38 29 37 39 38 52 37 38 17 41 40 47 36 38 32 30 46 37 47 38 40 49 43 48 37 30 43 37 35 33 44 36 30 55 56 27 40 28 34 36 26 33 55 37 40 35 38 24 33 28 44 45 30 44 43 37 36 40 28 
23 23 32 29 30 34 23 27 28 24 29 17 26 29 29 16 34 22 25 24 20 14 26 31 37 24 33 15 26 6 27 33 28 16 25 25 30 22 20 24 24 36 32 29 37 20 0 38 32 12 30 28 31 30 30 23 31 29 22 41 17 14 23 27 29 34 21 26 17 23 25 8 27 21 26 19 27 19 37 21 24 28 21 32 22 33 30 21 27 25 18 28 18 17 44 25 26 15 25 11 26 34 40 34 26 25 16 15 21 28 36 16 22 29 38 15 17 31 24 21 27 18 32 25 20 30 30 21 20 25 15 18 20 23 29 27 20 22 16 27 11 20 35 25 26 28 30 28 31 25 24 26 36 33 24 31 42 28 19 34 31 24 26 16 18 30 30 29 27 28 36 22 46 32 18 28 36 23 21 30 18 23 30 18 31 22 20 27 19 35 30 30 22 10 24 21 29 23 22 25 19 30 23 24 26 26 32 23 21 25 40 20 32 26 30 31 34 24 29 30 25 20 14 16 32 25 33 22 19 13 17 20 17 18 19 29 22 31 31 23 24 31 29 15 26 6 15 39 16 25 15 27 19 18 37 25 33 24 36 28 4 29 32 23 18 31 24 25 32 34 25 21 20 25 26 6 20 33 35 16 24 25 31 34 12 38 29 33 23 22 12 10 36 20 15 27 26 29 16 32 23 30 21 23 26 28 21 25 37 14 29 17 37 23 29 36 25 38 25 28 18 43 8 32 26 18 23 40 25 12 24 31 30 16 19 11 26 41 13 28 26 29 22 20 31 29 30 14 19 27 28 19 36 23 27 20 16 35 27 24 16 35 28 24 34 21 24 27 26 35 16 23 11 13 31 25 30 27 23 23 24 26 31 22 23 23 9 28 35 31 28 26 33 32 35 21 28 14 31 25 34 19 28 28 22 26 35 17 35 31 25 30 34 32 1 25 26 22 18 39 16 43 17 16 34 33 32 27 30 32 33 27 23 33 23 31 22 22 29 32 25 27 8 28 10 29 42 34 25 29 31 28 24 24 23 2 23 28 26 32 28 18 30 26 28 19 19 28 24 26 25 9 14 27 42 38 23 10 22 12 20 22 12 32 16 27 24 30 18 24 25 22 31 20 15 30 16 21 19 24 
30 34 30 31 29 45 29 32 26 23 38 34 18 35 39 26 36 30 19 30 32 29 29 31 35 25 31 23 32 27 38 41 44 38 33 38 35 30 26 28 40 41 30 36 41 26 31 0 42 31 38 37 30 19 37 26 23 34 39 41 34 27 24 20 30 38 32 27 24 30 26 25 37 39 26 18 29 27 44 19 18 30 29 38 29 34 25 27 29 35 28 33 26 32 49 34 36 34 36 21 32 35 40 38 24 34 24 32 32 27 39 20 21 43 36 23 29 28 37 30 11 22 25 33 29 35 36 13 30 23 19 26 30 25 30 36 28 30 33 31 28 28 27 9 25 30 37 41 4 35 30 35 20 31 34 20 49 21 27 35 41 29 32 33 32 34 30 29 26 32 23 30 38 36 18 27 28 28 27 22 29 31 30 26 34 30 19 21 19 33 28 39 29 20 28 23 28 40 22 25 28 26 31 34 27 34 38 40 13 26 16 35 39 21 33 30 29 16 30 35 23 22 32 42 31 36 33 27 29 21 15 28 26 18 17 34 32 38 29 20 32 40 28 34 22 14 32 44 28 31 23 29 22 37 38 26 20 35 13 38 25 34 30 35 29 24 32 23 31 30 36 29 28 35 26 25 18 30 27 26 30 29 31 32 32 37 22 32 23 37 29 18 41 27 23 19 34 37 26 31 27 27 20 33 32 11 32 17 42 34 40 27 36 29 29 42 31 43 23 33 27 43 39 26 32 28 21 35 33 27 27 34 35 33 36 19 24 21 22 27 28 27 12 28 37 5 38 30 38 27 36 36 48 21 37 23 20 39 33 35 31 38 26 30 40 29 20 19 28 30 28 30 26 30 32 27 40 25 22 37 32 32 26 14 27 31 26 31 26 30 26 24 22 31 30 27 28 22 39 23 11 33 34 32 30 31 34 15 50 35 17 27 36 32 28 32 18 32 28 16 31 39 25 25 43 34 37 21 26 36 31 25 31 33 19 26 24 24 34 39 18 20 23 15 25 32 40 29 27 27 32 32 33 31 23 21 22 30 26 32 13 28 38 25 18 32 19 35 33 32 24 17 23 32 36 41 37 18 20 29 28 22 22 37 26 32 25 32 16 27 30 33 33 26 37 35 31 27 19 32 
29 32 35 27 21 36 34 35 33 16 31 30 36 30 42 29 35 23 31 34 23 29 24 24 28 30 34 28 22 27 36 19 36 36 38 31 28 23 30 31 32 42 29 36 42 30 28 36 0 28 33 40 33 41 12 38 14 27 35 39 32 20 32 27 33 36 29 32 25 29 33 21 32 31 8 22 33 21 43 24 33 29 34 34 28 47 25 32 29 29 28 32 23 26 40 22 7 38 29 16 27 39 30 36 28 29 22 30 24 28 31 30 14 34 40 16 20 27 33 27 17 20 33 26 32 30 33 28 32 37 29 26 25 29 30 29 26 30 34 39 24 38 35 32 32 21 37 36 29 26 29 29 37 29 32 36 41 33 22 33 32 27 38 34 28 33 18 34 30 32 39 28 32 30 26 20 41 21 31 35 21 31 23 22 30 40 25 36 23 34 27 37 28 15 21 27 24 36 22 25 27 42 26 27 32 31 35 30 31 34 32 33 34 23 35 23 39 29 32 23 28 30 37 36 33 28 15 25 24 17 34 24 19 23 36 22 27 29 22 21 29 29 30 36 23 29 23 40 28 28 20 12 34 39 28 36 24 32 38 32 30 26 36 28 35 31 25 42 27 22 41 14 28 32 29 27 28 26 34 29 26 27 31 24 22 38 29 25 18 23 27 33 12 27 21 32 26 35 29 36 37 35 13 28 26 37 29 33 41 24 20 22 40 26 32 44 27 44 26 21 35 41 36 25 29 23 24 38 18 27 30 39 34 26 32 27 25 43 15 21 27 34 25 21 39 21 31 32 41 32 29 26 45 26 9 16 21 42 28 33 28 42 33 36 36 23 21 34 35 21 19 25 29 26 22 28 35 30 25 23 29 27 35 29 29 27 22 32 40 40 39 31 25 2 31 33 33 32 21 26 43 38 34 31 23 30 17 27 52 30 42 36 19 35 21 36 32 31 31 48 27 31 17 24 35 34 25 32 31 35 36 29 29 25 20 26 28 26 33 37 25 27 28 10 22 32 44 29 23 29 30 25 38 25 27 29 15 30 34 37 33 32 44 28 33 39 27 28 41 32 34 32 22 31 18 32 33 30 27 25 21 31 17 29 21 32 25 32 23 28 29 35 16 34 35 21 36 23 25 25 
38 28 39 38 31 37 31 43 21 33 32 37 31 37 46 4 36 34 27 23 28 26 32 37 48 27 31 33 37 32 32 32 41 40 32 29 28 45 35 36 37 36 33 29 41 26 31 45 44 0 38 34 38 30 45 30 31 33 40 47 23 37 34 15 33 37 33 30 29 22 29 34 46 9 27 26 34 35 52 29 33 22 38 37 21 41 33 33 36 39 29 40 16 21 56 24 35 43 33 26 37 38 42 37 41 28 29 40 22 22 38 29 38 42 41 27 25 36 31 23 31 32 24 34 26 41 18 21 23 13 29 23 35 34 32 38 35 27 34 40 36 35 40 31 17 37 38 40 35 29 39 28 40 30 32 38 45 26 27 31 33 28 38 25 24 37 29 33 25 36 43 34 45 40 35 36 42 28 20 25 26 28 27 33 37 37 38 36 28 23 39 38 25 34 28 32 38 41 36 39 35 32 31 32 30 47 38 39 33 31 37 38 35 37 37 45 37 34 31 33 33 26 34 40 39 26 50 28 34 32 34 29 29 30 36 32 39 43 42 28 13 35 36 27 30 32 27 40 13 29 27 33 26 42 34 29 37 36 33 36 30 27 24 11 30 19 35 42 34 38 19 35 25 34 34 18 16 30 33 34 12 39 45 38 18 40 17 41 26 46 41 36 33 32 30 27 41 36 25 40 38 43 37 43 41 19 33 23 41 20 35 34 31 11 27 36 34 38 37 31 30 49 39 34 27 22 33 44 37 24 39 43 42 22 39 26 14 41 25 32 20 44 29 32 43 36 35 39 24 22 27 36 42 31 48 23 35 23 38 26 28 47 43 29 25 34 28 27 30 38 24 26 23 34 37 17 33 33 30 34 45 34 42 22 35 38 29 37 40 33 40 43 39 23 31 33 23 29 43 27 31 38 27 32 33 38 38 32 48 34 25 32 39 31 32 33 24 24 21 36 28 47 32 32 40 39 31 30 21 44 41 40 38 32 27 34 33 31 33 35 13 15 20 29 29 40 45 45 34 37 25 20 39 26 30 14 37 40 41 34 21 26 42 33 43 33 34 32 36 25 27 35 30 39 31 49 29 25 37 26 31 28 34 47 32 27 33 40 33 33 37 29 37 32 42 35 28 30 17 33 
22 17 26 18 25 26 18 17 20 21 26 25 29 27 34 24 24 25 14 25 16 22 22 23 29 28 12 27 16 22 21 36 30 26 21 33 24 25 13 9 27 30 23 18 29 13 17 18 34 20 0 18 11 16 22 22 28 23 12 38 34 17 18 26 29 39 24 19 20 11 25 22 34 20 28 15 16 25 36 15 26 11 18 29 10 27 23 21 25 23 19 20 21 25 36 23 31 21 33 15 24 24 32 25 27 22 18 27 23 27 20 16 19 30 18 22 13 21 27 21 17 20 27 14 10 29 21 18 25 28 20 25 24 12 19 25 14 29 20 32 25 35 34 15 21 17 25 31 22 33 17 22 25 18 19 20 30 25 22 27 22 20 29 14 19 35 18 21 17 18 22 16 41 29 22 25 31 25 22 28 21 30 17 22 30 34 17 25 6 31 10 36 26 17 21 10 27 13 16 19 14 38 25 27 23 18 2 29 26 20 25 28 35 24 30 28 22 19 29 23 19 18 21 33 12 23 25 29 11 18 13 18 23 5 15 22 20 36 23 20 21 32 9 23 25 21 18 29 16 17 22 25 18 8 29 24 26 22 29 26 20 15 21 17 18 30 22 21 19 11 30 33 27 28 7 14 16 20 28 22 15 27 25 13 22 35 24 30 16 12 29 25 37 23 24 24 32 38 21 24 15 21 18 30 30 25 19 30 33 18 21 24 28 14 26 29 23 32 27 21 24 40 9 19 22 10 19 24 18 14 18 23 22 24 29 26 27 35 20 21 9 30 18 27 18 23 20 28 30 20 31 26 44 17 19 20 8 34 30 18 18 25 20 27 29 16 26 22 21 35 19 11 25 22 23 22 37 21 3 22 16 29 23 19 26 27 21 26 37 28 23 22 27 27 32 24 21 29 31 4 29 27 16 24 20 12 27 19 36 18 31 28 31 23 18 19 28 19 23 34 18 20 32 11 24 28 25 29 19 29 27 4 32 14 25 24 11 20 27 24 24 26 23 21 24 26 22 26 14 23 24 29 22 14 10 17 20 18 20 23 26 13 31 21 21 22 13 32 30 14 22 24 9 19 25 40 24 25 23 26 21 19 4 33 8 17 25 30 20 30 17 20 29 23 32 27 31 23 17 20 
26 17 27 28 18 22 18 29 31 14 23 7 28 12 36 18 35 21 19 27 18 16 23 19 20 28 26 36 33 25 21 29 31 27 21 25 26 21 18 28 27 34 22 18 30 23 27 28 34 19 29 0 31 35 28 31 25 25 39 37 20 17 25 25 28 34 25 29 21 11 29 29 33 28 26 20 21 19 40 23 26 11 23 28 10 35 25 23 20 11 1 11 15 19 27 22 29 26 18 9 9 35 39 42 32 37 23 18 21 31 33 22 12 36 40 22 19 31 27 23 20 24 25 8 23 25 32 15 26 32 21 22 29 17 32 19 28 26 24 24 20 23 28 28 21 27 32 31 30 27 22 26 19 30 26 29 46 25 20 26 18 26 28 22 27 27 18 32 22 29 37 24 40 25 25 18 30 18 24 29 20 27 16 11 26 25 10 29 16 36 25 32 26 22 18 15 28 22 25 26 31 38 22 26 28 37 31 30 26 28 26 10 33 22 33 21 26 18 31 23 27 23 21 32 32 25 28 25 27 26 24 13 17 15 26 22 27 33 14 25 21 32 29 17 28 27 19 42 20 28 12 30 27 37 31 28 26 23 29 14 25 12 26 26 20 20 7 32 19 30 27 24 24 23 15 8 20 19 30 29 26 31 28 32 21 25 25 23 18 36 15 31 37 14 31 21 21 37 22 27 23 31 11 35 21 31 20 30 30 23 24 22 28 25 29 39 23 35 29 21 20 39 35 29 20 11 22 43 28 14 24 33 13 19 36 24 28 32 13 21 9 32 24 27 33 19 28 23 38 14 24 26 39 25 39 13 28 40 29 18 18 30 36 26 34 21 26 21 28 29 18 27 13 22 25 21 40 29 23 26 35 14 31 16 25 16 26 23 37 33 21 32 23 27 32 23 15 17 34 32 27 27 16 30 5 28 30 26 40 19 34 31 36 22 23 24 30 24 24 32 18 39 34 28 6 28 25 14 13 39 35 33 31 32 25 26 16 15 22 32 23 23 10 24 14 32 44 26 24 27 27 22 32 25 20 20 13 18 30 23 25 20 21 26 26 22 23 25 26 14 27 30 26 29 41 40 28 27 31 21 3 27 24 41 24 22 21 32 27 26 27 12 34 22 28 9 18 21 19 7 
39 31 39 38 40 44 35 36 42 38 35 31 35 38 43 30 48 36 32 36 31 37 27 12 36 38 27 22 29 24 35 35 43 37 32 32 38 24 31 30 39 43 36 41 44 11 34 39 45 36 41 39 0 43 40 39 40 37 36 49 36 30 30 43 37 41 35 30 27 30 33 22 41 45 34 30 34 30 53 36 35 36 28 44 29 42 28 31 32 12 29 27 25 35 43 36 33 39 38 25 35 38 52 41 30 43 23 45 31 26 37 23 36 42 33 22 28 41 40 34 30 25 37 36 31 44 44 31 27 41 22 25 29 30 42 46 27 29 34 39 25 27 44 28 39 37 43 38 23 34 35 37 27 32 36 37 46 35 30 34 40 28 29 34 33 42 26 42 35 41 40 29 48 34 24 39 42 30 33 43 34 30 37 23 38 29 34 38 26 41 34 38 36 24 30 28 32 37 29 32 33 37 34 38 40 40 43 37 35 32 29 32 39 40 37 44 42 30 42 37 20 24 32 49 33 35 23 34 33 18 32 25 39 25 34 36 9 43 30 38 31 47 30 40 30 23 29 48 30 28 22 31 35 36 48 41 38 38 30 15 22 39 39 38 36 40 35 40 22 38 44 28 27 35 28 31 31 40 39 30 38 32 38 40 31 45 41 45 21 38 43 17 48 30 22 27 33 36 23 40 30 41 35 37 33 35 35 39 42 33 40 26 47 37 36 27 15 45 29 35 35 51 42 39 32 32 38 43 32 33 31 31 29 36 33 18 32 40 35 29 34 33 31 27 39 24 40 46 37 28 30 33 47 34 41 25 30 48 30 32 31 43 32 33 44 32 39 35 36 38 32 32 36 27 42 35 41 33 24 37 38 34 41 32 32 28 23 38 42 45 43 41 28 45 47 30 29 21 29 33 49 30 35 32 33 33 43 21 52 7 40 30 38 38 34 37 40 38 25 51 33 47 24 30 45 37 37 38 41 43 28 31 30 41 38 29 29 27 34 21 42 39 33 34 24 39 37 27 34 28 35 34 35 38 30 27 36 37 32 44 15 33 28 34 37 40 25 37 41 33 39 16 28 37 49 49 38 17 26 26 31 30 26 41 30 31 14 35 22 38 37 36 35 34 41 37 41 32 26 35 
21 18 21 30 20 28 28 29 27 18 26 28 13 25 30 20 25 25 8 27 18 26 26 26 39 12 26 26 26 27 22 31 28 32 23 28 23 20 25 32 24 40 31 32 35 25 24 27 30 16 28 31 35 0 26 33 12 22 23 22 27 12 17 21 24 33 29 21 26 13 20 20 39 25 28 7 25 23 35 19 23 25 30 33 12 31 27 8 30 24 23 33 32 14 46 15 25 33 24 16 22 29 30 28 29 22 23 21 26 28 28 10 16 32 32 24 15 33 29 11 27 24 26 26 23 30 25 2 19 28 21 22 28 24 17 29 24 26 25 16 23 35 22 25 26 29 35 28 20 20 29 24 35 22 30 35 30 36 17 35 24 22 13 29 23 19 20 19 25 27 38 24 32 28 18 22 30 23 24 20 16 27 25 24 28 37 28 26 18 35 29 20 10 22 19 22 28 24 18 21 22 24 21 22 21 31 30 33 11 26 32 31 31 16 34 25 34 18 17 27 23 31 31 36 35 30 38 32 28 19 24 24 21 27 26 26 21 37 33 23 29 34 33 31 24 22 29 44 20 28 30 38 29 36 29 20 36 28 28 27 25 23 19 27 30 25 25 32 20 19 35 36 24 25 24 22 27 28 25 17 19 31 27 21 29 31 23 27 20 37 23 26 34 29 19 8 34 33 15 22 14 31 15 24 33 25 25 15 32 30 31 16 30 18 30 37 25 37 28 25 8 24 32 31 15 25 20 42 32 11 26 21 35 27 20 18 26 39 17 23 23 32 20 29 41 21 26 33 39 26 26 29 44 12 39 18 18 28 14 19 28 33 31 11 38 25 22 8 23 19 14 11 24 25 33 16 31 16 27 30 36 26 35 3 10 29 21 25 39 24 34 31 27 32 24 8 27 29 40 18 37 33 18 26 23 33 25 20 52 29 31 17 32 32 25 31 16 15 17 42 25 28 32 19 36 36 29 24 27 36 31 27 16 22 35 28 23 25 24 31 19 21 26 30 22 27 36 38 26 18 26 27 28 27 22 21 17 26 26 32 27 27 37 14 33 24 19 23 14 16 18 25 17 31 33 30 28 25 25 24 21 3 24 37 25 32 28 34 21 21 32 29 29 7 35 23 34 21 21 25 
37 36 41 33 24 39 33 29 22 33 36 33 36 40 45 32 37 18 23 34 26 24 26 32 33 22 33 31 15 22 40 39 37 24 35 36 35 38 28 20 33 36 32 31 43 28 16 39 31 28 35 28 35 40 0 39 27 34 37 46 33 30 28 16 25 31 17 29 13 25 21 24 43 37 23 22 31 29 51 30 34 30 33 38 24 42 27 31 36 39 29 24 29 27 40 32 35 31 39 23 37 37 38 42 37 33 32 31 35 23 36 25 31 45 33 28 28 40 32 20 24 34 38 22 20 30 39 17 25 29 31 26 36 27 27 31 20 30 22 39 27 36 23 22 21 32 42 37 17 35 32 34 33 36 20 32 41 38 30 36 35 31 36 32 34 42 32 34 32 38 43 22 47 32 22 37 41 32 32 29 29 31 26 27 36 38 29 37 21 30 34 43 35 26 20 25 35 36 32 32 29 43 28 35 29 33 35 31 34 30 29 36 37 11 42 30 37 29 27 36 34 36 30 32 33 32 37 38 26 22 32 29 33 28 27 35 38 47 27 33 29 36 30 31 19 22 11 44 32 30 31 37 35 34 16 28 33 20 34 37 20 30 34 38 33 20 35 32 35 34 32 37 28 33 29 22 28 29 37 32 33 41 38 36 28 28 18 36 20 11 28 26 37 16 31 23 37 45 30 27 37 36 30 39 42 29 17 34 44 29 8 33 32 32 38 44 33 38 36 34 31 48 24 38 22 25 34 31 39 27 24 36 26 32 35 27 21 42 29 31 30 30 25 33 39 18 30 30 35 23 34 27 52 32 31 27 23 43 20 37 29 38 37 34 44 31 17 23 36 34 27 22 27 26 10 24 38 32 27 23 31 34 27 18 33 32 25 23 43 32 35 19 33 27 32 31 24 30 34 25 32 35 30 34 33 22 30 28 49 27 35 40 39 32 17 34 35 23 32 37 21 43 33 26 34 36 38 31 22 37 42 37 38 37 32 28 24 31 36 39 14 16 24 25 26 39 37 30 29 36 34 36 29 27 25 18 22 39 30 33 31 33 46 29 31 27 23 38 29 28 26 25 24 23 32 45 39 26 33 28 31 31 19 39 23 28 34 34 29 19 21 30 38 30 30 32 32 29 29 21 
30 36 25 44 44 38 38 43 43 39 40 32 30 45 44 26 49 40 34 37 34 42 41 47 52 39 30 36 41 29 40 50 44 44 46 50 44 45 41 41 40 50 42 40 45 38 41 46 51 22 32 44 43 48 45 0 38 45 37 41 41 37 41 37 35 40 39 31 33 37 31 23 42 31 45 33 35 42 44 36 43 37 42 41 36 47 42 45 42 40 39 46 36 20 62 42 38 49 32 26 42 39 48 51 41 42 30 44 40 43 37 29 37 47 38 29 31 39 47 45 43 31 43 35 36 45 40 28 32 35 28 41 35 40 36 46 34 45 37 50 26 34 39 41 39 43 45 43 39 28 45 40 46 42 39 48 57 45 34 46 34 38 49 39 37 36 42 42 31 35 47 36 58 41 35 35 52 37 34 45 41 41 36 41 38 36 35 40 34 45 38 45 37 25 38 38 45 38 36 39 34 49 38 36 31 41 34 38 36 41 46 35 43 42 44 46 29 42 44 44 25 46 37 40 44 42 48 46 34 36 38 35 42 33 40 43 37 50 46 43 35 49 41 42 46 29 33 54 35 32 33 50 42 40 25 30 48 41 54 43 27 47 45 33 30 41 44 46 35 43 41 35 38 40 39 33 36 39 46 31 31 38 45 37 34 37 39 48 35 44 41 33 55 36 29 34 40 43 28 26 37 45 36 38 40 41 38 40 51 36 39 32 51 33 35 54 35 51 39 42 46 43 41 37 6 33 43 47 36 37 38 36 48 43 34 25 36 48 38 40 35 39 36 34 43 40 34 46 42 33 48 34 54 38 42 37 31 45 29 37 41 37 43 28 46 44 44 34 29 45 39 38 41 28 19 16 45 34 35 38 39 41 49 29 39 44 24 43 55 34 46 47 33 45 41 46 34 28 45 35 52 35 42 36 42 31 29 32 59 49 47 51 46 45 42 40 41 25 30 54 35 52 31 31 50 51 34 46 40 47 33 36 37 31 48 43 39 37 43 47 35 37 42 47 33 36 42 45 40 44 24 19 40 39 29 36 38 42 43 42 43 33 46 32 46 46 36 31 38 40 28 32 29 45 49 56 42 24 37 27 40 41 27 46 31 42 19 45 33 39 43 37 43 45 48 44 50 31 33 34 
26 30 21 21 19 23 23 29 33 27 36 29 27 25 30 29 42 29 17 21 9 26 15 32 33 30 31 24 32 18 34 39 26 29 25 38 32 32 16 22 34 37 28 26 42 16 27 31 40 25 19 32 24 27 40 32 0 34 22 36 27 24 22 27 34 35 29 34 22 24 30 20 36 31 33 8 19 18 40 10 25 24 21 36 23 33 16 22 21 24 14 32 27 23 48 29 27 24 26 21 22 36 31 36 22 34 18 25 33 29 25 18 25 23 27 22 6 35 31 25 30 20 32 21 25 31 32 26 21 27 17 27 24 15 20 32 21 31 23 29 17 29 36 28 24 20 30 32 23 30 20 15 32 22 21 27 27 27 8 33 31 13 27 27 19 32 31 20 16 29 31 15 20 16 16 31 27 18 18 29 7 32 25 24 33 31 27 28 9 34 22 29 28 20 18 13 19 23 27 27 28 38 12 13 34 25 21 35 25 24 35 26 32 22 26 24 25 23 33 30 14 30 26 36 25 26 31 32 25 25 23 26 23 22 25 30 30 38 27 23 24 30 22 32 29 15 23 35 19 22 24 37 28 27 34 33 27 25 36 27 16 25 24 30 21 30 20 31 27 22 41 30 29 26 20 23 24 28 21 17 26 27 32 24 29 38 27 36 9 28 22 19 40 25 18 32 34 27 17 22 26 24 24 33 30 37 22 29 33 28 33 26 26 25 29 32 24 33 21 29 22 38 28 33 29 23 28 37 34 21 24 25 34 26 31 13 30 38 26 34 22 25 11 27 31 24 28 36 31 27 37 31 43 12 37 13 18 39 28 31 19 28 24 25 33 20 27 21 32 7 5 24 15 24 35 25 27 16 16 24 32 24 35 27 24 26 21 34 38 37 31 32 22 30 37 22 28 23 35 23 35 24 29 17 18 25 25 13 53 31 32 31 24 30 22 22 30 28 19 40 24 31 26 25 38 25 32 27 26 37 22 15 26 25 26 17 14 16 25 34 25 27 23 34 22 32 31 32 17 18 27 22 29 32 13 19 26 28 24 23 34 18 37 25 24 32 17 25 28 27 31 18 23 31 36 18 24 19 18 18 16 17 22 28 22 33 28 23 14 30 29 23 30 21 36 16 31 20 21 20 
30 36 38 33 34 41 32 11 31 32 32 41 31 31 39 28 37 36 24 14 30 34 14 35 38 19 31 29 39 32 24 42 46 35 32 43 1 39 23 21 42 49 33 33 47 28 31 30 48 24 33 39 23 40 39 31 38 0 34 28 38 33 21 35 38 33 35 30 30 30 34 34 35 33 32 29 26 37 41 27 25 30 28 33 29 26 44 25 22 30 34 35 32 32 51 35 39 31 20 28 28 38 41 37 27 28 28 37 38 30 24 19 30 39 17 26 27 29 20 35 34 28 36 35 31 32 37 32 34 37 25 28 34 22 24 45 33 32 25 29 32 33 40 32 22 32 40 35 27 37 27 31 46 22 33 34 37 38 22 38 37 34 37 26 23 32 37 30 27 23 28 35 44 35 21 36 34 33 11 30 37 33 37 26 40 35 28 28 21 39 16 27 17 27 26 20 33 35 29 32 22 42 26 31 24 38 35 40 29 29 39 41 42 30 24 12 37 22 24 33 29 24 35 39 24 33 36 10 22 31 24 20 35 27 26 32 32 46 32 26 30 37 21 31 28 20 29 31 28 30 29 31 27 41 32 31 28 32 41 33 30 31 31 29 33 25 26 32 31 27 41 34 30 30 19 22 17 39 36 30 32 35 38 29 29 38 34 41 37 42 41 24 38 33 28 38 36 42 32 36 27 36 29 39 36 41 29 33 37 30 27 32 37 31 28 44 36 44 26 31 32 30 18 27 33 30 29 35 37 32 6 38 37 34 43 24 30 48 31 40 28 30 20 31 30 28 22 37 42 37 43 36 52 29 44 28 31 47 36 37 18 35 29 29 39 28 26 33 40 45 35 18 29 32 29 17 45 33 15 25 36 19 42 33 31 29 35 38 37 31 35 33 21 28 37 32 38 27 36 36 39 39 35 29 24 24 28 18 45 30 37 34 33 27 30 29 30 32 34 44 32 36 30 19 43 38 35 28 40 37 37 28 35 30 25 41 21 22 29 37 33 35 28 34 22 36 21 43 29 18 35 37 34 27 25 24 4 39 23 36 38 29 44 33 31 15 16 19 32 33 35 23 17 38 41 51 28 23 23 33 30 27 29 44 29 35 23 39 19 34 36 30 30 31 44 40 35 32 18 34 
21 24 27 17 25 16 23 18 26 9 26 14 20 23 33 23 29 16 13 23 18 22 18 17 28 23 24 27 33 20 28 27 35 25 21 24 21 16 12 24 31 29 22 22 38 12 26 33 33 21 28 26 26 33 33 10 29 20 0 32 25 12 21 20 27 29 21 24 15 17 23 15 27 30 29 17 15 14 35 16 22 22 17 27 19 33 29 15 13 22 23 19 23 19 35 22 25 20 22 17 20 32 33 31 28 22 17 26 29 27 28 11 7 32 30 26 15 20 27 18 20 13 28 19 18 34 28 19 16 31 10 26 23 11 28 22 17 29 19 23 18 32 22 18 20 16 30 35 28 27 16 24 30 26 24 18 37 25 17 26 12 22 20 26 27 26 24 29 16 25 22 19 40 19 20 13 34 14 24 27 16 25 16 16 29 35 5 25 5 27 10 27 21 16 14 9 27 1 23 26 14 31 21 22 21 32 26 30 18 22 25 17 28 22 27 16 21 22 26 26 20 18 26 29 27 22 35 27 21 11 1 6 12 4 3 26 26 24 22 19 20 38 24 23 25 21 15 38 23 22 23 25 6 32 30 20 19 21 36 25 19 23 20 21 17 23 18 9 13 24 33 33 28 16 22 14 4 19 24 23 22 20 32 26 29 34 22 18 22 36 27 25 34 18 25 25 26 36 15 28 30 20 6 29 23 24 18 22 23 21 29 23 34 21 15 28 20 31 30 25 15 34 30 18 16 19 7 33 30 18 13 22 21 23 26 22 27 34 8 27 20 25 20 31 30 14 24 33 34 19 22 26 39 18 33 9 22 35 21 25 22 24 8 18 17 16 23 25 28 29 14 20 24 20 29 21 30 22 18 27 30 17 22 20 17 21 16 25 34 27 12 10 18 26 20 15 20 27 38 16 34 30 22 26 16 17 30 22 45 21 30 24 32 25 18 18 17 18 17 39 20 33 30 11 32 17 23 25 21 28 28 28 23 26 28 26 10 8 15 33 18 20 21 24 24 27 34 25 13 22 23 18 28 19 9 23 8 6 28 25 26 18 28 21 20 26 21 21 21 20 21 24 9 18 36 28 32 23 24 19 14 26 18 34 18 29 19 32 20 21 16 19 29 14 23 21 29 16 5 18 
35 31 35 36 34 26 30 37 31 25 38 18 22 32 40 31 38 32 24 35 30 29 34 33 40 24 26 18 35 32 35 43 40 36 28 40 15 32 30 32 36 44 35 32 44 31 35 5 34 31 34 24 35 24 42 31 28 35 33 0 21 29 29 25 32 11 35 32 20 25 28 25 37 40 31 23 33 30 47 24 23 25 24 40 24 39 30 27 34 35 25 35 30 32 51 37 33 38 34 26 29 29 37 43 29 34 26 37 36 32 44 16 23 40 32 28 27 33 34 35 16 18 22 32 16 39 31 18 12 28 15 31 32 29 29 24 33 35 28 36 11 33 31 14 30 35 37 18 9 40 34 36 25 36 31 25 42 26 23 37 22 34 37 23 29 39 32 26 23 37 28 35 43 29 23 29 33 30 32 26 31 36 32 26 39 35 21 26 24 38 33 36 22 25 30 27 33 34 27 30 30 30 27 37 32 39 36 34 17 31 21 21 24 26 35 32 34 21 29 37 28 27 33 45 36 39 38 26 34 21 20 28 28 23 22 36 37 43 34 25 27 45 33 28 27 19 30 40 23 31 28 33 27 42 43 31 25 32 18 38 30 36 35 37 34 29 31 28 23 35 38 34 33 31 31 19 23 35 31 27 25 25 36 37 37 40 27 34 28 42 34 23 33 23 28 24 36 34 23 32 32 21 22 14 28 16 29 21 38 37 38 32 41 24 34 47 34 37 28 35 32 2 32 31 29 25 26 40 32 32 32 39 34 38 30 21 29 26 24 31 23 32 17 33 42 10 26 35 35 27 38 30 53 26 42 25 24 44 38 32 34 42 31 35 45 32 25 14 33 35 29 23 20 30 37 32 21 30 27 34 37 26 31 19 31 31 20 28 31 35 31 29 27 23 35 32 28 27 44 18 16 38 30 37 29 36 35 20 53 37 22 32 38 34 33 36 22 34 25 21 31 44 30 27 30 39 39 26 31 33 36 30 36 38 24 31 28 29 30 43 23 25 28 20 30 37 36 34 32 32 36 31 25 28 28 24 24 29 31 37 18 25 32 30 23 29 24 33 38 28 29 22 25 37 39 46 34 23 25 12 27 27 27 42 31 33 30 30 21 24 35 23 36 31 37 33 36 32 24 31 
34 25 34 32 18 33 24 31 31 21 32 18 26 23 31 23 32 28 19 23 24 21 15 22 31 35 20 27 33 21 29 24 36 31 27 36 33 28 18 22 36 41 32 26 38 21 30 31 27 19 28 11 19 39 31 25 31 32 33 44 0 25 26 25 35 41 30 33 26 19 31 19 36 28 25 23 21 18 42 25 34 19 23 28 18 35 16 20 17 22 12 22 26 24 38 33 12 26 29 20 20 23 32 36 26 36 23 29 32 32 25 24 19 40 26 22 21 37 33 31 10 28 34 19 3 36 35 26 6 32 27 31 29 17 30 30 25 35 31 35 22 29 34 8 21 31 36 35 28 32 22 30 30 29 30 29 35 27 30 36 29 28 26 2 23 38 26 21 22 37 42 27 48 36 20 25 39 26 20 27 29 22 27 20 35 31 21 24 26 32 30 22 33 19 26 15 37 33 27 26 30 31 30 35 22 32 30 34 29 28 33 21 18 20 35 28 34 27 39 31 17 33 27 37 25 28 33 5 27 15 25 22 24 25 27 30 28 37 25 6 26 36 22 28 21 19 24 27 24 25 23 26 21 33 27 32 19 27 36 25 19 23 26 30 28 20 18 33 30 22 38 30 33 26 20 19 25 30 32 18 30 35 32 24 32 33 27 30 9 37 26 23 37 25 20 32 30 34 2 24 28 33 18 26 32 38 24 22 33 31 19 26 32 30 29 37 24 31 25 29 28 46 37 35 28 19 20 40 26 25 26 28 24 29 30 24 23 40 20 11 17 29 26 27 31 26 13 34 34 25 34 30 45 25 36 21 19 39 27 26 19 30 28 24 33 20 19 32 29 35 27 24 24 24 21 26 33 29 16 31 31 14 37 27 23 25 20 20 38 26 31 34 22 27 32 21 26 23 38 12 38 27 24 27 16 25 27 17 51 17 36 29 32 22 22 24 23 27 4 35 23 31 30 27 17 25 33 25 24 40 25 27 28 25 18 17 16 24 25 31 23 25 21 14 25 33 30 37 28 31 35 30 32 22 30 23 20 29 28 31 34 24 32 25 26 30 21 33 34 22 30 22 25 33 36 45 28 23 22 23 14 27 21 38 24 33 11 23 18 16 31 23 30 27 36 20 29 20 26 18 
9 22 18 18 16 20 20 26 25 24 33 24 24 22 27 26 39 26 14 18 6 26 27 29 30 31 28 21 29 15 26 19 23 26 22 16 29 8 13 23 32 34 25 23 32 13 18 29 37 22 16 30 25 32 37 29 33 31 28 27 27 0 19 24 28 32 26 31 19 16 24 17 33 31 30 5 16 26 23 7 22 16 18 33 15 30 28 19 18 21 11 29 24 20 45 26 24 21 19 18 19 33 28 32 19 31 15 27 29 26 33 15 22 20 24 19 3 32 28 22 25 17 29 18 22 28 29 23 18 24 14 24 21 12 17 29 18 28 20 26 20 26 33 25 21 17 27 29 20 27 17 12 29 19 18 24 44 30 5 30 27 10 24 25 16 29 23 17 13 26 28 12 42 18 13 28 24 15 15 26 4 29 22 21 30 28 25 25 6 31 19 26 31 17 15 10 16 29 24 24 25 35 9 10 31 31 18 30 22 21 32 23 30 19 23 31 22 20 30 27 11 27 23 33 23 23 28 32 16 22 22 23 20 19 24 27 27 42 24 20 21 27 23 29 26 12 20 32 16 19 21 34 25 24 31 30 24 22 34 24 13 22 21 28 18 27 17 30 24 25 39 27 26 30 21 20 21 25 23 14 23 24 30 27 26 35 24 29 21 25 28 16 22 22 15 29 31 24 14 19 23 21 21 30 27 34 19 26 37 28 26 23 23 22 28 29 24 30 18 26 19 29 25 30 26 15 25 34 31 22 21 22 28 24 26 10 27 27 23 26 14 22 8 24 29 21 25 32 28 24 14 26 40 9 34 10 15 39 25 23 16 25 21 22 32 28 24 18 29 33 2 25 12 21 28 22 37 13 17 21 29 21 32 24 21 26 16 31 34 34 28 31 19 27 34 19 25 20 32 20 32 21 21 14 15 24 22 10 50 28 29 21 21 27 19 19 27 25 16 37 22 34 23 22 36 30 29 24 23 34 19 20 23 27 23 25 11 13 29 25 22 24 20 29 19 15 28 29 14 15 24 19 26 29 10 16 23 30 21 20 33 15 32 25 21 27 14 22 25 19 28 15 20 28 39 44 21 16 15 21 13 14 19 25 13 30 25 31 11 27 26 20 27 18 33 22 28 28 18 17 
26 29 33 25 29 33 31 25 35 18 36 29 13 21 22 28 34 25 19 35 19 27 27 26 33 28 15 18 36 29 33 36 36 25 20 33 30 25 20 27 34 32 28 30 41 20 26 40 27 26 23 24 34 39 37 36 23 29 34 40 27 17 0 29 21 23 24 29 9 24 17 20 39 35 33 18 23 23 36 24 37 24 16 35 23 41 32 17 14 24 24 28 22 28 44 15 34 28 27 19 18 25 41 37 22 32 25 32 28 31 37 5 16 31 32 26 16 36 33 35 23 7 26 21 16 30 29 13 24 25 4 29 28 19 30 31 16 33 29 33 15 32 22 21 28 24 38 38 33 23 24 25 32 31 27 31 44 32 12 26 29 23 36 29 23 31 25 30 24 30 35 18 23 25 20 22 13 21 32 17 21 27 22 21 37 34 32 26 13 37 26 27 26 22 23 17 23 35 29 32 31 21 16 27 30 30 25 32 8 26 32 32 36 32 26 25 29 1 33 30 27 33 34 37 34 28 31 32 29 16 34 21 21 28 34 29 24 38 27 27 19 40 32 32 32 19 26 39 24 28 25 37 32 31 38 29 20 21 33 27 27 25 28 30 25 27 20 39 24 30 42 33 24 20 28 27 30 25 22 9 23 14 37 32 34 29 31 27 31 32 32 23 39 12 11 19 31 25 26 30 30 28 15 33 17 33 18 12 27 29 34 19 36 22 34 36 29 34 25 28 32 42 32 34 18 23 21 43 21 27 20 30 30 29 31 24 28 41 17 22 22 25 21 31 38 23 26 32 39 27 31 28 36 24 36 18 10 37 29 30 29 32 24 28 38 25 30 12 24 30 19 25 19 25 32 18 39 28 26 26 34 21 31 14 22 26 21 26 46 33 30 35 27 29 35 31 28 26 37 18 31 36 29 27 18 26 33 17 53 24 36 26 28 29 27 26 13 24 28 36 21 39 30 28 30 33 32 23 26 36 35 27 19 33 31 33 18 9 19 34 27 29 23 27 27 32 36 34 21 30 32 27 28 28 17 23 17 29 28 33 30 26 40 23 28 28 21 26 31 27 27 22 26 27 31 41 20 23 18 16 16 27 22 40 26 35 28 34 14 22 25 27 25 31 26 28 31 25 28 20 
31 20 27 30 30 37 26 29 6 25 36 39 23 32 37 19 32 25 21 32 27 17 32 33 33 29 35 28 32 25 24 40 28 31 32 38 19 32 29 27 24 39 20 29 41 30 32 39 31 15 33 32 32 24 39 34 18 18 38 37 38 28 20 0 21 43 24 31 20 22 17 30 46 24 27 20 33 30 45 24 18 22 34 22 21 36 34 24 32 31 21 31 20 20 47 28 33 38 31 26 29 30 39 32 26 38 22 34 26 7 40 23 23 41 35 17 24 36 33 24 31 27 26 28 26 28 33 15 32 25 24 27 28 29 32 30 27 31 27 31 21 33 32 31 5 29 33 28 34 28 33 33 25 36 27 25 38 26 26 30 33 30 29 35 33 34 21 29 27 35 28 29 38 34 20 29 33 30 29 13 25 27 22 30 38 35 23 21 23 34 27 33 32 31 27 27 33 39 22 25 32 27 26 31 29 33 35 24 18 28 32 40 25 29 38 30 30 21 29 26 28 33 29 31 33 28 35 28 31 26 19 32 20 22 21 25 37 34 27 21 25 20 30 18 23 19 18 49 28 31 28 21 32 37 38 28 33 27 18 34 30 32 32 26 21 4 27 27 27 31 28 23 24 26 28 9 22 25 28 29 27 34 31 33 31 37 31 26 27 41 36 23 21 23 28 21 39 38 28 28 35 32 22 37 37 34 24 18 42 29 30 32 16 26 33 45 33 23 25 24 21 39 36 34 29 22 25 40 27 11 24 31 33 29 35 21 25 26 16 24 20 29 29 22 34 28 34 30 39 33 38 29 49 26 40 25 25 38 30 21 13 38 28 27 40 32 21 21 29 25 23 29 14 30 32 28 22 30 24 29 31 27 31 16 26 26 31 31 32 34 30 28 34 11 16 24 34 27 33 28 16 37 27 34 25 29 26 17 52 34 36 32 24 16 29 36 19 25 30 21 19 40 30 29 37 37 28 21 33 43 36 27 32 34 20 35 28 29 34 40 28 29 11 29 30 32 39 34 26 32 36 34 35 28 18 5 22 33 28 28 30 21 43 27 37 33 21 31 27 25 28 22 27 30 27 36 29 23 22 22 23 27 25 38 29 12 26 32 18 27 28 14 25 23 36 34 19 29 23 27 
29 26 30 24 27 21 19 27 29 19 25 34 28 21 28 25 36 26 20 14 27 23 19 27 35 29 35 21 32 28 30 37 36 28 16 34 17 26 19 22 32 35 29 27 20 19 28 31 39 26 32 33 24 38 36 27 28 16 35 40 30 23 23 30 0 38 30 18 25 6 20 25 32 30 22 21 22 15 43 26 31 20 24 32 5 29 20 27 24 20 10 26 11 24 42 26 33 27 27 18 18 26 40 30 31 21 21 33 17 25 29 21 17 34 33 20 26 27 12 31 29 23 33 17 25 27 32 18 21 4 20 18 27 18 33 22 19 22 19 27 25 25 37 30 8 23 26 35 33 26 23 31 28 32 17 26 43 21 28 33 17 9 33 27 23 30 13 33 23 30 34 21 42 24 23 23 23 19 11 16 27 6 23 19 28 27 15 27 12 36 25 30 27 19 19 16 34 31 25 28 24 23 28 31 21 29 34 33 23 17 33 37 29 25 29 24 28 24 34 26 30 12 22 34 25 7 25 26 20 24 29 17 22 11 13 25 27 33 29 22 17 27 22 11 26 28 24 31 16 31 8 19 23 40 37 20 30 24 33 23 26 21 27 30 12 29 16 27 18 29 21 18 3 23 20 12 14 26 24 22 29 30 34 31 17 31 29 28 13 37 30 32 22 23 14 24 29 28 25 31 28 27 16 31 30 31 25 14 30 19 33 22 23 28 24 35 21 30 24 24 28 42 34 25 29 20 17 35 22 19 22 29 28 8 36 16 28 39 18 16 18 36 13 25 25 24 29 32 41 23 32 29 28 28 36 14 23 35 33 27 23 31 37 31 30 17 28 24 33 35 25 24 22 23 34 28 38 21 16 20 33 23 29 19 30 24 26 32 35 24 30 28 26 14 35 28 24 19 31 27 36 36 11 13 14 24 29 32 49 29 32 27 26 31 19 25 15 15 19 41 21 38 22 21 38 22 28 23 22 35 38 36 22 32 27 14 17 19 22 31 28 30 19 24 10 33 37 32 20 30 23 23 34 28 16 17 16 31 25 32 21 14 36 21 27 17 18 26 31 9 18 31 19 25 30 38 28 15 31 21 12 23 21 36 25 30 25 20 27 30 23 26 23 27 20 26 27 17 14 16 
30 20 31 35 28 29 28 33 20 27 36 20 32 25 35 22 27 26 20 27 19 25 25 31 33 30 15 31 39 28 24 34 31 32 24 38 25 34 19 28 31 44 34 21 33 29 25 41 37 20 23 13 29 38 32 27 32 24 28 41 10 28 28 14 32 0 25 21 21 14 29 14 33 29 27 18 22 28 44 26 30 14 24 29 13 30 26 27 24 24 14 24 27 27 40 26 22 27 30 17 22 18 34 41 31 32 24 29 27 21 35 26 25 37 21 21 16 39 30 30 12 23 26 21 5 33 20 25 1 33 25 29 26 18 30 30 28 33 27 35 17 35 41 10 19 34 37 35 33 33 23 25 30 38 28 30 45 29 32 37 25 23 32 12 18 38 21 23 23 33 33 25 44 27 25 31 34 22 24 27 32 32 29 15 28 37 23 19 25 34 33 32 28 16 22 16 35 29 30 33 25 39 28 32 21 32 25 29 27 33 28 23 13 22 36 34 29 22 35 26 27 34 31 39 35 29 39 15 25 10 25 17 28 27 27 25 28 39 27 16 27 34 32 26 23 24 19 29 12 20 24 28 23 31 35 20 21 28 23 27 26 25 27 31 29 18 20 33 15 31 31 33 31 27 28 17 28 32 32 22 14 30 39 33 33 31 29 36 19 35 26 28 35 24 24 31 25 38 12 32 23 36 24 29 33 34 25 30 34 35 27 23 30 13 30 38 25 33 30 24 27 43 32 37 30 14 22 35 21 23 28 38 26 30 25 26 25 40 24 21 12 34 21 26 41 32 15 35 39 21 37 25 47 28 33 17 22 43 33 21 27 31 33 30 37 30 21 3 24 39 30 29 22 19 29 28 36 24 26 26 30 15 34 26 29 20 15 30 46 24 26 26 32 25 28 27 22 29 37 7 30 30 19 26 18 30 35 22 47 26 40 35 34 23 26 25 31 31 14 35 21 40 32 22 19 31 28 27 26 39 35 27 32 33 20 27 17 19 26 33 25 27 19 16 26 36 25 37 31 34 25 26 31 17 29 13 26 29 33 26 34 25 34 34 27 25 26 29 33 17 18 27 20 31 41 43 23 25 27 18 16 22 18 38 22 26 21 30 23 26 29 25 32 26 38 22 27 21 22 20 
23 28 24 18 21 22 16 25 25 23 19 16 24 26 28 16 32 1 20 18 17 20 21 31 16 5 26 24 25 21 32 33 28 23 18 21 23 22 24 3 24 35 23 25 26 18 17 22 30 18 25 27 28 31 27 28 24 22 20 33 30 14 11 21 14 34 0 12 12 8 12 9 28 27 24 16 16 23 37 13 28 25 23 25 7 31 22 19 19 25 15 7 16 22 23 23 27 32 25 6 23 20 21 32 27 34 22 32 21 11 31 9 21 31 30 21 14 29 24 22 20 18 24 5 19 13 22 14 21 18 15 9 21 23 10 16 19 13 5 27 12 26 33 18 22 17 28 28 13 25 28 17 16 25 3 32 24 26 16 27 18 14 24 18 25 30 15 28 18 28 35 21 34 25 5 25 24 17 15 28 15 14 17 10 19 28 19 21 17 31 30 31 23 11 3 21 25 19 15 18 17 32 18 21 12 27 27 22 19 13 25 19 24 19 32 29 33 12 10 26 17 23 19 20 16 20 34 21 16 5 15 12 23 18 17 29 23 36 10 25 26 29 13 21 20 20 10 35 17 25 17 30 24 33 36 11 25 19 25 24 19 13 27 21 20 25 21 15 19 31 26 26 11 22 12 12 18 20 30 15 16 25 24 33 26 22 21 32 15 34 29 24 22 15 17 19 20 31 17 25 20 23 20 24 28 12 16 23 29 12 28 18 25 15 21 27 16 32 26 28 19 35 25 27 21 19 19 39 30 18 23 28 9 21 18 17 22 29 19 18 23 30 19 26 22 14 27 27 34 10 28 18 41 15 28 12 8 36 25 29 17 35 28 22 32 20 18 20 31 31 13 5 17 9 30 17 26 15 20 6 25 23 10 15 21 15 8 24 26 15 18 15 22 28 30 19 11 20 17 21 23 27 13 17 19 5 28 18 36 26 18 28 32 19 18 21 24 6 19 28 16 40 23 14 33 30 28 28 9 34 25 28 21 29 24 22 22 14 21 24 19 19 14 24 19 25 28 13 14 21 17 21 26 22 21 8 21 22 13 23 14 16 30 25 27 19 6 24 25 11 9 23 12 6 37 42 30 16 23 13 17 14 13 31 17 16 27 28 19 25 4 20 34 18 28 24 22 12 16 4 
21 22 30 30 24 28 16 20 25 27 34 31 24 29 17 22 30 16 21 6 18 20 29 34 31 20 26 13 32 27 26 22 21 22 18 28 22 20 25 18 27 27 30 13 37 25 28 33 29 18 28 26 28 43 32 23 25 21 33 37 32 12 11 26 23 30 15 0 11 23 19 24 34 27 19 17 27 21 35 19 20 24 19 24 22 29 36 22 19 17 19 22 25 23 38 26 31 33 22 14 26 8 28 32 27 30 27 30 26 22 34 9 25 26 36 27 15 31 30 27 25 13 29 20 18 24 32 15 27 25 15 20 27 24 25 31 11 24 20 33 23 36 33 23 29 29 26 31 25 18 29 24 31 26 18 31 39 30 17 32 24 18 24 29 27 26 30 17 12 25 35 13 34 30 5 25 24 22 3 25 16 24 24 15 26 38 31 9 18 26 29 22 32 17 18 22 28 34 24 27 29 29 21 21 23 27 30 25 19 13 34 29 31 21 21 27 21 12 25 18 23 25 19 31 27 30 34 31 16 20 27 12 23 29 29 17 19 37 25 30 22 26 24 21 15 24 9 23 28 23 29 32 19 36 33 22 25 18 37 20 25 28 32 27 24 29 13 30 25 32 31 26 22 22 27 12 9 27 30 4 30 20 33 27 28 33 28 32 29 28 27 27 34 14 6 21 25 20 26 31 13 33 24 28 23 27 15 20 29 27 29 14 22 29 20 38 27 23 30 16 24 39 36 29 20 22 26 27 30 18 15 33 24 31 30 22 17 39 19 30 22 31 12 32 33 26 24 27 40 25 26 21 31 21 34 17 5 32 25 23 22 35 30 23 31 23 13 19 32 32 14 20 17 20 27 13 35 3 25 17 25 23 25 16 26 20 23 32 32 26 27 30 31 31 18 24 26 30 28 29 35 33 28 22 22 20 30 22 50 29 21 31 24 18 21 31 21 21 25 40 19 41 34 26 30 28 20 23 24 39 31 32 14 28 29 20 23 14 21 37 24 26 14 21 25 27 40 28 26 27 5 26 37 20 20 8 19 29 13 18 25 14 33 18 33 25 6 21 30 26 20 26 24 21 37 43 30 27 24 24 20 25 19 37 20 27 33 20 20 28 19 31 22 26 28 29 22 23 10 19 
30 32 28 25 22 33 31 34 35 29 31 22 32 27 40 28 27 34 10 26 23 31 19 34 28 24 32 33 30 29 36 37 29 16 28 33 29 34 20 26 25 41 19 30 32 20 28 35 18 31 27 15 28 41 28 29 14 28 29 33 30 26 25 29 12 38 33 24 0 18 8 21 40 30 26 9 23 27 44 24 30 26 25 39 17 41 30 28 28 26 16 19 23 33 35 19 25 28 33 18 24 32 32 35 31 33 25 23 29 36 29 12 27 37 41 17 20 39 24 35 14 27 29 23 7 39 27 4 21 16 24 24 31 19 21 34 25 28 31 34 24 34 40 12 20 24 34 29 24 38 24 29 34 27 29 31 41 33 22 23 29 21 36 31 27 37 25 21 24 40 33 27 34 30 20 33 35 28 23 28 21 18 13 22 31 36 25 33 13 34 21 42 22 23 23 17 27 27 20 23 27 35 20 27 24 33 29 23 29 28 23 25 33 24 29 17 29 26 29 33 28 24 34 43 29 19 33 33 27 17 27 24 32 23 25 32 31 41 22 23 28 39 26 23 25 29 27 31 22 32 20 30 25 35 31 23 23 12 30 29 27 25 21 32 24 32 22 35 22 21 33 30 15 25 24 23 26 16 35 27 21 34 29 23 28 28 31 38 23 36 25 33 30 3 26 10 32 40 17 29 32 28 26 26 36 24 9 26 34 30 29 30 35 20 31 36 28 42 27 31 34 35 36 37 9 26 24 46 34 29 29 30 21 20 26 20 25 42 28 28 24 37 25 22 35 25 17 35 42 22 38 19 40 26 27 24 28 30 21 33 23 32 29 30 39 29 23 10 41 21 19 23 23 26 31 18 33 27 20 32 37 26 22 5 33 27 20 36 41 27 36 27 26 20 39 31 23 28 33 27 41 38 23 25 20 17 32 27 48 31 30 37 34 33 29 26 27 18 19 39 13 30 34 24 21 34 35 26 21 43 36 29 34 24 22 26 18 23 26 35 27 29 25 18 21 30 40 25 21 23 29 33 38 32 17 23 9 28 27 33 26 26 36 16 28 19 20 36 40 21 21 32 22 18 35 32 30 27 30 25 18 29 25 31 26 34 22 32 28 32 16 27 31 33 17 24 33 24 21 22 
38 36 38 34 37 40 23 22 36 27 24 28 22 31 39 22 39 34 30 26 33 24 13 34 34 35 32 31 35 25 40 41 40 28 32 39 27 34 29 20 36 36 39 37 41 29 34 29 41 29 36 34 22 41 37 37 24 26 33 44 31 30 17 31 34 40 37 28 26 0 30 19 34 36 18 30 22 16 40 34 41 30 28 31 28 45 14 31 31 30 20 31 21 27 47 32 29 37 37 21 28 31 45 33 35 31 23 32 13 35 23 15 25 44 38 24 30 37 16 34 33 24 27 20 26 29 33 29 22 37 21 28 29 28 40 16 23 32 29 37 22 27 31 31 31 31 39 34 33 35 27 37 31 43 27 34 41 25 29 41 37 19 36 25 33 39 7 40 28 40 44 25 40 40 29 31 30 29 23 26 31 33 33 22 24 29 27 32 22 37 35 40 33 21 29 26 36 34 29 32 30 30 29 27 18 37 38 34 17 27 40 31 26 34 31 34 38 18 30 36 25 22 26 35 23 17 44 31 27 25 23 24 30 21 25 35 31 28 28 25 27 21 20 38 27 28 32 43 26 33 18 29 33 37 40 17 32 24 34 33 27 31 37 28 34 31 26 31 30 39 42 27 30 24 18 29 23 36 31 26 30 31 30 41 27 44 32 27 7 31 29 32 32 28 24 19 32 38 19 26 26 37 24 30 34 36 25 21 31 29 32 26 17 29 27 45 22 24 20 34 31 46 42 35 31 22 11 47 31 29 17 32 33 18 30 20 29 44 26 10 28 32 32 29 29 29 36 33 40 26 39 30 38 33 38 24 24 34 34 37 17 37 37 34 31 18 25 29 36 31 29 22 32 24 34 32 37 31 14 30 35 25 34 30 31 25 20 34 36 39 34 32 20 37 41 31 27 21 40 27 40 35 5 23 24 23 29 26 50 29 36 31 25 25 20 35 22 30 20 45 22 48 26 27 40 23 37 33 25 41 33 36 32 42 24 15 27 26 23 43 29 30 29 20 20 39 42 35 30 39 33 28 33 35 26 27 26 36 19 36 31 30 35 20 31 11 12 36 37 3 33 31 25 30 47 42 37 19 31 23 22 33 23 43 27 29 19 21 27 30 28 26 33 30 34 31 37 18 24 19 
22 30 34 25 31 25 23 27 28 23 29 35 32 25 32 27 40 30 24 18 31 27 23 31 39 33 34 25 25 30 31 35 25 32 20 32 21 30 23 20 21 39 11 31 24 23 25 35 43 27 35 34 28 41 40 26 30 20 21 40 23 27 27 22 4 42 31 22 27 10 0 29 36 34 26 25 26 19 36 30 35 24 28 36 9 33 24 31 28 24 14 30 15 28 46 11 34 31 31 22 22 29 39 34 35 25 25 37 21 29 33 25 21 38 37 24 29 31 16 30 33 27 21 21 26 31 36 20 25 8 24 22 24 22 37 26 23 26 23 30 29 29 40 31 12 24 30 25 34 30 27 34 32 36 21 30 35 25 32 15 21 13 36 25 26 33 17 37 22 33 27 25 29 28 24 27 27 23 15 20 31 10 5 23 32 31 19 30 16 26 18 34 31 23 23 20 32 22 29 32 28 27 28 35 25 33 34 19 27 21 15 38 33 21 33 28 21 28 37 30 33 16 26 38 29 11 29 28 24 28 22 21 26 15 17 29 31 37 33 26 21 31 26 15 30 30 25 35 19 24 12 23 22 35 33 24 34 28 35 27 28 25 31 34 16 26 20 30 22 33 25 22 7 21 24 16 18 8 28 26 30 34 38 35 20 20 24 32 17 39 34 34 26 19 18 26 33 32 25 35 32 31 20 35 31 35 25 18 34 22 25 26 27 29 23 39 25 34 28 28 32 42 33 29 25 24 21 39 26 23 26 22 32 12 18 20 17 40 22 20 22 40 17 29 29 28 33 36 34 27 30 15 32 32 40 18 27 39 13 31 22 35 25 32 34 21 30 26 37 37 29 22 26 26 27 20 41 25 20 24 31 22 33 21 33 28 30 31 39 28 33 31 30 18 38 31 28 23 30 31 33 40 15 17 18 23 33 36 53 33 36 31 30 30 23 29 19 19 23 38 25 42 26 25 40 26 32 27 26 39 41 36 26 35 29 18 21 23 26 35 20 22 23 28 13 28 41 36 21 34 27 27 38 32 9 20 20 27 29 36 25 18 40 25 31 21 22 30 34 13 22 33 23 29 34 42 22 19 35 25 16 27 25 40 29 34 29 24 31 27 27 30 27 31 24 30 31 21 13 20 
19 19 33 21 24 30 23 20 20 16 25 9 18 30 21 24 26 23 22 32 22 21 18 24 29 16 26 17 32 27 23 30 21 33 27 31 28 23 21 25 17 31 24 21 29 15 24 34 33 20 23 24 27 31 22 24 30 27 14 37 21 16 18 27 30 34 26 28 21 25 26 0 19 29 24 11 24 21 33 22 26 25 23 31 24 37 22 26 27 17 22 28 13 22 44 29 18 29 26 3 27 29 32 35 18 26 18 31 19 31 28 16 14 30 32 12 19 29 28 29 23 19 34 26 16 32 32 25 12 29 16 20 12 20 21 29 15 24 20 29 3 25 27 21 25 20 24 21 24 22 25 28 37 33 28 28 34 23 21 29 26 22 28 23 25 30 28 21 25 29 28 17 41 33 12 20 31 21 29 22 20 25 23 22 31 27 12 27 14 34 22 26 14 2 21 18 31 15 26 29 11 26 24 26 30 18 25 15 13 20 32 12 24 24 25 23 29 19 21 26 26 28 26 36 28 23 25 26 11 21 15 20 19 13 17 25 14 35 23 26 19 40 25 19 28 11 20 40 18 19 10 27 20 31 29 29 32 29 31 20 28 25 29 28 26 24 25 23 27 26 29 26 22 17 23 10 18 26 27 8 26 26 35 28 19 40 29 25 15 32 31 15 38 24 10 31 31 24 8 24 24 22 13 15 29 33 26 17 32 21 21 9 36 25 29 31 25 33 17 24 26 39 32 27 23 10 21 34 30 14 19 31 26 24 11 13 30 37 15 27 23 21 24 17 34 21 26 35 41 31 29 11 35 24 19 16 8 36 29 20 18 33 20 27 31 23 26 23 31 37 18 15 23 5 23 17 22 28 19 29 16 18 30 26 27 27 1 20 37 33 26 24 25 31 34 25 32 19 28 18 29 36 30 26 23 26 27 9 39 34 28 28 34 25 25 17 18 27 10 34 23 35 22 8 30 29 28 29 30 25 34 19 18 25 25 23 19 22 24 24 25 27 21 26 12 25 36 32 17 29 30 25 17 16 18 15 15 20 20 24 20 22 23 22 23 36 13 25 32 28 27 14 6 27 40 42 30 15 14 4 21 25 4 24 8 19 26 22 10 16 25 14 31 25 30 28 29 23 19 25 
25 18 31 32 30 27 35 10 2 24 35 34 19 36 40 27 22 31 28 31 19 29 25 29 35 24 32 24 33 28 22 38 37 32 22 39 33 31 27 18 33 29 16 19 31 27 32 27 45 27 33 38 20 20 44 30 14 32 20 42 36 28 29 33 31 43 31 31 27 12 27 26 0 36 30 21 30 28 39 20 19 12 30 12 11 44 26 28 30 32 28 26 27 25 42 24 33 35 28 16 33 39 41 39 32 31 25 36 25 26 35 25 22 36 37 24 20 35 28 31 21 22 27 20 30 28 34 22 31 24 24 24 31 26 29 28 29 28 20 32 11 29 28 35 28 31 5 37 31 31 31 29 21 32 18 21 39 22 22 26 23 27 24 23 33 35 19 30 28 31 24 25 34 30 26 28 41 20 28 23 21 29 31 27 36 31 20 22 20 37 30 40 22 25 20 24 29 21 23 26 29 27 26 27 30 39 35 31 14 29 40 31 38 28 34 29 27 30 29 24 24 34 36 35 21 29 40 28 23 22 16 23 27 19 18 23 29 31 29 30 33 33 18 35 27 15 25 45 29 29 24 38 26 38 33 29 30 28 14 24 26 30 35 26 32 32 33 24 24 36 42 16 26 33 16 26 19 34 28 27 35 29 32 38 33 29 35 33 19 38 33 19 44 24 24 28 35 38 27 32 24 28 21 38 32 31 25 18 35 27 25 28 29 34 30 42 32 36 30 22 28 44 40 33 26 12 22 36 20 28 28 35 28 30 37 20 28 22 23 22 10 35 25 29 27 29 30 31 39 26 37 27 47 22 41 15 21 44 25 19 29 38 28 22 37 25 27 28 29 21 19 20 27 26 27 31 41 26 12 21 39 26 27 23 21 32 27 28 41 34 27 25 32 34 31 19 27 23 32 24 12 28 17 14 31 21 35 23 52 24 33 28 37 6 27 33 19 25 29 17 19 45 26 26 36 29 26 22 25 33 32 29 27 39 29 27 25 25 32 38 31 33 24 25 26 31 41 30 28 28 29 24 25 26 24 22 23 26 31 18 33 30 39 30 34 23 24 27 34 15 28 18 24 25 46 32 38 19 28 12 29 23 27 38 20 31 31 30 24 24 23 34 40 27 38 27 32 30 20 19 
35 26 31 31 29 33 22 34 12 31 31 39 29 35 38 25 27 28 27 21 19 23 38 28 39 18 26 32 37 28 30 41 34 34 35 38 25 36 26 30 30 27 26 27 44 17 25 42 37 21 29 32 31 30 41 38 24 24 33 38 37 28 25 6 27 28 27 23 23 25 23 30 47 0 25 18 29 30 43 20 24 20 31 28 24 32 34 24 31 34 24 34 19 26 50 31 34 34 36 26 32 31 35 36 32 27 28 31 25 13 38 28 29 33 32 18 16 42 34 14 27 26 32 25 24 33 36 21 29 25 27 26 34 25 23 36 30 30 25 31 27 39 35 29 11 30 29 34 26 34 30 25 31 21 23 31 36 29 18 36 36 23 29 38 15 34 27 24 26 36 34 25 44 31 26 35 37 28 18 19 17 31 26 24 38 41 29 27 19 32 32 36 16 30 25 23 29 34 27 30 35 33 22 23 31 39 31 30 24 22 36 29 31 30 36 36 35 26 22 27 24 17 25 37 36 29 41 34 25 32 25 26 26 28 27 31 37 40 33 19 31 26 33 24 21 25 21 38 29 20 30 24 34 33 41 30 28 30 24 27 26 18 34 2 27 10 30 33 33 34 10 29 28 32 25 15 24 29 34 27 30 33 36 36 9 40 8 32 32 37 32 29 27 26 26 27 34 37 27 32 33 34 28 40 36 38 27 24 43 11 33 32 22 29 33 33 35 29 28 30 24 40 33 40 18 25 29 35 32 17 30 34 36 13 36 23 23 32 22 30 23 35 21 23 40 27 34 30 15 13 36 35 33 22 41 23 28 14 30 27 19 38 34 27 16 25 19 27 35 31 15 17 20 26 35 26 24 26 27 26 37 26 37 22 26 29 31 28 38 34 36 34 32 17 22 24 14 33 34 18 22 34 30 27 28 32 32 23 39 34 21 33 30 22 25 24 25 31 29 27 20 43 36 32 38 33 22 21 12 39 32 33 30 32 18 35 24 26 35 37 4 6 17 27 32 37 36 40 27 28 28 32 39 17 23 11 28 37 34 31 29 17 40 30 34 36 27 35 27 28 28 28 30 33 22 42 20 29 28 28 26 19 26 38 23 18 24 38 24 24 31 20 28 23 37 26 25 31 25 24 
27 24 27 27 25 29 29 34 25 31 33 24 28 31 36 29 34 35 23 27 15 27 16 37 39 36 37 30 37 24 28 34 32 35 31 31 35 23 22 23 32 42 24 32 34 22 32 32 39 25 25 35 25 33 27 38 6 37 28 42 24 21 27 33 35 40 34 33 26 30 31 26 24 34 0 14 25 19 41 16 25 30 27 36 29 39 17 28 27 22 20 38 30 29 52 24 33 30 32 8 28 38 37 42 28 40 24 22 36 35 26 22 29 29 33 17 12 41 37 31 34 24 30 27 27 37 25 30 25 33 21 33 17 21 26 38 26 37 29 35 23 30 37 32 30 13 29 36 29 36 26 21 37 28 27 33 33 28 14 28 37 19 33 26 25 38 33 26 22 35 33 21 26 22 22 35 33 24 24 30 13 38 18 30 39 32 27 28 15 39 28 34 34 7 24 19 25 29 29 32 19 34 18 19 37 23 27 32 23 30 28 27 33 28 32 30 31 28 39 36 20 27 32 38 26 32 30 17 16 28 26 32 28 28 28 36 19 44 33 28 30 36 23 28 30 21 28 41 20 27 27 34 34 33 40 39 33 31 37 25 22 31 30 31 27 32 26 34 33 28 38 31 35 27 21 19 26 21 27 23 18 31 33 30 33 44 33 40 10 34 19 25 43 29 24 26 40 33 23 28 29 27 28 20 34 38 28 25 34 32 35 14 32 18 30 38 25 39 27 35 28 44 34 39 35 15 32 42 35 19 30 31 40 23 34 19 30 44 30 35 28 31 17 22 32 30 34 37 37 33 29 28 43 18 24 19 13 40 34 25 20 34 30 31 34 21 28 27 38 13 11 25 21 30 37 31 27 22 17 30 21 26 35 21 30 28 27 38 39 38 37 35 23 36 23 28 34 24 33 29 35 30 35 23 24 24 31 19 44 32 38 33 30 30 23 28 24 34 23 40 25 37 32 16 41 26 38 28 32 43 28 21 32 31 27 18 20 22 26 29 31 33 27 2 26 33 37 28 23 24 33 28 35 24 19 21 30 34 30 29 25 24 36 26 30 38 23 31 34 33 37 24 14 37 42 24 30 25 24 24 22 23 9 34 13 24 33 24 20 34 35 29 36 27 36 13 35 21 27 26 
39 41 26 36 13 44 34 34 39 36 37 34 40 32 35 35 40 35 30 26 31 33 35 39 34 39 40 31 28 23 39 44 43 35 40 39 39 38 31 29 42 45 39 36 45 31 19 38 38 31 34 35 31 47 43 32 34 43 28 42 35 30 29 37 32 34 34 35 20 35 28 25 44 40 32 0 34 28 47 15 30 35 36 43 34 41 36 29 26 35 36 39 33 36 55 39 32 34 40 24 29 43 23 46 33 37 16 34 38 36 45 16 34 39 32 17 28 40 43 33 22 18 36 32 27 38 45 24 26 36 15 34 22 30 12 43 29 38 33 34 28 37 47 20 39 35 46 37 15 36 35 37 43 25 37 40 50 39 23 43 40 35 31 29 26 37 42 12 34 43 46 31 52 36 23 41 42 32 23 42 34 38 33 33 40 39 33 33 24 32 37 40 39 27 14 28 34 29 34 21 32 47 27 39 35 38 36 40 37 31 27 31 38 32 39 37 40 30 41 28 19 34 31 35 32 39 42 40 32 30 29 32 36 27 31 40 37 47 28 31 30 39 29 34 28 23 28 43 24 27 32 41 28 35 47 34 31 32 44 38 21 24 39 37 36 38 31 37 32 41 44 38 35 31 27 25 29 36 41 22 41 25 27 43 31 40 34 45 29 39 31 27 50 23 24 25 42 38 22 27 35 39 34 40 28 44 29 41 38 33 39 32 48 40 29 47 34 45 27 39 35 44 27 38 29 31 30 42 42 31 33 30 41 32 25 11 30 52 32 38 33 36 23 22 38 16 37 33 36 34 43 36 49 17 40 34 23 49 32 42 33 38 35 38 40 30 31 30 45 40 32 31 30 20 41 31 47 21 23 31 37 32 41 25 37 38 26 35 46 38 40 38 27 40 42 35 35 31 33 32 42 29 37 39 29 32 30 26 54 36 39 35 25 37 20 32 42 36 24 47 33 50 34 32 41 37 30 33 37 42 27 36 32 40 30 29 29 21 30 26 35 37 27 26 27 28 36 35 32 23 40 42 34 30 28 21 29 34 31 28 43 34 33 35 29 38 24 39 41 38 32 26 30 38 40 51 31 27 29 29 27 30 25 33 29 32 36 35 25 33 36 38 22 34 34 39 35 30 19 31 
24 31 32 19 23 29 25 28 32 24 25 22 29 12 34 19 38 28 15 24 18 22 27 19 22 31 33 30 34 23 35 33 23 10 22 27 30 28 14 30 19 35 29 24 23 14 29 30 40 19 21 30 24 37 33 22 28 33 27 42 34 20 19 27 22 39 27 18 23 14 18 15 34 28 29 17 0 29 38 21 30 25 18 28 13 35 28 21 22 25 21 13 22 25 29 27 21 22 31 18 9 26 35 35 25 32 19 28 27 34 34 17 22 37 35 24 15 33 18 27 24 25 29 20 22 36 28 18 27 26 23 28 25 13 29 30 19 32 28 24 18 23 28 22 17 18 28 23 30 33 18 24 31 33 26 25 48 19 22 31 25 20 29 33 21 27 21 29 18 34 29 21 42 32 23 29 32 23 21 25 21 27 23 16 14 25 25 27 7 32 20 36 29 17 23 11 21 28 25 28 23 39 14 27 18 33 23 17 27 31 33 25 30 26 30 31 23 20 35 28 22 24 28 43 32 24 34 25 23 11 21 18 27 24 23 28 27 39 16 11 21 32 30 18 25 23 21 37 23 30 23 29 18 29 31 17 28 6 39 28 21 26 22 30 19 16 21 29 26 26 28 24 25 19 27 19 24 26 37 21 22 32 34 28 32 28 19 33 21 30 29 27 33 26 23 24 26 37 23 29 26 22 26 30 21 18 3 30 27 34 23 22 28 21 19 30 22 35 31 27 24 44 30 31 25 4 25 40 28 20 23 24 15 25 24 22 27 36 23 24 23 34 20 29 32 29 32 23 36 16 34 13 43 23 34 18 22 42 30 29 15 26 23 27 30 26 23 24 34 35 19 29 17 20 25 23 37 21 24 29 31 14 16 19 26 21 14 25 34 21 21 21 21 23 28 24 17 17 40 25 37 32 19 23 19 11 32 23 42 28 24 25 33 22 28 20 29 12 25 42 7 35 28 20 36 32 30 14 15 40 30 25 31 28 22 29 12 17 27 32 25 17 16 28 25 30 34 19 15 29 23 27 32 28 11 24 23 25 21 27 20 20 36 30 22 13 14 30 30 17 15 26 18 12 39 46 26 21 28 19 23 25 19 25 20 14 16 35 24 21 10 4 33 23 40 23 24 18 9 19 
26 26 28 32 27 24 21 32 31 18 29 21 20 30 30 17 39 27 31 27 17 8 27 24 31 29 30 26 33 29 30 28 31 28 29 25 25 25 22 10 27 27 29 27 25 23 27 19 37 13 20 22 12 36 31 36 21 24 27 38 20 17 24 28 22 35 26 22 22 22 18 13 32 22 15 16 18 0 40 24 27 31 27 32 27 31 32 15 23 24 22 31 22 11 47 22 20 38 23 9 27 19 39 34 24 27 31 18 27 30 37 19 16 37 38 23 14 32 27 18 21 21 28 22 14 32 26 26 25 26 18 28 25 29 25 31 24 32 24 23 16 36 29 19 29 28 28 31 23 19 26 23 18 29 22 33 31 21 22 33 25 21 20 15 20 26 21 28 29 26 40 23 41 32 18 26 33 21 24 14 21 28 23 14 29 38 24 20 23 22 29 27 27 15 21 27 20 28 31 34 24 31 13 27 22 31 22 26 18 21 33 24 14 23 34 25 35 21 26 27 28 23 24 19 13 29 33 25 24 9 23 16 21 25 25 26 21 40 31 26 26 37 10 31 11 24 20 36 26 32 23 30 32 28 30 21 29 24 30 27 30 25 37 18 34 32 26 22 20 31 32 30 25 26 8 22 26 26 32 17 25 28 40 28 15 32 24 27 25 29 15 28 39 25 19 32 24 33 21 29 16 24 25 17 31 30 21 22 29 17 22 22 33 24 11 39 6 27 30 25 15 40 29 30 22 6 23 44 34 18 27 28 33 19 24 26 13 31 17 24 29 31 19 28 19 23 24 29 31 26 23 22 35 19 32 16 18 21 21 27 26 25 30 18 15 2 24 29 20 28 19 12 16 18 24 16 24 16 4 25 29 27 26 27 17 19 14 32 45 25 25 23 27 35 29 15 27 30 36 24 30 22 27 25 25 13 31 22 45 19 32 24 28 32 4 23 23 16 23 35 6 40 33 21 28 39 21 30 27 31 36 24 23 31 29 33 28 18 25 33 26 22 27 17 25 32 38 29 28 25 27 25 23 29 27 21 17 28 26 30 27 16 35 7 26 22 19 22 21 25 19 27 19 23 40 32 25 26 24 17 23 24 17 37 21 25 26 31 23 28 28 22 34 14 18 28 35 2 27 21 
27 28 31 22 27 27 24 30 28 21 32 22 23 24 33 20 35 30 17 30 17 11 18 27 34 28 23 22 33 25 32 31 34 29 24 28 19 28 16 13 30 30 32 25 28 17 30 9 30 16 20 21 15 28 34 32 24 27 30 4 18 20 25 22 25 15 29 25 24 22 21 16 35 25 18 16 19 3 0 23 27 22 20 26 21 34 19 18 24 23 18 32 24 14 48 9 23 24 7 12 21 22 37 37 24 29 21 21 30 29 28 20 19 38 29 23 14 35 30 21 20 22 20 25 13 35 20 22 9 29 19 31 22 15 28 28 22 24 27 26 15 30 29 18 19 21 31 22 13 22 20 23 21 32 25 27 34 24 9 33 26 17 23 18 20 29 24 28 20 29 31 23 44 22 21 29 31 24 27 17 24 28 26 17 32 32 25 23 10 24 23 30 26 18 24 13 20 31 27 28 27 34 13 30 25 34 22 29 21 17 25 25 17 17 32 28 26 24 29 30 27 26 27 22 16 26 33 23 20 12 23 19 24 25 24 29 24 43 34 23 23 34 13 32 14 23 23 36 27 22 26 33 28 28 22 24 29 25 21 26 23 24 24 21 22 18 19 25 23 28 34 30 28 11 11 23 25 29 27 20 27 29 34 30 18 34 24 30 12 29 18 27 35 26 22 28 27 32 20 31 19 25 26 18 32 20 22 25 18 20 14 25 30 26 14 33 9 30 32 28 18 6 29 33 25 9 26 37 29 21 25 27 34 22 27 21 16 30 20 27 20 34 19 28 22 14 23 30 33 18 26 25 38 22 35 19 21 24 24 28 22 28 33 21 18 5 27 18 23 31 22 15 16 21 16 19 25 19 7 28 32 12 29 23 20 22 17 29 35 28 28 26 25 25 30 18 19 24 39 15 20 25 27 21 17 15 34 24 44 22 26 27 31 20 7 22 26 19 7 25 9 37 27 24 27 10 24 26 28 34 35 24 26 30 28 2 14 21 10 30 20 22 22 20 28 33 33 32 18 28 20 15 26 25 14 22 20 31 29 29 22 19 36 10 24 25 22 25 24 25 22 26 22 26 38 35 25 20 27 16 20 24 20 40 22 28 28 8 25 25 29 23 37 17 21 30 28 5 24 24 
24 27 11 25 10 31 19 23 27 22 31 19 27 31 20 23 36 20 21 11 21 21 20 26 35 24 25 16 25 8 24 29 31 25 26 31 24 23 20 22 27 30 30 30 36 20 29 32 32 20 30 23 29 32 32 28 29 31 24 27 20 15 14 29 27 33 19 26 15 24 23 10 29 29 28 20 23 21 38 0 15 24 22 28 23 26 21 14 11 20 22 26 18 24 42 29 17 28 25 13 28 28 36 34 27 27 18 24 23 27 30 12 20 29 17 14 18 25 32 25 22 20 32 24 15 29 33 19 11 28 17 20 22 19 29 35 14 24 18 19 13 22 32 20 28 24 31 22 29 21 24 24 35 12 22 27 40 28 20 33 27 21 27 18 13 22 31 26 19 28 35 16 37 29 8 26 27 24 8 30 19 25 24 18 33 24 22 18 13 29 26 25 24 12 22 17 24 25 19 18 21 32 24 24 26 28 32 25 22 16 34 16 23 24 24 29 29 15 29 25 4 30 16 26 30 27 35 25 18 15 23 17 25 12 25 31 22 35 29 26 15 27 27 23 24 8 13 28 9 12 17 37 24 20 32 25 17 22 31 23 6 32 28 30 25 33 16 31 17 32 33 23 22 27 25 14 14 27 32 7 27 27 24 30 19 36 31 31 14 24 30 12 37 18 9 25 28 23 7 12 25 28 19 25 28 30 19 26 34 21 24 17 38 26 25 36 27 32 24 30 22 29 37 23 24 17 18 27 27 20 18 15 28 28 21 13 20 39 21 31 22 23 17 19 36 27 25 27 21 19 29 21 34 2 29 19 8 35 28 28 24 23 29 25 36 23 22 22 33 36 17 24 19 15 26 16 32 6 21 22 26 28 29 20 24 23 11 28 37 29 34 32 12 34 27 22 20 16 30 17 29 14 28 25 25 24 15 18 45 21 24 23 30 22 25 26 27 21 9 34 23 41 19 18 29 30 27 18 28 27 12 28 17 31 30 22 18 6 26 34 27 29 16 26 12 25 21 32 21 8 31 28 19 26 17 10 21 24 16 13 28 19 27 21 28 28 9 24 28 26 23 11 16 25 42 45 18 12 23 14 23 17 14 18 15 29 26 28 19 24 23 24 27 21 32 31 24 23 15 23 
20 16 29 29 24 31 29 29 24 7 31 30 23 21 31 8 34 14 23 28 17 11 16 15 33 21 30 32 14 18 20 25 26 31 28 22 19 14 22 12 22 39 20 27 31 24 24 21 29 16 27 26 14 40 38 31 29 18 27 30 30 11 15 18 20 27 30 25 22 20 16 25 37 25 27 16 25 12 34 18 0 20 24 25 19 28 19 18 28 20 22 31 24 14 44 20 26 30 20 10 18 31 22 38 30 30 18 28 30 25 26 18 5 25 32 26 14 29 32 18 29 20 28 17 25 32 22 19 24 24 17 28 24 21 26 20 29 27 23 13 28 31 17 30 23 28 38 26 25 22 20 23 28 24 24 27 33 30 16 24 27 21 23 17 25 16 27 11 24 23 30 23 38 26 18 11 28 12 26 19 15 23 14 25 20 33 23 3 17 27 18 27 19 26 12 19 27 28 4 7 24 23 20 21 25 25 29 28 21 23 23 33 26 23 26 14 26 16 26 22 22 26 32 31 15 27 37 28 23 21 19 27 10 22 21 21 23 42 27 21 25 37 12 31 23 23 24 43 17 23 21 33 27 30 32 24 34 27 32 23 24 21 30 19 15 22 16 24 18 31 34 31 23 17 10 22 17 17 24 24 16 27 13 31 25 34 20 16 27 34 25 27 33 18 26 23 35 35 25 17 18 32 4 29 30 23 24 14 24 19 24 26 34 15 23 40 18 39 29 20 15 32 32 27 20 18 25 30 33 9 24 27 33 28 24 13 18 38 6 24 18 33 19 31 21 12 22 12 32 23 20 24 45 20 35 7 25 33 24 17 13 28 32 21 27 14 21 25 23 32 13 14 8 18 26 19 33 24 6 25 30 18 36 20 20 29 22 13 32 28 27 25 16 29 12 18 24 25 36 28 32 32 25 25 14 15 20 21 46 21 29 27 24 26 16 28 15 19 25 37 13 40 28 21 32 28 24 3 22 31 30 31 24 34 20 20 20 24 16 31 16 18 5 29 22 14 36 32 25 20 21 16 23 24 14 18 6 27 26 29 25 26 34 19 24 31 19 19 21 23 22 26 19 32 34 35 23 21 26 29 12 25 28 36 24 26 17 14 22 9 30 26 21 17 30 19 13 14 18 16 
16 24 41 25 25 33 26 33 26 30 37 29 26 34 43 31 24 25 27 35 7 29 31 35 34 29 35 37 31 28 28 26 25 31 28 39 32 37 26 27 21 35 35 7 35 34 22 31 38 27 29 34 39 44 42 23 33 31 38 31 38 29 21 21 32 33 24 31 20 18 28 26 44 36 27 29 29 27 30 33 36 0 31 18 17 38 32 21 18 33 32 31 31 32 47 30 40 34 29 22 31 39 44 41 26 37 31 36 31 20 41 19 28 33 41 29 29 38 34 31 27 28 39 29 27 22 36 24 33 25 25 18 37 25 34 34 27 22 29 36 17 30 28 27 26 24 30 25 22 25 30 21 36 37 27 35 47 31 27 39 29 31 18 27 35 33 25 38 27 32 38 13 40 36 15 32 34 32 32 27 33 23 29 25 40 32 30 39 28 32 27 40 28 28 27 23 22 39 30 33 34 34 28 31 33 28 30 19 21 23 34 32 41 16 24 35 15 22 34 12 37 35 29 29 25 33 34 36 17 29 26 27 21 29 28 11 34 37 28 26 34 39 22 29 23 28 18 38 31 17 32 31 28 37 21 32 24 27 38 23 26 29 34 30 29 25 29 34 30 38 37 22 20 21 35 22 29 32 35 30 30 35 39 34 34 30 23 31 25 31 33 32 42 23 32 30 35 41 32 32 33 35 27 41 38 36 24 25 39 34 13 29 35 29 34 36 31 36 36 10 28 33 30 36 27 16 24 32 26 28 30 39 33 34 35 27 25 34 29 28 16 35 30 34 31 23 31 21 41 25 38 15 35 32 39 27 28 48 19 25 22 38 25 30 39 29 21 19 41 27 31 29 27 30 15 28 35 34 31 15 36 22 34 25 30 30 27 28 35 36 34 35 38 32 37 28 26 24 26 31 36 16 23 32 27 17 34 30 51 30 31 30 25 12 23 32 26 28 31 41 28 47 33 31 24 17 14 30 27 29 36 32 21 40 25 26 24 29 33 40 19 21 24 29 27 22 45 30 21 37 36 36 21 14 32 18 29 38 23 12 38 26 43 34 34 29 16 28 34 21 30 31 29 30 37 38 40 32 35 18 30 23 24 46 14 25 31 32 31 24 28 33 29 27 37 27 32 29 26 28 
28 18 36 33 32 27 19 30 30 23 33 36 28 20 31 20 36 27 21 22 19 24 25 22 39 31 32 29 24 29 22 33 34 30 4 30 26 31 20 29 30 38 20 19 30 21 32 36 45 21 34 34 28 44 38 30 23 25 30 37 31 27 27 24 19 21 26 16 27 12 15 27 38 30 17 30 20 27 42 27 30 12 0 30 11 29 26 3 12 19 19 33 6 27 46 20 34 28 34 16 17 24 29 23 35 29 25 32 12 28 34 25 30 29 42 25 28 33 21 26 21 28 11 22 26 30 34 28 22 23 25 13 31 19 33 28 22 17 22 31 29 30 36 20 23 30 26 30 33 34 24 33 32 29 20 31 36 16 31 13 23 18 28 33 30 34 19 33 12 38 36 24 27 30 21 11 32 27 19 31 30 18 14 23 23 32 32 25 21 24 33 25 40 24 27 17 34 31 31 34 21 39 27 26 16 29 35 28 26 21 24 39 28 19 12 36 27 28 34 24 30 21 22 37 32 16 33 22 24 23 31 5 33 20 30 23 16 36 36 25 3 33 30 30 19 29 25 32 25 29 17 28 26 36 33 15 18 26 37 22 27 21 28 19 24 22 23 39 24 32 40 30 15 15 28 21 25 17 30 20 17 35 40 34 26 26 26 36 19 40 36 24 31 27 22 31 33 23 27 27 29 36 33 37 29 32 23 30 22 28 25 11 29 27 25 31 20 36 30 22 23 39 40 34 18 12 19 40 34 26 25 36 35 17 33 21 15 45 31 22 10 24 28 30 37 32 36 31 24 28 28 24 37 27 35 22 21 40 28 19 29 32 34 26 33 29 17 24 36 30 28 27 27 23 27 18 43 19 24 23 32 16 32 29 25 28 28 23 30 19 27 40 32 29 34 23 29 24 34 28 36 28 17 21 21 29 30 28 52 17 27 12 35 24 25 23 21 10 29 41 20 41 27 18 36 29 26 22 27 37 38 32 30 28 24 26 18 7 14 31 22 24 24 19 19 34 32 34 29 32 21 31 29 26 24 24 28 31 29 24 16 14 38 30 28 23 22 34 29 15 13 23 16 32 40 41 30 20 33 16 21 18 20 45 24 32 24 32 29 19 30 24 32 22 32 30 32 16 20 21 
13 26 38 38 33 35 29 30 20 16 36 35 36 30 32 32 10 23 32 32 26 29 25 24 50 30 24 37 39 27 30 34 43 40 30 31 28 23 26 31 39 17 29 27 29 33 33 36 42 28 23 39 33 38 45 33 27 27 23 31 39 20 33 27 36 36 44 32 24 20 32 34 45 37 21 25 34 21 27 27 36 20 31 0 19 46 34 31 36 29 26 41 27 26 54 29 35 39 29 24 27 40 43 41 33 32 35 37 19 34 35 29 14 30 41 35 23 38 28 39 29 32 39 26 31 39 44 28 36 40 33 34 38 30 35 29 35 36 33 40 35 40 43 36 32 34 43 43 35 26 29 32 37 33 33 36 48 25 25 31 31 25 37 36 34 33 13 37 33 32 39 32 45 38 27 20 39 21 29 35 24 39 23 30 44 42 28 39 26 28 27 46 28 28 21 28 36 24 38 41 33 45 29 30 27 37 25 37 32 28 32 19 35 36 35 23 35 34 33 32 31 28 32 38 33 23 42 31 11 30 24 29 19 27 26 30 40 30 44 32 33 41 31 41 17 32 38 49 32 37 24 35 29 31 41 36 38 36 32 12 33 30 39 28 32 31 25 32 27 34 43 40 36 31 29 32 27 26 37 34 38 39 46 35 33 43 29 25 27 35 34 36 38 27 30 32 40 44 34 36 37 36 13 38 39 36 33 36 33 28 33 35 37 37 32 49 27 44 38 30 36 33 32 36 29 10 30 47 30 32 33 42 43 24 29 30 19 31 15 16 18 42 28 38 39 21 31 40 28 31 29 33 44 29 42 16 31 42 38 27 29 43 31 34 36 23 15 34 31 34 22 29 31 18 35 22 42 33 25 35 35 27 30 29 34 35 31 32 38 40 35 33 25 38 38 32 32 34 46 27 30 36 25 29 23 34 37 30 57 32 34 31 41 30 23 30 28 31 34 35 27 43 37 30 44 37 34 31 30 46 39 27 38 37 36 29 29 31 30 40 25 27 28 23 26 19 45 33 34 29 30 25 41 34 30 30 15 27 33 6 37 31 30 28 33 31 28 28 42 23 34 35 28 41 43 45 39 30 35 36 21 34 27 45 8 39 26 35 31 28 39 35 39 35 37 28 36 23 28 25 
34 31 39 35 36 16 24 23 29 28 25 29 23 32 40 23 40 35 28 27 34 25 14 29 35 36 33 32 36 26 35 42 41 29 11 40 28 35 27 21 37 37 27 37 41 28 35 30 42 28 35 30 23 33 34 22 25 27 34 45 32 29 18 32 35 41 38 29 27 1 31 20 27 37 19 31 23 17 41 29 38 31 29 32 0 46 15 22 19 29 21 32 22 28 48 27 30 35 38 15 29 32 44 34 33 32 24 33 14 36 24 16 26 45 39 24 31 38 17 35 29 25 28 21 22 30 34 30 23 38 22 29 24 26 41 17 24 33 30 38 23 28 32 27 30 32 32 35 34 36 28 32 32 36 28 30 42 26 30 31 12 20 37 26 34 40 8 33 29 41 40 26 41 19 30 18 31 30 24 27 32 33 21 23 25 30 28 33 23 38 36 41 34 14 30 24 37 35 30 33 26 31 30 28 19 30 30 35 18 28 31 32 27 35 32 35 39 19 31 37 26 23 27 36 24 18 37 32 23 26 24 12 31 22 26 36 26 29 29 26 28 22 21 35 28 29 33 44 27 34 19 30 18 38 41 18 25 25 35 32 28 32 35 26 35 29 27 32 13 39 35 28 31 22 19 26 24 24 24 27 24 32 31 41 28 45 33 28 8 32 30 33 33 29 25 20 33 39 20 27 27 34 25 27 35 37 26 22 29 30 33 21 18 30 19 44 23 25 19 35 32 47 43 36 28 22 12 45 32 26 18 33 34 19 31 21 30 45 27 11 29 31 33 29 30 30 32 34 39 19 40 31 39 31 31 25 20 35 35 32 18 38 38 35 30 19 26 30 37 32 30 23 33 25 35 33 34 32 15 31 28 23 35 31 32 26 21 30 37 38 35 33 21 36 41 32 20 22 40 28 39 36 6 24 25 24 30 27 45 24 37 31 26 26 21 33 23 29 21 44 23 48 27 23 36 24 36 34 26 42 34 32 33 41 25 16 25 14 21 36 30 31 30 21 21 40 43 36 31 37 34 29 34 31 27 28 27 37 20 37 32 31 36 21 32 12 13 37 33 4 32 32 21 31 44 43 38 20 32 24 23 34 16 44 20 30 20 22 28 26 29 27 34 31 35 32 38 19 9 20 
28 31 16 27 15 29 24 28 30 24 33 21 20 25 25 17 38 22 23 28 21 8 22 32 34 26 27 19 30 10 26 31 23 28 29 35 34 27 20 24 19 35 32 32 36 22 31 37 26 13 24 23 31 34 34 31 30 33 26 32 22 19 17 25 26 38 21 22 17 26 22 12 31 22 24 20 25 23 42 26 18 26 25 32 25 0 23 15 31 25 24 28 20 11 33 19 19 30 23 15 22 30 38 35 28 29 20 29 25 32 32 17 22 34 19 19 18 28 34 15 24 22 30 26 17 34 31 21 13 26 19 22 24 21 31 37 19 26 20 23 15 24 29 22 24 26 35 23 31 19 24 27 37 17 24 29 41 30 24 35 25 25 20 20 18 26 32 29 21 26 37 21 40 31 13 26 30 27 25 27 23 20 26 22 29 26 20 21 15 31 28 24 26 14 24 19 24 27 22 23 23 31 17 29 22 29 26 27 18 21 36 18 25 20 29 31 31 18 23 30 6 33 18 31 32 29 37 27 21 17 16 24 27 14 18 33 26 39 28 18 17 32 29 29 20 10 15 40 20 14 19 38 27 22 34 21 33 24 33 28 8 27 30 24 12 29 21 24 19 33 32 25 24 29 27 20 17 29 32 12 25 29 29 28 21 32 27 33 16 26 33 14 38 20 14 27 30 28 9 17 27 30 21 27 30 29 21 22 39 23 26 21 38 24 28 38 26 37 28 32 12 34 33 26 22 22 22 29 29 6 23 17 30 30 23 15 22 41 23 32 24 32 23 24 25 29 25 30 23 24 33 23 39 7 31 24 13 36 21 30 10 28 31 18 38 25 18 27 20 29 21 26 5 17 28 21 34 11 23 27 27 27 31 22 5 27 13 29 29 25 27 25 14 28 30 15 25 18 35 19 31 16 31 27 28 26 20 20 50 35 29 24 36 27 26 28 23 16 11 36 10 42 21 20 29 32 32 21 30 29 14 28 22 36 17 24 20 26 31 36 23 25 2 26 14 30 23 34 23 13 18 32 21 28 19 16 23 24 21 31 30 23 29 26 28 31 14 22 18 29 19 13 18 27 40 32 20 14 25 16 26 22 16 27 20 31 23 30 21 25 25 26 39 14 30 27 10 22 18 25 
25 22 30 30 29 26 23 34 28 20 28 21 22 23 32 19 34 29 16 29 19 10 17 26 25 30 22 28 25 24 26 30 33 28 23 27 25 24 15 12 29 29 31 25 27 25 29 21 29 15 22 20 14 33 33 31 23 24 29 31 17 16 24 29 24 36 28 24 24 21 20 15 34 24 17 18 18 2 39 22 29 21 19 25 20 33 0 17 23 20 18 31 23 13 47 22 22 23 25 11 20 21 36 28 26 28 20 20 29 23 27 21 18 34 28 24 16 34 29 20 19 20 30 17 12 25 19 26 8 28 20 21 26 14 27 28 26 23 17 25 18 13 31 17 18 29 30 33 25 21 19 25 20 31 15 26 33 11 21 32 27 23 22 17 22 28 23 30 19 28 30 25 43 34 20 28 35 17 26 16 20 26 25 16 24 15 24 22 22 23 31 29 29 17 17 12 22 30 15 18 26 33 15 26 24 33 24 28 20 16 35 24 16 24 27 27 33 23 28 23 23 25 26 21 15 25 35 17 19 11 22 18 23 24 23 22 17 29 19 22 22 33 12 31 13 24 22 36 28 27 25 32 27 30 29 23 28 24 20 23 22 23 23 20 31 17 18 24 22 27 33 14 23 10 10 22 24 28 32 19 27 27 24 29 17 34 26 29 11 31 17 25 34 25 21 31 26 35 19 30 16 26 25 19 30 32 21 24 17 19 21 12 29 26 13 37 8 29 32 21 17 33 31 32 24 8 25 41 18 20 29 30 33 21 26 20 15 33 19 21 19 33 21 29 21 25 22 31 33 17 25 24 37 21 34 12 20 23 23 23 21 27 32 20 17 4 26 31 22 30 18 14 18 20 23 18 26 18 6 18 31 11 28 27 19 21 16 31 38 27 27 25 24 24 29 17 18 7 29 14 32 24 26 11 16 14 33 24 43 21 22 17 30 19 6 21 25 18 6 37 8 36 26 23 26 9 23 25 22 33 31 26 25 29 27 1 13 20 9 29 27 24 21 19 27 25 32 31 26 27 19 14 25 24 24 21 19 30 28 22 23 18 35 9 23 24 21 24 23 24 21 24 21 25 40 34 27 19 26 19 20 24 19 39 21 27 17 7 23 30 28 22 36 16 20 24 27 4 23 16 
26 18 34 34 35 37 20 33 33 29 32 33 31 17 28 17 33 24 24 19 28 27 31 24 36 28 31 26 24 32 22 35 34 27 28 33 33 28 23 26 33 40 23 26 27 31 31 36 42 24 31 33 29 46 35 36 26 32 33 44 31 25 24 34 16 41 23 13 24 22 12 24 43 33 20 27 17 28 40 30 30 30 24 33 21 34 32 0 26 16 26 30 27 29 46 23 31 31 32 25 14 21 41 20 34 31 23 36 30 30 41 22 27 39 42 22 25 41 28 29 32 25 33 24 25 32 31 28 22 20 22 28 29 22 33 35 24 32 24 29 27 27 33 30 24 33 39 37 35 31 27 34 29 39 22 34 43 32 30 27 33 25 31 32 31 32 29 30 25 35 39 26 41 40 18 31 37 24 16 32 29 22 17 25 20 29 31 22 24 27 30 35 38 26 24 20 31 34 29 32 18 37 24 30 13 31 32 31 28 26 27 36 25 33 34 36 33 25 33 31 32 28 23 37 30 23 35 33 24 20 34 25 32 27 29 30 13 43 33 28 27 39 27 27 16 27 22 36 26 26 24 35 32 39 36 12 32 23 34 19 30 18 31 35 28 25 26 38 34 35 37 28 19 33 25 18 22 20 40 17 25 32 38 37 32 23 29 33 25 40 33 21 38 27 19 34 33 33 30 32 26 39 32 39 26 32 20 30 41 34 37 8 35 24 22 46 17 36 32 29 28 46 39 39 15 21 33 40 32 25 28 34 32 24 30 18 18 42 28 32 28 37 25 27 36 34 34 28 45 25 31 27 44 32 32 19 18 37 25 19 29 35 36 29 33 30 14 32 38 33 27 24 24 24 30 21 45 16 21 25 29 19 33 29 30 30 25 29 45 16 26 38 33 30 31 28 26 21 36 28 42 40 27 18 24 28 35 25 51 33 34 9 37 27 22 29 31 7 32 47 17 44 24 15 39 38 33 19 29 47 40 34 27 36 36 30 21 27 33 37 32 27 21 22 25 32 29 31 32 38 18 28 39 23 21 21 28 30 26 24 19 27 36 31 30 30 19 31 34 25 10 20 13 29 46 44 34 17 30 28 28 33 17 42 21 31 26 33 26 38 27 21 35 27 36 29 29 13 23 23 
29 21 37 23 30 40 23 18 29 27 35 36 34 20 31 20 35 27 27 22 31 29 28 27 39 31 33 29 27 21 25 37 37 30 31 36 36 31 26 29 35 43 25 29 30 34 34 35 40 27 34 31 31 45 38 39 29 35 36 47 28 28 27 36 19 36 26 16 27 25 15 27 46 36 23 30 20 23 43 33 33 32 27 36 24 37 28 3 0 19 29 33 17 32 49 25 25 34 35 28 17 24 44 23 37 34 26 39 23 33 38 25 25 42 39 25 28 38 23 32 30 28 35 27 23 35 34 31 19 23 25 24 32 25 36 38 27 28 27 32 30 30 36 28 27 36 42 39 38 34 15 34 32 42 25 22 46 27 32 29 36 28 34 30 34 35 32 33 28 38 42 29 43 43 21 16 39 27 19 35 31 14 19 28 23 32 23 25 27 30 33 38 37 29 27 23 34 37 32 35 21 40 27 33 16 34 35 33 31 29 29 39 28 35 27 32 36 27 27 34 29 31 26 40 29 26 38 33 27 23 37 28 30 30 32 33 16 24 36 18 30 42 30 30 19 30 25 39 29 29 27 38 35 33 39 15 6 26 37 22 31 21 32 24 30 28 29 35 36 38 40 31 22 31 28 21 25 22 41 20 28 35 41 40 34 26 32 36 22 37 36 24 41 30 22 37 36 36 15 32 29 42 24 39 29 35 23 33 38 36 32 11 38 27 25 42 20 39 35 32 31 49 36 42 18 24 7 37 35 28 13 37 35 27 33 21 21 45 26 35 30 40 28 30 35 32 33 31 37 28 34 29 47 35 35 22 21 40 28 22 32 38 39 32 36 25 17 35 41 36 30 27 27 27 33 24 46 19 24 28 32 22 36 32 33 25 28 28 41 19 29 36 35 33 34 31 29 24 39 25 39 39 30 21 27 31 35 28 54 30 37 12 40 30 25 32 32 10 17 44 20 47 27 18 37 30 36 22 32 48 37 37 30 39 38 22 24 30 30 39 34 30 24 25 27 35 32 34 35 38 21 31 40 26 24 24 24 33 29 27 22 30 39 30 19 33 22 34 37 28 13 23 16 32 49 47 36 20 33 27 31 29 20 45 24 34 23 28 29 24 30 24 38 30 39 32 20 16 26 26 
43 33 43 39 29 33 42 35 38 37 36 44 35 28 50 34 49 37 31 41 19 32 40 35 43 41 15 28 44 41 37 42 36 43 37 39 43 42 34 29 43 42 38 34 46 39 37 38 50 33 35 47 31 51 44 43 39 42 46 42 44 34 36 32 38 45 36 35 32 27 34 37 41 33 37 18 37 41 52 33 42 27 33 43 26 50 41 22 36 0 17 43 31 31 55 38 35 42 34 25 25 42 41 41 34 32 34 42 37 31 48 34 35 37 50 33 16 43 43 35 36 23 41 24 39 33 41 29 44 37 33 29 40 33 30 35 26 33 26 40 32 39 44 38 37 38 46 46 33 33 38 25 35 41 24 45 50 41 35 22 34 16 37 34 35 41 34 30 38 37 45 25 36 41 33 40 30 26 38 39 34 34 32 27 42 41 39 43 32 33 38 37 43 32 26 31 35 38 41 37 40 43 28 40 35 35 37 44 30 40 17 44 45 28 36 44 42 34 43 37 37 38 45 40 32 41 43 47 32 38 35 29 33 31 37 36 34 55 37 33 36 40 29 45 33 41 30 51 36 42 28 42 39 43 47 34 42 39 46 3 39 28 42 35 36 36 23 41 35 42 43 40 31 39 27 40 36 35 44 39 35 30 43 42 37 41 35 46 34 43 39 42 53 30 21 35 37 35 40 43 35 47 34 40 33 27 36 34 46 33 40 29 36 34 44 47 39 43 43 35 32 44 44 41 36 27 38 42 21 30 30 45 45 42 43 29 24 38 36 37 25 37 21 38 38 34 36 39 48 30 37 40 46 35 42 21 37 47 38 34 29 40 36 35 49 36 36 31 24 45 32 31 29 32 41 27 46 38 23 26 33 30 29 30 34 32 38 39 46 38 37 42 42 43 46 32 31 33 37 39 44 43 32 20 21 32 42 39 56 38 33 31 34 38 38 40 35 29 42 39 21 51 42 37 49 43 25 30 29 50 45 39 29 42 36 42 32 31 38 44 31 33 26 39 30 44 51 15 35 41 35 30 42 39 36 36 36 41 41 39 29 40 43 33 42 38 34 33 38 30 32 41 35 25 47 56 40 35 30 33 19 27 34 51 38 36 37 48 26 36 40 33 40 31 44 33 34 35 35 23 
26 16 26 27 17 21 28 28 32 29 34 32 27 11 35 17 34 35 18 33 17 15 23 18 38 32 25 35 32 26 20 28 30 26 20 25 31 33 17 30 26 33 21 17 29 22 27 39 33 18 30 30 32 38 27 30 24 30 38 41 33 25 24 26 27 39 34 29 25 10 29 28 32 27 25 19 20 26 40 24 25 10 22 27 9 38 24 22 19 10 0 29 14 18 38 21 31 25 17 8 8 34 38 41 31 38 22 31 20 30 33 21 29 42 39 21 24 30 26 22 19 23 24 7 28 32 31 14 31 31 20 21 28 16 31 18 27 25 23 23 19 22 27 33 20 26 35 30 29 26 21 25 18 29 29 28 45 24 19 25 17 26 27 35 26 26 17 31 21 28 37 23 39 24 25 27 29 17 30 28 29 26 15 10 32 24 27 28 15 35 28 31 30 21 17 14 27 21 24 25 33 38 23 28 27 36 32 29 25 28 25 35 36 21 34 38 25 17 30 22 26 29 31 39 33 24 38 30 26 27 23 12 31 14 25 21 26 38 32 24 20 31 30 30 27 26 28 43 19 27 11 36 26 38 30 27 25 22 40 13 24 11 25 29 19 19 6 31 18 29 29 23 23 22 14 23 19 18 29 28 25 30 27 31 20 24 28 37 17 36 30 30 36 13 30 20 20 36 27 26 22 30 28 34 20 30 19 29 29 22 23 21 27 24 28 38 30 34 28 20 19 43 35 28 19 10 21 42 27 13 23 32 31 25 35 23 27 31 30 20 8 31 29 26 32 30 27 22 37 13 23 25 45 26 38 12 27 40 28 17 17 29 35 25 37 28 25 20 27 28 27 28 12 23 24 26 41 30 24 25 34 13 30 15 24 15 25 22 36 32 20 32 30 26 31 22 14 16 36 32 38 26 15 30 4 27 29 34 39 22 35 30 35 21 28 23 29 23 29 43 17 38 33 30 34 27 24 13 12 38 34 34 30 31 24 25 15 14 21 31 24 26 9 23 13 32 43 25 23 32 26 21 31 24 19 19 30 24 29 22 24 23 26 26 25 21 22 24 25 13 26 29 28 28 42 39 27 26 30 20 2 26 23 41 23 24 20 31 30 29 26 16 39 21 27 24 17 28 18 6 
16 29 25 25 23 27 27 18 32 31 12 29 24 29 34 30 33 15 20 25 13 30 29 36 9 19 24 28 31 22 33 26 30 21 23 14 36 15 20 17 30 33 26 30 39 20 16 17 28 27 18 25 29 34 38 36 24 36 30 34 31 7 25 31 22 39 14 26 10 22 18 23 40 31 36 12 23 33 30 14 29 23 19 39 21 37 35 22 25 28 18 0 25 25 16 26 31 28 26 20 26 34 35 39 22 36 22 31 31 25 31 22 29 27 31 21 10 38 20 29 24 24 30 19 17 27 31 14 22 26 21 23 28 19 24 30 17 27 19 33 26 33 33 22 28 24 34 34 21 25 24 19 30 26 17 31 38 35 12 30 31 17 31 32 18 33 29 24 20 32 35 19 44 25 19 30 31 22 22 22 11 28 20 24 15 35 31 32 13 38 26 33 32 24 17 17 18 31 29 31 27 42 11 17 26 36 20 28 29 27 30 30 34 26 30 27 29 26 24 30 18 34 30 32 30 29 31 35 23 19 29 24 27 23 29 34 34 46 3 27 22 34 27 31 33 19 8 31 23 25 28 40 32 26 38 25 31 17 30 31 20 27 28 31 25 34 24 29 31 29 40 34 25 30 25 22 28 23 30 21 25 31 37 31 27 36 14 36 28 27 28 23 29 13 22 20 17 31 21 26 30 28 28 36 34 26 14 33 41 26 33 30 30 24 35 36 30 35 25 33 26 36 24 36 19 22 32 40 30 28 21 29 2 30 32 17 32 34 29 32 21 29 15 26 36 22 27 30 35 24 21 24 47 16 37 17 22 40 31 30 23 32 28 22 39 34 31 20 33 31 9 19 14 23 35 10 38 20 21 20 34 28 24 15 28 29 22 38 40 29 32 29 26 30 35 26 8 27 31 22 28 28 27 21 22 19 29 17 33 35 32 28 28 33 17 26 34 20 23 33 18 38 30 24 31 37 32 27 23 40 26 22 30 25 30 32 18 20 33 32 29 12 24 28 26 22 35 27 21 22 31 26 32 23 17 18 19 21 27 27 28 22 39 26 28 24 20 28 32 25 23 22 22 20 43 42 23 23 22 27 20 21 22 32 20 30 32 38 18 34 18 27 34 25 27 24 32 26 25 18 
30 29 30 27 29 27 28 30 32 30 28 35 22 24 34 28 36 31 23 19 26 28 25 31 38 29 35 24 35 31 33 40 37 31 22 37 20 29 22 25 33 38 30 21 26 22 35 34 39 24 35 36 27 44 38 33 17 19 24 31 33 21 26 30 23 35 33 21 28 12 19 31 35 31 11 25 25 21 44 27 32 23 27 32 11 38 26 17 28 23 13 29 0 23 45 24 36 30 30 19 21 29 40 27 33 24 24 33 6 28 31 24 28 37 36 23 23 30 15 20 32 26 35 20 28 30 36 22 27 27 23 7 28 21 30 28 22 11 22 25 28 28 31 33 26 24 35 24 33 29 26 32 31 30 20 29 35 10 25 34 23 12 22 30 26 28 19 37 23 33 30 24 37 30 26 29 26 22 16 29 24 12 24 22 32 30 26 30 15 40 28 29 35 18 22 19 35 25 28 31 28 33 29 20 30 34 37 33 20 20 34 38 35 25 26 30 29 25 28 26 31 15 31 37 28 10 41 16 23 27 25 23 33 14 24 25 30 39 32 25 20 33 25 33 29 30 27 36 19 31 11 22 29 43 36 29 34 27 39 26 29 24 30 33 18 25 19 33 24 32 40 24 9 18 23 24 22 27 24 25 29 33 37 34 20 37 32 39 19 43 30 28 25 21 17 28 32 31 30 31 31 30 27 31 33 34 27 24 25 22 36 25 29 29 30 25 27 36 30 24 17 33 37 28 24 23 23 40 28 20 25 30 31 11 29 19 31 42 29 22 21 37 25 27 31 34 32 32 44 26 35 29 31 21 35 17 24 38 23 30 29 34 32 20 36 23 31 28 32 24 22 27 25 28 30 31 38 24 19 23 32 19 32 23 19 23 30 34 24 33 33 34 32 28 33 17 27 22 34 27 40 39 17 16 17 27 34 28 47 34 21 16 29 26 25 17 15 24 25 45 27 41 25 25 38 28 28 26 25 31 39 32 25 25 30 20 20 25 17 37 28 30 22 13 13 36 40 35 23 26 26 26 23 28 19 20 22 30 31 24 10 23 39 24 30 23 24 29 23 15 27 27 23 28 44 35 31 18 30 10 15 12 20 39 24 33 30 26 26 30 26 29 26 16 26 24 30 23 20 19 
24 25 39 27 26 18 18 31 23 27 30 31 29 27 28 6 31 22 23 17 22 28 29 34 37 26 33 24 32 31 29 33 32 25 26 31 24 31 22 24 32 38 22 24 25 22 29 34 40 2 25 31 27 32 30 31 33 31 32 42 25 23 22 17 15 35 21 11 22 21 11 22 26 11 29 21 15 26 38 29 23 24 22 21 20 32 33 25 24 28 25 28 18 0 44 22 29 30 12 23 24 19 33 37 29 30 21 36 24 24 39 20 25 37 40 20 19 21 27 25 28 23 26 22 23 30 20 23 20 15 20 25 27 21 31 33 22 29 17 36 25 25 34 26 19 26 31 36 21 8 26 28 27 22 20 33 41 28 14 26 14 24 29 27 23 16 28 22 23 15 37 24 40 21 16 15 35 22 14 27 27 21 16 23 18 27 30 20 15 25 28 33 27 24 22 19 25 33 27 30 16 32 18 32 11 29 27 30 26 21 26 34 23 22 32 34 31 23 31 29 33 27 21 37 28 22 33 30 22 18 33 23 30 21 28 28 29 41 31 26 15 29 25 25 26 31 20 34 15 24 23 34 27 33 27 10 30 21 35 31 29 29 26 13 27 21 24 36 15 34 21 26 18 32 23 16 18 19 26 15 14 30 36 17 20 21 19 35 28 28 33 35 35 25 17 29 31 31 27 30 24 30 27 37 31 21 18 23 40 22 19 24 33 13 20 38 15 34 30 27 32 44 34 19 29 19 31 38 30 25 26 32 30 23 29 16 16 40 26 31 22 41 23 25 34 22 14 26 26 21 29 26 42 31 27 17 16 25 24 26 30 34 36 27 27 28 24 29 9 38 25 22 21 22 21 19 35 14 19 23 27 28 31 24 34 24 23 27 42 14 36 36 31 25 21 32 22 19 34 26 33 38 26 16 24 26 20 31 47 34 27 34 35 29 30 28 24 5 23 36 15 43 22 13 35 37 31 26 23 29 41 29 25 34 29 29 20 25 32 35 15 17 22 31 24 30 27 34 23 37 16 22 38 21 19 16 26 35 24 22 23 24 42 29 28 28 17 11 35 24 8 34 11 27 29 49 28 15 34 26 27 27 15 40 19 29 29 31 30 23 25 19 32 31 35 27 30 11 18 21 
23 25 30 32 29 34 30 28 31 32 35 25 24 30 31 27 31 17 22 20 24 34 30 36 32 21 20 27 35 27 29 33 32 23 29 37 31 31 27 19 28 35 21 14 34 27 23 38 30 27 28 18 34 42 37 30 26 30 31 38 15 23 25 30 14 44 16 14 12 19 10 19 38 24 32 21 30 29 37 19 34 19 32 25 18 35 31 19 25 29 19 23 25 25 0 21 27 35 35 22 27 22 37 39 36 35 32 33 27 27 24 23 30 40 26 26 21 41 26 22 17 27 31 21 10 29 38 16 6 18 29 25 31 26 16 32 19 29 21 27 22 37 33 15 22 31 37 32 19 31 31 28 32 31 19 27 40 34 28 25 30 23 24 17 23 30 26 28 26 38 37 21 39 32 19 36 37 27 17 6 27 20 15 20 35 38 28 23 20 36 28 31 33 21 18 24 34 32 31 34 30 35 27 33 28 35 30 26 22 27 25 28 18 27 35 29 22 26 26 19 23 26 33 34 32 21 39 20 22 15 31 22 35 25 27 18 32 44 26 21 31 40 29 25 28 27 10 34 28 9 22 33 28 36 39 27 26 19 41 30 25 28 33 26 26 34 25 31 20 33 34 29 17 28 28 26 23 18 36 18 32 34 40 35 29 30 32 36 24 40 30 31 36 15 20 22 30 34 17 31 27 35 29 34 34 28 16 26 39 28 32 27 36 31 33 43 31 37 35 17 19 40 31 39 21 19 27 24 26 22 23 32 25 22 28 30 27 34 31 26 17 39 26 31 38 20 20 28 39 26 37 22 42 21 38 22 19 38 23 26 29 39 32 22 40 31 26 22 29 33 25 21 30 24 33 27 41 17 30 22 35 29 26 17 21 25 20 35 42 31 31 31 31 28 32 19 27 31 33 12 39 33 24 27 23 21 34 27 52 31 34 28 32 19 19 10 27 22 19 42 20 42 25 27 24 36 21 32 25 44 31 32 27 18 25 28 25 24 31 30 28 30 28 21 23 29 30 29 28 27 19 31 36 21 19 22 21 34 27 17 30 28 37 28 33 26 20 34 25 22 25 30 25 22 44 44 28 29 32 23 21 27 23 37 19 32 26 34 28 31 20 30 36 18 29 27 36 27 23 20 
35 25 34 31 26 30 19 27 33 32 39 30 27 20 41 26 43 21 23 31 26 24 27 27 36 25 32 20 24 31 29 36 31 27 28 34 32 37 26 21 35 34 30 26 38 31 36 30 34 25 36 23 23 44 36 37 30 31 40 46 12 29 19 34 28 33 20 31 16 19 24 29 41 34 29 25 29 27 49 23 30 19 25 33 18 29 28 28 28 19 9 27 23 23 43 0 24 34 26 17 17 18 29 40 35 40 31 34 29 24 34 17 30 29 38 30 32 35 35 29 22 26 11 16 15 26 37 20 18 32 23 22 13 25 30 27 18 26 18 32 24 31 36 20 29 30 26 39 30 25 30 34 27 35 16 31 42 33 28 34 26 8 35 14 34 33 26 27 12 22 43 20 42 33 13 32 22 18 31 31 33 27 24 19 36 33 33 19 24 36 37 25 35 24 18 23 34 30 33 34 36 35 31 29 31 40 38 34 22 21 34 33 30 29 24 33 34 20 30 31 27 38 22 33 24 33 41 17 24 25 32 21 28 23 34 30 26 45 30 18 28 36 21 29 25 31 14 39 28 13 20 38 33 36 36 30 31 23 38 22 29 20 34 29 28 28 15 33 27 34 38 32 24 31 19 20 28 27 36 28 34 33 36 34 29 33 36 41 21 40 31 34 42 19 13 26 29 23 14 35 23 39 29 35 29 32 20 26 38 30 28 21 32 33 37 40 33 33 37 29 28 48 44 33 25 19 30 28 36 22 22 38 29 34 38 28 27 40 27 23 17 40 37 35 30 31 25 31 24 22 32 30 38 25 41 13 28 39 36 26 26 38 40 30 39 26 23 26 32 37 31 23 21 23 30 30 39 29 15 19 38 22 30 21 32 24 28 31 39 34 27 34 34 35 28 30 23 25 30 24 36 35 24 12 13 24 34 29 48 29 29 37 34 27 28 32 27 26 16 41 24 43 29 33 29 35 33 22 21 42 35 32 21 28 30 29 24 23 30 40 32 34 18 26 22 41 31 33 27 31 27 22 34 33 28 16 25 31 21 30 32 14 35 25 34 30 14 25 34 22 28 33 31 26 46 48 30 27 34 25 11 27 26 41 30 29 23 30 30 28 24 25 37 29 33 25 26 29 27 15 
22 28 31 20 26 33 31 31 26 9 28 32 31 23 40 25 37 16 25 31 19 22 18 17 43 23 35 29 40 20 32 12 36 33 31 24 21 16 24 24 32 41 22 29 39 26 26 33 45 21 29 36 26 44 43 35 31 20 37 32 32 13 26 20 29 29 39 30 32 22 30 27 39 30 29 18 27 14 36 20 29 22 29 27 21 43 31 29 31 22 24 36 26 19 33 22 0 32 22 20 20 33 36 33 32 24 28 30 32 27 28 24 7 33 37 28 16 31 36 32 31 30 32 19 28 31 31 21 30 33 27 29 34 23 28 22 31 29 27 33 30 33 39 33 25 19 40 36 28 27 22 25 30 26 31 29 41 35 18 26 29 23 31 29 27 26 29 30 26 25 32 25 40 31 20 13 37 14 28 28 17 34 16 28 37 35 30 32 19 36 20 39 21 28 14 21 29 33 33 34 26 42 22 23 30 37 31 30 32 28 25 35 28 32 28 16 35 27 28 28 24 28 34 33 27 34 39 30 25 23 28 30 12 26 30 28 29 47 37 25 32 39 24 35 25 25 33 45 26 32 23 35 31 32 37 29 37 29 31 25 26 23 29 21 31 24 18 36 20 33 36 33 31 32 22 26 21 19 36 27 25 37 39 35 29 36 22 18 29 36 27 29 35 20 28 25 38 37 27 29 30 34 6 31 32 40 26 33 43 21 29 32 36 24 25 42 20 41 31 27 29 34 33 29 22 20 30 44 37 25 26 35 38 31 34 23 27 40 8 19 20 35 21 33 33 14 24 33 34 25 22 26 49 22 45 9 28 35 32 29 22 36 34 29 29 16 30 27 28 38 15 22 24 20 31 21 35 26 18 31 40 20 39 22 28 32 24 25 41 33 32 37 18 31 31 26 26 27 41 33 36 34 27 27 16 27 30 23 51 23 36 29 34 28 18 30 30 24 29 41 20 42 30 23 41 39 30 25 24 39 32 33 34 36 29 32 22 26 38 33 18 20 21 31 24 28 41 37 16 22 23 18 37 30 23 23 8 36 28 33 35 28 38 21 26 33 21 21 35 25 27 28 21 35 36 46 32 23 28 31 14 27 30 38 26 32 19 38 24 21 33 28 39 28 32 21 29 16 22 18 
30 31 33 27 22 26 25 32 34 18 28 25 29 28 37 25 38 10 28 27 12 29 27 32 25 14 26 28 28 29 35 27 29 32 27 30 30 30 27 12 33 42 32 21 35 27 26 31 39 27 15 24 26 31 36 8 33 29 27 38 21 22 20 29 23 38 9 21 21 17 21 18 37 31 33 11 25 23 44 22 37 25 32 32 16 40 31 24 28 27 17 16 25 26 32 21 15 0 29 15 25 29 30 29 19 37 27 37 30 20 31 18 16 40 32 18 9 36 33 27 23 27 32 14 16 22 31 23 12 22 24 18 30 26 19 25 26 22 14 32 21 35 38 21 26 26 37 37 22 33 31 18 25 33 12 16 33 35 25 36 27 16 29 23 15 35 24 23 27 32 37 18 43 34 14 23 30 21 24 32 24 23 26 19 28 37 28 30 21 40 25 36 30 20 12 24 15 28 24 27 24 40 8 30 21 33 17 31 27 22 34 28 24 28 29 25 29 21 19 26 26 32 28 29 25 29 28 26 25 14 24 21 21 20 26 25 32 45 19 27 31 33 22 30 29 29 19 31 26 31 22 39 4 23 33 20 32 28 33 30 28 22 35 30 29 29 23 24 28 26 35 31 20 22 21 21 27 29 39 24 25 34 33 28 31 31 30 27 24 24 34 33 31 24 21 28 29 35 23 34 29 32 21 33 37 21 25 31 38 21 36 27 29 24 30 36 25 36 28 24 24 40 24 34 14 25 28 31 32 27 30 37 18 30 27 22 31 38 17 27 23 39 14 23 31 23 26 35 43 19 36 27 46 24 34 16 17 44 30 32 22 20 35 27 38 25 27 24 35 38 22 14 11 18 27 24 35 24 18 15 31 23 19 24 26 24 17 33 35 24 27 24 27 32 39 24 20 29 26 18 31 36 22 20 21 14 37 27 45 33 27 33 27 26 27 17 32 15 25 36 1 35 32 21 30 39 28 30 18 36 34 19 29 25 29 31 25 23 30 33 27 28 23 27 24 34 36 22 23 30 26 25 35 28 25 17 17 25 22 24 23 25 39 30 35 28 15 28 30 20 18 32 19 15 40 49 20 25 32 22 19 19 19 40 23 25 27 37 28 31 13 29 33 23 37 28 31 21 25 13 
20 30 28 15 20 24 21 23 21 26 32 30 26 25 31 30 35 23 11 28 10 23 30 32 34 32 25 26 26 19 33 37 27 23 19 39 26 33 10 22 32 31 25 18 36 10 27 31 40 26 13 31 24 29 34 26 28 29 25 36 37 26 19 15 29 30 27 30 28 24 30 21 31 30 31 9 13 29 34 17 32 24 15 29 23 31 27 18 27 25 15 26 21 24 42 25 33 18 0 15 22 30 31 36 17 28 15 24 27 22 30 24 24 34 31 16 7 34 25 25 23 26 16 22 23 32 26 18 28 28 23 24 21 9 21 33 15 28 24 30 24 33 22 21 18 14 28 33 16 31 14 16 33 29 22 21 43 31 2 28 32 14 26 27 13 33 29 21 14 30 25 16 42 15 24 26 28 19 25 26 25 29 19 25 27 35 22 29 3 28 16 30 35 14 19 7 13 26 21 24 22 38 6 36 31 30 15 30 25 30 28 33 36 10 27 33 19 20 33 23 21 24 24 39 25 20 26 23 19 24 26 20 24 18 28 22 24 44 28 17 18 31 22 29 27 19 29 29 21 28 21 31 22 21 15 30 32 19 31 28 17 26 18 30 15 19 21 34 29 22 31 29 26 30 20 20 29 22 20 21 20 33 30 24 30 27 17 35 29 22 32 23 34 26 19 24 35 28 24 26 27 18 23 27 34 31 16 29 37 27 7 21 27 19 25 26 35 33 26 21 22 38 22 32 27 17 32 36 31 22 18 20 28 21 32 20 29 32 25 30 22 29 12 21 28 17 29 32 29 22 38 26 41 19 31 14 20 44 19 25 20 22 33 24 29 29 25 22 33 35 28 24 9 24 9 19 34 23 16 25 28 25 29 19 23 24 22 22 39 34 27 34 29 24 31 21 23 27 32 17 29 26 29 18 19 21 29 27 48 29 35 27 25 23 28 16 25 25 26 34 19 31 30 19 35 36 25 27 21 36 29 17 27 24 27 28 8 22 29 35 13 15 24 27 23 26 35 32 11 25 28 23 28 25 7 20 25 27 32 23 30 16 41 30 18 26 25 26 28 27 28 22 17 25 31 46 18 23 32 25 17 17 16 35 16 27 22 34 28 18 23 17 31 21 35 26 32 31 18 21 
41 44 43 34 37 45 45 40 48 31 46 46 37 43 46 40 51 38 35 41 31 40 40 39 50 42 39 42 41 40 48 47 34 47 43 44 43 38 34 40 30 55 34 44 47 34 46 45 51 36 41 48 38 56 57 38 37 42 44 54 46 35 24 42 27 40 37 45 33 33 23 42 55 45 31 30 37 36 55 32 42 38 39 45 32 55 45 37 38 42 36 41 32 41 57 34 47 42 43 0 40 49 53 51 44 42 39 47 38 48 38 29 29 36 49 41 28 42 39 40 38 31 44 41 40 50 45 37 41 31 28 39 45 33 42 44 39 43 41 45 39 39 46 36 31 33 39 34 43 47 38 37 52 39 40 41 58 42 30 38 44 35 42 48 40 48 40 42 38 47 46 37 47 43 38 35 37 36 38 39 29 33 28 40 50 41 27 45 27 38 37 32 43 38 36 31 41 45 41 34 36 45 34 35 43 37 43 28 32 38 38 48 50 37 31 38 40 25 46 47 36 39 33 48 39 34 52 48 41 39 23 42 34 26 25 46 43 46 44 25 29 50 46 38 27 37 45 57 38 44 35 46 36 49 42 42 44 43 56 45 38 38 42 43 36 37 38 31 42 46 48 40 30 30 44 36 26 31 46 33 39 38 40 48 43 43 40 40 40 50 44 41 47 36 35 43 50 30 37 43 42 42 28 51 41 46 40 36 51 43 34 38 48 38 37 50 42 53 43 45 37 56 47 40 36 37 29 42 44 40 35 41 43 35 41 35 29 56 30 43 36 47 33 46 45 36 46 54 53 44 42 38 55 34 55 31 34 57 36 45 17 46 46 40 48 38 25 36 48 44 27 42 36 42 36 32 52 38 40 43 35 31 44 38 39 45 42 39 36 49 34 32 40 37 49 37 45 33 53 38 55 46 38 39 36 39 46 35 36 43 52 46 46 39 33 40 37 40 39 60 42 55 48 33 54 49 48 45 43 50 44 45 43 47 24 41 32 33 43 49 40 38 41 33 36 41 53 47 30 35 45 40 51 41 28 37 30 38 46 44 42 40 56 43 42 44 39 43 43 36 43 40 31 40 53 50 44 41 40 40 36 39 40 50 40 16 30 47 36 35 38 41 49 36 45 43 47 38 27 40 
26 22 27 31 23 27 20 32 27 21 32 24 20 3 33 10 29 27 10 27 23 13 29 10 34 31 30 27 26 18 26 36 28 22 18 33 25 25 9 29 24 36 30 19 35 23 33 33 31 10 29 28 29 34 33 25 30 25 34 43 33 17 18 24 28 35 26 27 24 16 24 20 30 19 28 22 12 28 40 16 23 16 14 19 15 30 30 15 26 16 19 25 17 16 41 22 29 17 23 14 0 26 30 35 32 30 14 23 23 29 29 20 23 35 31 23 20 37 24 18 25 19 25 23 27 31 24 20 25 23 19 24 20 8 28 32 27 28 23 15 18 14 19 26 12 30 27 28 21 24 13 29 34 28 21 20 39 27 22 27 23 21 20 28 29 18 23 32 13 31 39 29 41 28 24 25 31 28 24 20 21 25 24 28 25 16 21 26 19 27 32 27 29 13 29 6 29 35 16 19 25 30 22 27 27 29 31 29 18 29 33 27 32 22 26 32 27 19 26 24 18 24 23 38 27 19 35 33 18 23 21 19 28 23 23 23 18 30 28 16 17 27 31 30 25 18 26 35 19 25 20 28 21 30 22 26 32 18 38 19 16 17 17 21 17 11 12 29 20 21 27 15 26 29 30 24 24 27 31 20 18 26 25 23 28 24 20 33 23 34 36 22 28 19 22 25 38 36 21 28 17 33 22 26 12 25 15 21 36 30 29 13 23 17 24 38 27 30 28 22 15 45 38 35 22 16 27 35 19 11 31 28 27 20 31 15 20 44 24 26 14 35 25 28 30 22 30 14 31 11 31 25 40 18 30 25 19 33 21 23 15 21 31 18 35 30 23 26 25 29 19 20 10 24 16 18 33 22 27 24 27 5 28 21 17 23 21 28 34 30 12 30 26 18 23 15 12 8 35 25 36 28 21 25 10 23 31 27 37 19 31 24 31 13 31 15 22 21 23 41 15 30 29 22 34 33 26 5 27 33 26 33 23 23 22 31 7 21 28 23 22 24 7 29 22 26 35 31 27 24 32 30 25 26 23 20 24 16 32 22 24 15 30 32 17 25 25 27 21 19 24 21 20 24 34 37 25 22 28 19 21 29 15 34 15 26 12 37 24 26 22 16 32 14 33 30 15 27 17 22 
25 14 31 23 25 29 23 19 30 19 26 23 21 28 35 20 30 8 13 25 22 23 22 27 23 12 26 27 26 27 18 27 13 14 10 24 14 26 18 10 23 26 22 28 33 18 24 29 21 21 25 18 26 37 31 32 17 13 25 36 29 21 18 27 15 34 7 19 3 15 11 16 35 30 11 12 21 24 39 20 12 27 22 30 14 36 28 21 18 27 19 14 23 20 30 22 25 26 32 13 25 0 20 24 28 22 20 26 28 18 32 15 17 37 30 20 19 36 22 29 17 24 24 12 10 20 24 7 24 19 22 16 26 17 17 23 10 20 12 25 19 32 29 15 23 22 32 27 17 28 22 24 23 30 10 29 31 33 23 26 25 21 28 25 25 28 22 9 22 35 30 12 37 32 12 17 31 24 22 17 22 21 16 17 18 34 26 1 11 18 21 36 25 18 10 15 25 26 16 19 24 21 18 26 19 34 23 21 26 18 26 26 23 26 25 20 24 19 17 27 24 27 26 27 23 22 33 23 21 12 22 11 22 25 24 26 30 33 17 23 25 18 20 26 7 27 1 34 24 28 23 33 28 33 34 18 24 10 32 30 25 20 24 25 20 22 23 22 25 24 33 18 18 15 19 19 25 19 22 22 23 31 25 26 20 29 20 24 21 34 24 31 29 6 24 13 27 34 20 29 5 26 16 29 34 19 7 12 22 19 27 25 14 22 28 34 23 15 30 25 26 38 31 34 12 25 25 42 22 21 14 25 16 23 22 23 9 36 18 22 25 30 24 25 29 18 20 24 37 17 22 17 29 22 30 19 15 33 24 15 24 30 27 24 37 26 5 13 29 24 20 12 20 16 29 12 33 22 18 13 32 16 17 8 28 22 15 25 33 22 25 22 28 23 10 26 18 26 24 25 30 31 20 24 21 12 32 25 43 23 25 29 16 24 13 24 13 13 22 35 11 33 30 21 24 34 29 15 16 41 32 25 28 27 25 26 16 13 14 31 25 18 17 13 24 26 34 20 19 26 24 19 33 29 12 15 12 29 20 30 21 21 37 19 26 17 13 31 31 18 16 30 19 13 37 35 30 23 24 20 21 21 20 29 24 23 25 12 26 21 11 25 19 25 20 24 25 19 23 11 
42 40 29 40 28 38 30 36 43 29 23 37 30 38 38 26 24 25 30 31 37 36 35 26 40 29 43 34 35 28 44 41 39 31 36 45 40 37 35 27 38 43 39 44 39 25 22 46 38 22 42 30 39 42 48 34 34 39 44 45 39 33 28 37 32 44 24 31 20 32 28 30 46 31 37 29 35 34 56 34 33 41 40 41 31 40 46 39 42 38 31 31 38 20 47 39 30 37 32 30 35 26 0 46 43 37 18 37 40 35 45 30 27 40 47 32 34 36 31 40 29 35 22 29 22 37 39 24 40 35 32 33 24 34 34 40 27 37 29 37 33 42 39 27 39 39 37 42 34 28 39 32 36 30 27 35 48 35 34 43 34 38 30 6 31 36 39 35 23 35 50 29 51 41 26 34 41 34 34 43 37 38 33 34 38 39 35 27 28 32 40 36 41 32 27 32 42 43 30 33 9 47 35 42 31 45 42 36 36 34 43 40 21 39 35 36 44 29 25 42 34 36 33 37 40 39 37 41 37 29 31 36 32 34 33 41 40 53 34 33 35 16 37 37 33 28 18 46 34 17 37 43 30 40 47 30 38 27 49 33 26 37 41 33 40 41 34 39 35 37 41 43 35 38 36 28 34 36 43 25 33 42 39 37 31 41 39 22 39 44 34 32 46 23 27 30 42 34 37 23 31 43 27 45 42 36 24 38 43 25 39 35 40 32 31 34 29 41 42 40 39 47 30 34 26 20 37 32 47 34 31 45 33 38 41 33 35 49 28 42 39 51 39 37 46 34 32 36 35 34 43 34 52 20 47 29 26 45 31 41 25 34 44 28 42 36 31 30 29 39 35 29 33 33 41 34 50 24 36 30 43 39 34 25 18 39 31 46 44 34 38 39 36 40 36 25 35 36 41 35 47 41 37 36 35 29 26 39 57 21 41 41 42 40 23 41 39 25 39 52 28 46 33 33 36 53 44 36 33 44 42 43 33 39 32 46 33 37 40 35 35 37 30 33 32 40 47 37 36 26 36 38 45 14 32 24 28 39 34 34 38 25 42 36 43 34 27 31 45 35 28 31 31 30 49 50 36 32 44 34 33 34 34 46 36 24 28 38 40 42 28 39 45 38 37 39 38 31 21 28 
21 26 21 30 20 30 28 33 27 21 29 32 13 25 30 20 37 28 26 27 18 26 30 29 16 35 26 26 26 27 30 31 28 35 24 21 27 20 25 34 24 40 31 32 35 25 23 24 30 16 28 25 37 42 41 25 34 32 28 37 27 12 17 21 24 40 31 21 26 25 20 23 40 25 28 17 25 26 35 19 23 25 30 35 24 31 28 8 30 24 23 36 29 14 52 15 36 33 24 26 22 29 40 0 29 25 27 32 31 28 40 22 19 32 32 24 15 33 36 11 31 24 26 30 24 30 33 27 30 28 21 34 28 24 29 34 24 38 29 16 26 35 22 29 26 29 35 28 28 20 29 24 37 22 30 36 42 39 17 35 26 22 13 29 23 19 25 29 25 27 40 24 35 29 18 25 30 26 24 20 16 30 25 24 28 37 33 26 18 35 31 20 33 25 26 22 28 29 24 27 22 24 21 22 21 37 30 37 11 26 35 35 33 16 34 28 34 18 19 30 23 36 31 36 35 31 38 32 28 19 29 25 24 31 31 29 21 47 33 26 29 37 35 31 24 22 29 44 28 28 31 42 34 36 39 20 36 31 37 27 25 26 33 27 30 25 26 37 17 37 35 36 27 35 24 22 30 28 25 17 27 31 33 29 29 31 23 30 24 37 29 26 34 29 19 33 34 33 26 22 32 33 18 38 33 25 28 15 42 31 31 16 35 26 30 37 25 42 28 28 8 39 31 31 15 25 35 42 32 11 28 21 38 32 34 22 26 39 20 25 23 32 20 29 41 26 26 35 39 23 26 33 44 12 39 21 18 39 14 27 28 33 31 11 39 28 22 29 23 22 14 28 24 25 33 26 43 16 29 33 36 27 35 28 10 29 24 25 46 24 34 38 30 32 24 8 24 29 40 18 35 33 30 26 27 36 25 20 49 37 31 17 33 32 24 31 16 15 28 40 25 46 32 19 31 37 32 26 27 36 31 30 16 39 35 29 23 25 34 37 19 21 27 30 22 27 36 38 26 18 26 30 28 27 22 21 20 32 26 32 27 27 37 29 33 36 19 23 14 28 18 25 17 31 37 33 28 25 25 27 25 26 24 37 25 33 28 35 21 21 35 29 39 7 35 23 35 21 30 29 
29 37 35 34 32 40 28 32 32 26 25 37 35 36 45 38 33 28 33 31 26 32 29 33 22 36 40 32 16 35 41 35 34 38 36 27 32 28 32 34 30 47 28 31 43 32 29 30 45 34 35 38 33 49 34 26 29 31 46 40 32 20 30 26 37 47 31 33 27 29 35 32 37 41 23 25 35 32 42 27 40 35 32 38 28 43 30 30 27 35 25 38 26 35 54 20 39 40 22 21 33 38 46 36 0 27 35 32 18 26 39 28 25 32 34 10 23 41 27 21 11 18 31 25 30 28 43 31 26 41 34 24 30 31 37 33 34 28 34 41 35 39 42 9 31 33 39 34 34 38 36 30 36 39 32 33 52 36 24 32 40 24 38 33 35 44 12 35 32 42 42 32 46 37 24 19 38 25 28 39 24 29 22 34 28 41 23 39 25 33 33 45 37 20 32 29 18 39 20 23 28 43 28 30 26 32 37 28 30 32 32 40 38 21 41 34 39 31 29 21 31 27 31 35 31 22 9 30 25 34 35 36 30 26 36 20 32 27 16 20 30 46 28 29 22 32 25 34 31 26 23 34 22 43 37 41 20 34 43 32 33 36 40 27 29 30 31 43 37 38 39 12 26 30 32 20 33 25 36 34 31 25 29 40 32 39 28 36 23 27 29 36 37 30 29 36 30 43 29 35 40 40 24 33 28 41 31 34 37 34 29 27 42 36 35 42 36 49 20 19 34 42 37 40 26 24 21 32 16 28 27 42 40 23 43 30 24 47 26 15 33 32 28 15 37 32 40 30 40 31 34 24 43 29 33 27 22 50 39 38 31 44 31 37 41 32 20 37 44 36 22 34 31 15 31 27 40 33 30 21 30 31 41 32 36 39 33 31 41 45 45 44 36 37 42 34 32 33 15 32 41 41 34 28 29 31 38 30 57 28 40 39 34 36 28 27 27 37 31 46 34 47 37 25 33 39 23 38 30 49 39 39 37 35 19 31 30 33 29 38 24 26 33 15 25 30 38 44 30 35 38 36 41 23 29 27 26 34 32 34 36 32 45 36 40 40 25 39 40 32 39 35 23 37 42 47 39 30 25 32 27 29 18 45 22 31 25 37 21 27 35 39 36 33 29 32 34 34 34 24 
24 23 30 18 13 26 19 28 28 23 4 27 19 24 36 24 17 18 20 28 23 16 28 26 25 22 28 5 28 16 27 19 18 24 15 30 25 29 19 20 14 28 27 29 29 25 15 24 31 20 28 28 14 40 35 25 27 24 32 24 28 21 14 26 25 32 17 26 13 16 21 18 37 29 28 22 22 23 26 26 32 23 11 11 15 34 21 14 11 23 13 24 17 19 40 24 25 27 29 20 21 33 37 9 30 0 21 15 23 13 38 12 21 23 25 17 22 32 12 20 14 21 22 20 20 15 29 17 19 29 18 11 27 18 27 31 20 15 22 25 21 23 28 12 22 17 23 18 27 27 23 14 29 25 20 28 41 27 26 24 27 29 22 20 26 28 23 31 20 34 31 22 37 34 8 22 27 24 29 23 25 16 21 18 33 25 23 34 21 25 20 29 32 20 20 16 28 33 25 21 29 27 21 24 26 21 30 12 14 16 31 24 31 21 23 30 37 15 27 5 12 28 22 22 18 27 37 33 19 22 19 16 26 20 21 4 23 35 21 1 14 37 15 22 25 16 11 43 24 10 24 24 21 28 26 25 17 20 35 16 14 22 27 23 22 21 19 27 25 31 32 24 13 14 27 15 22 24 28 23 23 28 27 33 27 23 28 32 22 32 26 20 38 16 20 23 28 34 15 19 26 36 20 33 31 29 17 18 33 29 18 22 33 22 33 29 21 38 27 3 17 26 23 30 20 21 18 25 28 20 24 23 26 28 29 16 26 39 22 26 21 34 27 22 24 28 30 14 29 24 35 8 28 21 37 19 21 41 23 24 15 30 18 20 32 22 23 23 28 31 23 22 20 23 20 28 28 25 24 8 26 15 27 18 19 23 19 15 28 29 30 28 20 28 33 17 25 17 19 24 35 22 21 31 17 18 22 23 50 21 24 23 18 22 16 25 19 21 17 40 18 40 22 26 17 27 7 26 23 35 20 32 25 33 22 22 17 18 25 33 24 26 17 18 20 12 29 28 14 27 23 18 27 7 25 11 22 32 16 17 27 19 35 27 27 27 9 30 23 19 23 19 24 23 42 40 31 15 28 22 15 16 22 33 19 18 6 28 24 11 21 26 28 16 30 20 25 25 23 19 
40 39 27 40 26 35 30 39 34 33 42 31 35 36 36 34 46 36 36 27 21 25 36 29 39 29 34 32 41 24 40 36 27 41 38 42 31 39 35 27 43 36 43 36 52 35 39 36 48 30 37 24 29 38 48 16 38 41 34 43 36 31 30 38 36 46 35 24 31 33 32 26 45 32 32 20 36 37 54 16 31 33 38 44 32 40 37 30 27 35 25 35 33 28 51 39 24 43 38 26 33 32 43 38 42 39 0 35 39 39 42 28 31 45 33 30 18 41 29 35 23 34 47 32 16 41 41 35 27 39 33 36 6 34 32 43 30 40 33 35 29 38 44 21 43 39 37 38 35 36 39 27 43 28 31 24 47 23 34 47 42 25 37 32 29 38 40 32 35 41 43 27 53 45 24 37 39 30 24 31 33 41 37 34 45 40 34 33 28 37 41 41 27 28 30 32 40 35 35 34 37 48 34 40 39 44 24 41 35 32 47 32 39 33 37 40 44 31 34 41 20 18 32 36 30 43 48 29 25 31 35 33 35 27 37 40 38 47 33 32 31 42 27 39 28 24 29 40 25 28 30 25 12 36 41 38 32 38 46 38 22 36 43 34 40 42 31 39 33 33 42 32 38 37 25 30 21 40 43 23 35 41 40 35 32 48 37 42 30 40 32 28 51 34 25 41 44 39 23 28 33 41 30 34 44 46 35 39 44 34 39 33 38 34 13 51 43 29 40 39 32 45 46 39 22 33 33 39 36 35 34 31 37 36 37 29 30 48 32 39 31 39 23 35 36 36 26 43 37 35 40 37 37 18 45 25 24 38 38 40 31 39 42 35 24 19 32 33 37 45 32 28 35 31 35 32 41 22 21 34 42 36 25 36 34 36 27 40 50 42 42 40 18 41 42 32 36 32 45 26 44 30 38 29 29 30 31 34 61 36 34 29 30 38 21 32 34 33 25 48 27 42 35 34 30 46 30 34 37 43 28 26 33 36 31 38 33 22 36 46 36 35 32 27 28 41 37 28 36 24 29 34 35 36 32 26 32 40 32 29 43 25 43 24 43 24 25 37 38 36 36 27 32 25 47 49 34 28 38 30 27 29 30 34 31 42 31 44 35 36 39 36 29 31 35 33 40 39 3 31 
32 41 45 38 35 49 33 40 42 34 44 36 37 38 47 35 43 41 38 36 8 33 43 37 43 43 41 34 22 25 45 52 47 35 44 44 44 41 37 38 43 48 43 45 50 36 19 44 50 31 45 44 40 45 49 39 46 43 41 39 36 33 28 43 36 34 40 38 32 38 32 27 46 40 43 38 40 38 42 40 43 38 40 37 37 39 38 25 22 38 33 38 33 36 54 41 45 34 43 30 36 46 52 45 44 40 28 0 38 47 49 26 32 47 40 27 36 45 19 27 38 30 43 40 36 49 37 36 32 26 27 37 34 36 48 46 32 41 25 41 30 32 45 36 30 37 45 47 31 39 30 31 49 30 39 37 59 43 35 47 45 32 37 35 31 44 38 47 35 23 52 14 51 44 22 38 41 35 33 28 37 36 37 32 43 34 30 46 30 51 43 43 41 29 39 34 44 42 34 37 38 45 39 38 38 44 31 42 36 30 43 39 44 38 25 41 31 29 35 41 42 39 33 35 41 42 35 41 33 32 36 34 22 29 28 40 36 46 37 33 30 45 38 34 40 25 34 53 32 44 34 46 38 37 54 37 28 31 45 41 23 39 45 42 37 46 34 44 32 40 44 33 39 41 36 25 29 40 46 35 31 20 43 25 31 48 45 43 42 18 31 29 46 35 27 42 38 41 35 36 35 45 31 42 38 40 40 36 48 33 48 31 55 30 40 52 40 50 37 39 37 41 27 43 39 31 29 38 37 31 35 46 40 35 38 23 42 50 32 41 36 34 39 32 47 32 45 33 38 38 47 38 52 36 46 34 35 50 38 41 35 47 47 35 51 40 38 20 45 46 35 40 30 32 48 44 49 40 32 42 43 40 41 37 34 32 28 32 54 41 47 43 43 36 49 32 39 26 41 33 43 38 43 36 32 33 39 36 54 32 38 34 34 36 20 43 37 32 37 48 35 49 29 35 43 47 43 31 40 51 50 33 35 43 37 39 35 17 40 46 41 43 27 42 29 38 44 31 34 42 43 43 43 43 34 21 33 42 30 40 42 33 49 36 34 38 23 42 39 41 35 28 33 37 37 53 36 22 41 31 35 33 31 50 35 46 36 45 37 28 35 41 31 37 34 39 35 38 30 39 
26 23 32 21 24 28 22 24 26 24 22 29 25 18 32 22 30 28 17 13 20 22 21 25 32 32 32 18 32 25 27 35 33 25 25 32 14 28 16 19 29 32 26 24 34 16 33 28 36 18 29 30 21 38 32 30 11 13 32 39 27 25 25 27 30 35 27 15 22 17 27 25 29 27 5 19 19 24 40 21 28 17 21 27 16 32 22 24 25 17 7 23 8 21 39 26 30 24 24 13 15 23 37 27 27 18 18 27 0 22 31 18 22 31 30 17 17 24 9 28 26 20 30 14 22 24 30 16 28 26 17 15 22 15 31 25 16 19 16 24 22 22 34 27 20 18 29 32 32 23 20 26 25 33 14 23 38 18 19 30 24 6 30 24 20 27 24 31 20 27 31 18 31 27 20 28 20 16 10 28 18 20 20 16 26 24 20 24 9 34 22 27 30 12 16 13 30 28 22 25 24 30 23 24 28 28 31 30 20 14 30 32 38 22 26 25 25 23 36 23 25 9 25 31 22 4 35 22 17 21 30 18 27 8 18 22 24 38 26 19 14 35 19 27 23 25 21 30 13 28 5 16 26 37 34 27 31 21 36 20 23 18 24 27 21 19 13 31 25 26 36 23 17 12 17 18 16 23 18 19 23 27 31 28 14 31 27 33 15 39 24 29 19 15 11 22 26 25 24 33 25 24 21 25 27 28 21 24 19 16 30 19 31 23 27 32 30 34 27 21 25 41 31 22 21 17 23 34 27 16 19 26 25 5 34 13 25 36 23 27 15 36 19 22 28 29 26 26 38 20 30 26 25 23 29 11 18 32 31 24 24 28 35 28 35 26 25 22 30 18 16 21 19 22 31 25 32 18 13 17 26 13 26 17 27 21 24 29 32 31 27 31 28 26 28 25 21 16 28 30 34 33 22 10 11 21 32 24 46 28 29 24 23 21 28 22 9 22 26 39 24 35 19 21 35 31 25 20 19 32 33 26 19 29 24 23 14 20 11 31 25 27 16 7 7 30 34 29 17 29 20 20 31 25 13 14 17 30 28 29 18 17 33 18 24 25 21 23 27 20 25 28 19 22 40 29 25 12 29 18 9 20 14 33 18 27 24 29 25 27 20 23 20 24 29 18 24 26 17 13 
30 33 32 23 26 34 24 22 33 20 33 35 26 32 35 29 40 27 24 25 20 28 25 28 30 30 28 21 35 18 35 36 23 36 31 33 12 27 23 29 19 42 25 33 43 23 35 36 40 25 30 37 27 32 40 27 26 11 38 39 38 24 13 31 34 36 26 31 22 27 30 29 44 34 20 19 26 25 44 21 36 27 27 33 26 37 34 26 27 31 25 30 21 30 46 28 36 31 31 28 29 38 42 40 19 31 22 36 27 0 35 17 18 34 28 21 17 31 31 29 27 20 37 30 29 39 34 26 30 38 17 24 28 22 31 33 26 28 28 31 28 26 35 25 20 22 28 23 32 33 27 26 40 33 29 30 48 31 19 30 36 24 31 28 30 32 31 31 26 34 35 26 36 32 13 24 26 25 22 28 18 29 27 23 36 28 16 39 16 27 23 37 28 27 25 20 30 39 28 31 25 34 23 24 31 26 32 17 21 21 35 37 39 26 35 23 29 14 35 36 25 31 27 37 30 31 28 21 24 25 12 25 23 15 14 35 30 35 24 14 18 41 32 29 16 12 28 42 27 33 21 36 25 30 31 30 33 32 45 34 27 27 31 32 25 26 27 20 31 27 39 27 26 19 30 20 15 29 35 22 28 27 37 29 30 41 29 29 30 34 33 16 36 25 21 32 32 35 26 32 29 31 17 35 30 34 29 25 39 32 23 25 37 27 26 39 31 42 18 34 26 41 29 29 25 27 18 45 31 26 17 30 32 32 40 17 18 45 19 34 25 22 22 26 36 25 33 43 42 33 31 37 46 23 44 20 23 46 32 34 6 35 21 29 37 27 14 25 37 33 16 29 25 28 25 21 15 27 26 32 24 20 33 27 28 19 30 28 25 34 23 21 29 26 37 26 34 20 34 27 43 35 32 28 25 28 35 10 45 32 29 35 35 27 22 29 26 29 28 48 30 36 23 22 43 30 38 34 32 39 33 20 29 30 13 34 21 22 31 38 29 27 22 22 23 36 32 36 19 29 34 29 40 30 17 16 15 27 21 34 31 24 36 32 31 26 14 30 32 30 28 15 20 29 41 39 33 16 15 29 25 28 29 39 29 5 19 40 11 24 27 30 38 25 34 32 30 27 16 29 
39 36 39 39 38 42 35 45 39 36 43 39 31 34 48 31 43 40 26 18 34 28 35 41 46 30 40 39 44 24 40 46 46 39 34 45 36 38 26 30 42 47 48 36 45 34 42 26 47 27 37 38 32 18 44 35 30 40 41 21 35 30 35 39 41 32 39 37 35 31 37 33 47 36 25 25 29 20 17 33 41 33 30 36 30 45 36 26 31 31 35 42 36 26 58 26 40 34 24 29 31 39 47 46 41 39 31 38 42 34 0 28 34 50 46 35 31 47 41 29 37 37 37 38 30 36 30 20 26 40 34 32 37 25 35 45 39 34 34 34 32 40 40 35 29 38 42 39 30 34 30 40 38 38 36 37 48 41 26 43 38 34 31 34 37 37 38 37 30 41 48 40 50 39 36 40 47 36 15 34 34 37 42 29 43 42 38 40 27 34 40 38 28 30 36 23 37 42 36 39 37 42 30 40 37 46 39 46 29 27 42 42 34 34 42 43 43 35 35 41 37 37 38 39 33 36 50 40 30 29 35 24 39 38 37 40 39 55 40 33 33 44 30 45 31 35 33 35 38 39 37 44 31 36 39 36 37 35 38 34 33 34 34 37 39 28 27 42 38 37 46 40 34 21 28 36 21 45 43 35 37 44 45 39 35 47 37 45 29 40 35 39 45 34 35 26 39 49 33 40 32 42 33 35 43 37 32 33 28 37 31 34 40 36 31 48 26 47 45 39 26 23 46 45 33 26 38 39 44 29 41 39 44 37 38 31 33 47 35 41 31 43 24 40 39 31 40 45 48 35 43 42 55 30 47 31 36 41 32 37 39 38 49 29 35 22 40 26 35 37 32 29 33 38 33 34 42 34 24 29 44 22 45 21 28 33 34 43 49 40 43 43 42 35 40 26 36 34 40 32 37 42 36 38 27 25 43 38 61 39 43 35 37 30 24 32 34 31 24 42 26 46 37 34 44 27 40 36 43 51 43 41 34 40 45 19 24 26 20 40 37 39 32 27 39 45 50 46 35 36 30 25 43 42 31 32 35 43 44 39 39 30 47 27 34 42 37 37 32 34 34 38 32 41 51 48 42 30 43 33 37 21 32 51 32 39 38 18 39 39 39 33 34 25 38 38 38 22 22 37 
33 25 38 32 26 30 29 41 33 36 43 31 36 20 43 25 40 38 21 38 26 24 32 27 45 38 34 38 41 29 29 37 39 33 28 34 36 39 20 39 35 42 41 26 38 27 36 36 42 21 36 39 38 47 40 36 33 39 36 48 34 31 29 34 39 45 37 38 33 19 35 22 41 30 34 28 23 31 47 27 34 19 24 30 18 39 33 27 32 19 33 36 23 27 47 35 40 28 26 17 17 43 41 46 35 43 25 32 29 38 40 0 34 50 44 30 33 39 35 31 28 36 35 16 37 40 39 23 34 34 33 30 31 19 39 27 32 28 32 32 25 31 36 38 23 31 36 39 38 35 24 34 27 38 30 31 56 33 28 37 26 32 36 36 35 35 26 40 24 41 42 32 50 33 34 35 42 16 35 31 35 32 35 23 37 33 32 37 20 38 33 40 36 24 30 17 36 30 31 34 31 44 32 37 36 40 38 37 34 21 36 34 43 29 36 43 34 30 39 31 31 35 32 47 38 30 44 39 24 34 32 25 39 23 34 30 35 47 39 27 27 38 39 39 34 29 31 46 28 36 20 39 32 41 38 36 37 29 45 22 27 20 28 32 28 22 15 40 27 32 38 32 32 15 23 31 35 38 37 30 33 43 32 34 29 33 31 44 26 45 29 33 39 22 32 29 33 46 30 35 31 35 33 37 29 39 26 35 22 31 32 30 34 32 35 42 37 41 37 29 28 50 44 37 28 19 30 46 36 22 36 37 38 31 33 32 35 40 35 29 17 43 29 35 41 39 40 31 42 22 32 33 51 29 41 25 30 44 37 26 26 32 42 34 46 33 34 29 36 37 33 37 21 27 33 29 44 33 33 33 38 16 39 24 33 28 23 31 45 41 29 41 39 29 34 31 23 25 44 40 43 35 24 36 13 34 38 31 48 31 44 36 42 24 35 26 36 32 32 48 26 41 40 28 43 36 33 22 21 47 39 40 39 34 33 34 18 27 14 34 32 34 18 32 22 39 46 34 28 35 39 34 39 33 24 28 35 33 38 31 33 24 35 35 28 30 31 37 34 22 35 32 26 35 45 48 36 33 36 26 11 29 26 45 26 33 29 40 32 37 33 25 43 30 36 23 26 33 27 15 
15 21 24 24 19 26 26 24 19 2 29 28 27 16 33 18 30 32 18 24 12 15 11 23 36 16 28 27 33 13 25 25 29 30 25 22 14 14 17 17 31 34 31 22 32 19 24 26 38 14 22 29 19 37 36 28 28 13 31 25 25 6 22 13 27 22 32 23 25 15 23 20 32 23 22 11 20 7 29 13 22 15 22 20 14 36 27 22 24 15 17 33 19 12 43 29 21 25 15 13 13 26 34 34 25 25 21 23 25 20 21 21 0 26 30 21 9 24 29 25 24 23 31 12 21 31 32 19 23 27 20 26 27 16 21 15 24 22 20 26 23 26 32 26 18 23 33 32 24 20 21 18 23 19 24 28 34 28 11 35 22 16 27 22 20 19 22 23 19 18 25 18 45 24 19 27 30 7 21 21 10 31 28 21 30 28 25 25 12 29 13 32 14 21 7 14 22 26 26 27 19 35 15 16 23 35 24 33 25 27 18 29 21 25 21 9 28 23 21 21 17 21 29 26 20 27 34 23 18 16 21 23 5 19 23 26 28 40 30 23 25 32 17 28 18 18 26 38 22 25 16 28 24 25 30 22 30 26 31 18 19 16 25 25 24 17 11 29 13 26 29 26 28 33 15 19 14 31 29 20 26 30 32 28 22 29 15 11 22 29 20 22 28 18 21 18 31 30 20 25 23 27 26 24 25 33 23 26 36 14 22 25 29 25 18 35 13 34 24 25 22 27 31 22 15 13 23 40 30 18 19 28 34 24 30 16 20 33 1 25 13 28 14 26 26 7 17 26 34 18 20 29 42 15 38 2 21 28 28 22 15 29 27 25 22 9 23 24 21 33 8 15 17 13 24 14 28 19 11 24 33 13 33 20 24 26 20 27 34 26 25 30 11 24 24 22 19 20 35 26 29 27 20 20 9 20 23 16 44 26 35 27 27 21 11 23 27 17 22 34 13 35 23 16 35 32 23 18 17 32 25 26 29 29 22 28 15 19 32 31 11 13 14 24 18 21 34 30 20 15 16 11 30 23 16 18 1 29 26 26 29 21 31 14 25 26 20 14 28 18 20 21 14 30 29 39 25 16 21 24 7 20 23 31 19 25 25 34 17 31 30 21 32 21 25 14 22 9 15 11 
36 37 37 27 33 37 28 27 21 30 19 31 27 36 43 31 38 16 21 26 30 35 25 38 31 20 32 32 40 33 41 37 35 22 33 25 32 37 26 18 31 34 30 33 38 26 27 9 29 32 33 26 30 28 39 29 25 31 35 42 32 29 26 29 23 46 15 27 11 12 19 24 41 41 23 20 29 28 49 26 27 31 31 37 22 38 26 28 34 35 25 22 12 30 38 30 33 34 33 20 33 35 36 39 33 36 31 30 18 26 35 23 28 0 38 28 27 37 27 31 20 31 33 20 18 28 37 15 32 27 28 19 36 25 25 28 18 22 14 36 27 37 36 18 31 26 35 35 13 38 30 32 27 38 18 26 39 22 31 34 33 24 33 33 33 39 19 32 30 36 30 20 45 22 20 33 37 25 28 31 30 24 24 25 34 39 26 30 19 42 32 40 33 26 18 23 33 34 30 33 32 35 26 32 14 41 27 29 22 28 25 34 38 30 38 28 35 25 25 38 30 27 31 35 3 22 41 28 30 20 22 27 33 25 24 37 36 40 25 29 32 33 28 34 31 23 9 42 31 8 23 34 31 41 42 26 29 18 20 38 31 28 32 8 30 33 31 30 10 32 32 33 21 30 26 27 25 27 27 30 31 38 39 34 28 37 31 39 19 42 27 27 37 14 29 21 33 43 28 38 34 34 27 28 33 20 15 26 37 27 35 31 29 30 36 36 31 36 32 36 28 44 35 35 20 29 23 23 37 31 22 36 24 23 33 28 33 30 29 22 29 36 21 33 9 14 28 29 21 16 43 25 43 28 38 20 23 32 32 38 29 38 35 31 22 30 29 21 37 32 28 20 29 24 37 29 35 30 22 21 40 31 25 16 30 30 23 39 35 30 33 30 31 31 39 28 17 31 32 24 20 40 17 19 29 20 41 24 42 37 26 28 37 31 28 29 27 21 30 25 19 41 24 29 32 35 28 30 24 31 38 29 36 35 28 27 24 29 29 39 27 29 29 24 25 40 42 28 23 34 32 29 35 34 23 23 20 37 28 25 22 23 45 18 16 23 21 32 33 15 24 26 27 21 45 43 34 27 29 22 27 23 28 37 27 31 31 33 25 36 19 33 38 27 28 32 37 27 26 19 
25 26 25 28 24 33 15 26 24 26 24 30 23 28 31 21 30 26 22 28 22 17 31 33 21 28 25 12 26 19 7 35 32 27 22 26 29 24 21 25 28 33 16 31 34 23 27 29 35 17 27 31 28 23 22 29 31 28 29 39 30 16 10 25 29 31 25 22 17 20 25 21 40 26 26 19 24 23 39 22 27 24 18 24 19 9 29 21 23 24 20 18 15 20 34 18 28 29 28 24 25 30 34 31 10 26 13 35 21 29 27 8 24 32 0 12 19 31 30 24 21 15 28 23 23 31 35 21 22 30 12 15 19 20 26 32 17 19 23 22 23 17 32 19 29 27 23 30 29 24 25 28 31 25 21 30 46 25 20 21 29 26 28 29 26 23 22 31 17 31 26 19 33 33 4 29 23 20 25 27 20 20 27 14 27 19 22 30 16 32 14 28 33 23 21 18 28 30 19 22 15 27 24 20 22 34 29 34 18 12 37 27 31 20 27 33 32 11 32 27 15 22 18 33 29 25 19 31 15 26 18 16 22 15 20 26 21 33 15 27 21 26 26 20 29 3 19 44 20 23 12 29 25 31 37 21 29 28 36 25 17 22 27 28 21 29 23 26 25 18 30 18 17 23 24 11 21 30 32 19 29 22 28 20 21 32 27 31 25 28 33 7 38 20 12 27 23 26 18 26 20 31 23 26 23 25 25 22 30 23 30 16 22 28 26 33 26 29 9 25 21 41 35 29 26 24 24 38 22 15 21 22 20 26 32 8 23 43 18 25 22 13 24 17 34 30 30 36 32 29 30 30 37 16 35 16 20 38 29 27 19 33 12 26 37 25 27 22 29 37 18 27 14 19 32 26 33 20 20 24 32 24 33 22 14 19 22 32 32 25 29 27 23 35 28 23 26 11 25 28 34 22 25 24 21 28 29 1 51 28 20 28 30 18 27 27 23 25 20 39 19 27 14 20 37 21 29 30 28 35 20 11 20 21 26 28 19 18 22 40 23 25 11 25 14 29 4 36 24 22 27 25 27 20 20 7 25 27 12 30 25 15 27 24 29 30 5 27 15 23 19 6 18 29 32 41 29 7 6 24 19 20 20 27 24 34 21 34 2 28 27 28 33 23 31 27 19 22 16 22 
26 39 39 39 37 41 33 42 24 37 32 31 35 40 48 28 33 34 35 39 27 37 46 36 46 29 39 42 36 35 43 40 35 40 39 37 47 29 30 31 31 52 38 40 33 34 31 45 38 24 27 43 38 42 26 46 36 46 36 44 40 21 28 39 39 47 33 40 28 33 35 37 51 33 40 26 37 40 40 28 30 33 35 40 32 45 38 38 39 40 30 40 29 29 56 39 39 42 40 29 37 48 36 43 34 39 36 35 35 44 47 26 35 41 45 0 24 42 40 41 42 20 46 28 35 46 42 32 31 37 28 36 42 33 34 37 36 40 38 43 39 47 32 40 41 38 42 35 37 37 34 33 39 40 36 41 43 29 26 39 43 31 42 41 37 45 32 25 34 44 32 33 51 39 22 41 41 36 36 39 25 41 40 32 47 45 34 33 27 41 37 47 27 34 36 31 37 37 34 37 18 43 30 31 40 22 29 47 30 30 39 34 43 37 44 44 43 29 34 44 32 44 36 46 39 39 29 33 15 33 37 34 27 29 39 43 46 43 40 37 35 48 36 27 41 33 27 53 34 26 26 48 42 35 42 39 45 36 36 43 34 39 42 33 36 43 36 43 44 38 37 44 38 41 30 18 40 32 42 35 36 27 43 40 35 42 41 46 40 37 43 37 43 31 36 38 42 45 35 32 38 34 34 27 30 43 33 34 37 37 34 41 44 35 49 50 41 51 10 42 40 46 36 43 37 14 43 41 45 18 40 43 42 40 33 31 38 44 36 35 31 38 29 5 45 38 43 42 46 34 35 43 60 30 23 31 12 42 42 40 37 43 37 40 46 33 43 38 38 43 23 24 33 35 36 41 34 34 30 39 20 39 34 33 39 37 37 39 51 43 46 44 40 38 42 37 35 41 16 31 34 42 38 35 34 38 35 31 60 45 38 32 38 34 32 40 33 34 37 39 37 47 42 15 49 46 46 33 33 46 40 31 44 41 44 39 32 34 40 28 37 39 31 42 28 32 49 37 35 36 45 40 38 23 31 25 36 29 30 41 39 30 35 38 30 41 23 40 46 36 37 36 13 39 44 54 42 37 31 37 32 35 8 46 12 44 38 44 27 35 37 36 35 39 19 43 39 40 39 29 
29 24 28 30 13 17 28 26 35 21 30 33 21 19 37 23 42 28 22 28 3 23 30 26 27 33 33 19 28 25 28 36 20 34 28 32 29 28 22 20 32 33 29 25 37 30 21 29 38 19 33 34 22 40 35 34 32 28 30 30 30 20 20 29 31 29 28 28 22 18 27 27 40 28 27 2 25 26 43 17 31 18 24 32 17 34 32 16 27 18 8 35 22 17 46 23 26 30 20 16 16 33 25 36 35 33 18 28 28 23 40 18 19 32 34 17 0 29 34 19 24 20 30 15 29 25 32 22 28 21 17 21 24 21 14 26 17 25 17 24 23 30 30 22 25 29 40 30 17 24 26 9 26 25 15 33 41 32 22 33 25 7 21 25 26 27 25 14 26 23 42 9 43 32 17 25 21 12 25 23 24 26 23 18 33 32 23 34 23 32 32 28 33 23 12 19 33 29 32 21 30 32 26 30 28 33 26 37 19 25 29 33 29 24 20 28 33 21 27 30 21 33 31 32 23 32 30 35 28 26 19 20 17 22 21 29 25 42 21 21 25 24 20 33 23 25 22 45 26 29 19 40 30 37 35 27 33 30 37 21 23 19 30 28 27 24 14 27 26 33 37 30 23 30 18 24 22 26 33 24 26 27 27 33 28 32 31 30 25 41 25 29 41 21 12 27 28 26 24 29 20 38 18 34 28 33 27 23 37 29 27 20 20 25 31 39 32 27 27 28 16 32 29 27 23 18 25 44 34 19 21 29 37 29 27 13 25 39 20 28 16 38 5 22 29 18 22 30 38 21 31 33 37 19 40 7 25 38 22 25 13 34 37 19 40 27 21 15 26 30 22 22 20 18 29 28 38 23 14 18 31 18 38 23 18 23 25 30 32 31 28 28 29 31 32 16 22 24 29 26 35 31 23 11 12 23 28 28 47 29 33 25 18 26 22 28 24 22 26 40 25 42 28 27 40 34 31 21 20 37 29 28 20 36 20 31 20 22 29 28 27 29 17 28 21 28 38 26 26 25 21 16 33 32 24 20 20 32 25 30 31 28 34 24 30 29 18 19 22 21 25 28 25 34 42 41 31 21 31 24 10 11 25 35 28 28 26 37 27 29 32 24 24 15 35 19 25 28 21 14 
32 38 35 38 19 41 30 25 36 19 31 12 27 33 41 32 39 26 30 34 27 32 28 27 28 32 40 38 32 27 38 34 42 37 33 33 31 26 33 30 38 39 32 39 42 3 35 36 40 30 36 37 36 40 42 40 36 30 37 36 41 23 27 30 32 36 27 28 22 27 28 35 49 37 38 26 32 24 46 28 27 32 29 37 26 40 30 22 27 32 25 34 35 28 50 29 22 41 32 23 30 29 46 16 16 33 36 40 34 37 37 18 17 41 31 23 24 0 39 25 27 20 40 29 29 35 42 26 37 36 17 34 42 32 36 21 35 38 32 30 28 42 36 25 30 30 37 36 38 34 32 15 26 24 30 39 49 41 25 36 38 31 27 23 25 33 28 38 33 35 33 33 36 38 30 23 26 24 31 34 25 38 26 35 34 44 15 30 26 38 21 34 31 36 24 30 34 38 31 27 24 38 29 31 28 36 38 39 25 38 35 15 24 30 29 26 42 14 33 37 32 29 33 39 37 38 25 32 35 31 34 34 22 36 36 36 35 38 22 34 32 39 34 22 35 33 26 50 37 32 33 36 36 39 45 27 33 34 34 35 34 33 41 31 38 29 28 42 30 41 32 28 35 33 32 13 31 29 7 31 36 27 33 42 39 38 32 28 34 43 37 37 45 25 33 24 36 45 35 36 34 41 16 41 30 27 31 29 40 14 39 30 41 35 35 19 28 44 33 35 22 38 43 38 29 29 34 47 32 25 20 23 36 35 34 31 32 39 18 31 30 20 29 28 43 24 34 39 44 35 32 36 55 26 44 19 32 45 28 39 28 42 19 25 39 26 33 25 35 36 23 30 32 27 39 31 45 30 28 33 43 30 37 27 24 12 34 35 47 31 42 37 28 36 37 22 36 36 31 32 32 28 32 31 26 32 39 31 59 37 33 31 41 38 28 39 30 22 36 37 23 50 39 21 38 28 26 30 34 41 26 40 30 31 35 31 31 22 32 43 28 30 31 31 34 34 35 40 34 20 33 28 33 29 30 33 18 23 32 39 28 25 26 31 36 38 31 31 16 30 25 36 19 33 44 47 30 32 13 29 24 17 31 46 35 27 29 37 27 31 31 17 38 21 33 31 39 26 27 28 
25 22 33 23 26 30 29 22 25 15 31 28 27 25 39 26 35 22 19 30 22 28 24 23 28 29 35 15 25 26 26 33 29 16 25 30 25 22 18 22 25 29 28 28 38 18 32 31 31 22 27 28 24 33 34 24 27 24 33 38 18 16 25 26 25 27 28 24 13 20 21 21 36 31 33 21 21 20 39 23 34 22 21 33 19 39 34 24 28 20 18 19 22 25 35 22 30 26 24 20 22 32 39 38 26 29 9 32 28 28 34 9 13 28 36 8 19 26 0 30 27 11 32 25 20 30 34 17 24 27 8 26 15 17 33 28 13 30 25 37 24 13 36 25 26 22 34 29 33 20 11 28 36 32 30 18 43 31 16 32 26 26 34 20 27 28 27 28 22 27 33 15 45 29 23 19 35 16 27 29 20 30 22 22 24 15 11 33 11 36 24 24 27 19 20 15 27 34 15 18 20 44 20 26 24 30 29 23 32 30 31 31 34 32 23 22 27 23 32 23 23 26 32 35 25 28 35 23 23 17 27 24 18 10 9 22 17 29 22 14 24 41 22 29 31 27 27 43 29 28 24 33 20 35 35 23 34 12 37 23 25 29 26 27 23 30 24 34 26 30 38 14 28 24 20 20 10 25 32 27 28 18 24 29 33 31 28 24 27 36 29 25 34 16 8 23 19 22 20 32 16 26 12 30 19 21 22 35 31 27 29 12 37 27 21 34 26 31 18 21 31 39 36 24 22 22 31 33 18 26 17 28 21 29 30 4 33 40 14 29 20 29 24 13 31 20 26 32 40 22 28 19 33 24 31 15 20 34 33 22 26 30 28 25 32 22 29 21 34 34 18 24 23 26 29 27 37 27 16 23 28 25 22 18 22 21 20 28 43 27 34 27 24 32 33 29 23 7 24 30 35 33 25 29 22 17 32 26 48 26 27 33 32 33 24 24 23 18 22 40 26 39 10 17 34 33 25 27 21 34 31 31 16 32 33 35 16 23 23 36 24 26 27 31 26 25 40 25 19 28 29 24 35 25 15 26 14 23 27 31 23 24 40 20 15 19 20 23 37 23 21 24 15 18 35 34 32 3 22 25 20 30 16 31 20 33 17 41 18 24 16 25 29 32 27 23 35 22 11 24 
29 29 35 35 19 33 28 26 32 29 43 37 24 32 33 24 45 36 30 29 26 15 37 37 43 39 26 19 23 35 33 39 35 36 29 36 32 28 31 32 31 33 38 41 40 31 37 41 38 20 31 30 34 47 39 40 34 38 37 36 23 20 11 33 32 34 35 29 20 27 28 31 40 29 37 25 32 22 43 27 37 35 25 39 26 38 20 22 25 28 27 34 31 18 50 26 31 39 27 19 29 36 46 42 33 39 33 21 37 33 47 16 27 32 41 23 23 31 40 0 33 18 28 25 26 35 22 24 28 31 15 31 33 30 37 36 17 35 27 30 26 33 33 31 32 34 35 35 36 23 35 15 36 31 25 40 48 31 23 37 29 30 27 25 31 31 34 37 29 30 36 19 34 36 27 30 24 23 27 28 24 31 32 22 36 35 40 37 24 38 37 28 37 23 23 28 31 38 13 16 34 32 24 30 29 26 33 29 19 20 42 35 36 28 27 36 40 12 8 41 31 26 31 32 35 39 40 28 23 27 38 24 32 33 40 33 25 46 37 29 28 44 32 31 33 30 31 47 17 39 30 33 36 39 39 28 31 32 40 31 33 33 39 31 34 35 31 44 30 41 39 34 33 30 30 22 26 35 33 20 16 25 22 32 26 39 35 38 31 39 18 33 42 23 12 30 32 26 25 18 36 39 26 34 28 39 29 23 37 28 34 20 43 15 33 40 28 35 33 39 22 38 40 29 29 28 30 39 32 25 21 35 36 22 34 30 34 47 28 33 33 36 28 28 41 34 29 43 41 31 34 37 37 26 40 18 21 38 28 30 32 29 35 25 37 24 36 23 27 36 22 34 27 29 33 29 41 30 26 28 37 29 37 25 24 27 32 14 42 32 41 42 38 38 36 22 32 27 39 29 42 38 32 31 29 32 21 28 55 35 42 31 36 37 26 37 24 23 26 44 17 50 39 31 36 29 42 34 30 39 39 35 19 44 39 21 29 20 29 39 31 33 24 37 19 23 45 40 31 32 32 27 39 39 28 18 28 34 35 38 31 23 46 24 39 38 28 26 28 30 26 32 29 33 42 39 31 32 29 27 27 17 25 45 29 35 34 27 25 10 31 36 36 21 37 12 32 24 27 26 
29 26 38 37 21 35 29 21 27 33 30 26 30 40 34 31 33 22 30 26 26 24 18 34 37 26 30 31 36 24 30 31 38 35 35 28 37 28 32 24 34 43 28 39 36 33 30 34 41 27 30 34 22 41 29 37 21 39 37 47 23 20 29 35 35 39 21 32 28 28 33 26 26 36 15 25 32 21 43 27 33 35 37 37 27 40 19 31 31 24 31 28 20 27 44 28 28 40 39 10 37 39 39 35 36 26 34 21 26 32 28 24 31 40 33 19 23 40 35 34 0 26 32 26 26 34 38 32 22 39 23 27 19 28 31 37 28 31 26 39 29 32 39 20 32 28 31 38 34 35 36 32 37 33 24 43 45 30 25 32 31 30 36 25 34 42 35 28 27 42 35 30 41 37 26 19 42 31 27 34 24 25 22 24 40 34 29 36 26 22 39 36 40 9 24 29 36 38 34 29 21 38 29 30 27 25 27 36 25 22 32 29 34 30 30 40 42 30 30 31 20 26 32 32 28 30 32 19 18 26 28 26 30 28 30 30 21 27 31 9 31 47 25 30 11 24 29 47 22 28 29 33 33 36 38 32 9 31 39 27 22 34 40 27 18 34 35 36 32 36 40 33 29 29 23 21 28 25 39 34 20 33 35 38 28 43 24 28 12 39 18 28 42 31 33 38 34 38 18 27 31 29 30 22 36 33 35 29 36 30 35 16 43 33 32 45 27 46 29 29 31 49 38 38 32 17 10 43 36 21 16 31 30 22 36 29 13 47 32 16 33 37 28 24 31 35 36 40 37 31 26 32 42 29 26 26 15 42 37 27 22 38 41 28 36 23 9 36 36 28 22 26 32 30 37 16 29 33 19 27 23 28 31 33 33 29 27 23 41 36 39 36 25 38 38 31 32 26 35 28 37 30 33 30 33 26 30 30 46 29 39 33 40 32 17 35 30 27 20 42 26 45 35 18 40 28 33 36 30 42 28 29 39 31 8 20 30 28 28 31 33 22 29 4 28 33 37 34 33 35 37 33 34 26 30 23 32 37 34 40 27 25 38 28 33 38 27 38 37 31 30 27 16 27 50 39 39 28 35 21 33 32 11 41 15 26 14 26 31 19 25 31 37 30 31 28 23 23 29 25 
30 32 38 25 30 34 31 33 38 20 29 33 32 34 41 29 46 18 21 34 20 20 38 41 26 22 35 36 31 25 36 40 37 27 29 31 36 29 20 20 36 41 35 30 43 20 33 34 44 25 23 35 34 39 44 36 37 39 35 33 37 21 28 35 31 44 17 29 26 25 29 26 41 34 31 19 23 27 29 27 37 26 25 41 24 41 25 27 26 33 25 24 20 23 40 34 36 28 35 23 31 37 38 40 15 31 25 34 26 28 35 26 34 41 41 25 17 36 35 30 26 0 36 22 31 30 36 30 33 35 32 26 31 19 27 33 25 30 22 27 29 38 37 24 28 24 38 40 30 31 24 26 33 39 20 31 37 30 12 35 35 24 32 35 23 30 27 31 24 38 31 26 49 25 22 34 38 28 32 36 25 31 29 27 32 40 32 38 13 38 19 39 40 24 20 17 23 36 31 34 32 43 16 31 29 31 25 34 30 30 39 36 41 35 37 43 29 29 27 34 31 27 34 37 33 30 24 36 29 22 32 29 34 28 34 34 34 42 20 27 17 41 30 38 37 29 24 39 31 39 31 30 32 31 38 28 30 28 41 36 27 30 28 36 25 39 29 32 31 32 43 27 28 35 29 29 35 32 30 31 30 7 40 34 31 22 31 45 32 32 32 29 39 29 29 36 34 39 34 23 37 28 33 33 10 29 26 34 42 29 39 31 37 29 35 36 33 43 35 33 27 35 32 34 34 26 26 46 31 30 28 30 26 28 35 30 37 42 35 30 24 18 22 30 38 31 37 37 42 27 35 35 47 29 41 23 25 37 22 33 30 32 17 30 39 29 35 32 32 41 23 18 19 24 41 29 40 32 26 23 38 34 27 31 29 32 25 19 42 32 35 32 39 34 35 27 28 32 30 27 39 36 30 28 27 22 26 31 53 38 35 36 21 35 27 26 35 23 31 44 22 41 40 29 41 26 36 36 26 44 39 27 35 29 34 26 18 31 34 41 33 35 31 30 33 36 45 30 21 35 34 32 41 36 17 25 35 37 30 33 30 26 47 23 28 30 23 34 33 28 26 32 27 23 24 44 28 33 11 30 25 27 26 45 26 33 32 32 7 15 21 27 18 26 41 35 39 29 28 21 
27 37 32 24 31 35 8 20 28 32 37 28 24 26 41 31 37 23 28 25 24 24 32 29 38 27 37 36 13 28 38 37 33 29 30 34 23 26 31 25 34 41 34 28 34 28 29 27 36 27 34 33 17 33 43 34 29 28 30 39 32 18 28 29 30 22 22 29 18 19 26 23 42 23 23 23 33 16 40 25 32 34 36 27 19 18 33 19 28 29 25 29 23 25 42 26 36 39 25 12 33 35 18 37 35 34 30 34 18 17 23 30 30 18 31 26 21 41 27 18 32 23 0 11 25 19 35 22 23 34 32 15 35 30 22 22 25 19 11 27 26 37 33 30 32 23 15 38 25 31 35 29 22 33 9 30 46 33 23 38 31 24 24 24 23 30 26 35 1 34 37 27 46 36 27 36 38 33 22 30 22 20 28 30 36 37 31 29 24 36 37 14 37 25 24 28 31 25 31 34 27 28 27 28 29 38 36 34 22 30 37 31 30 25 13 35 36 29 26 33 24 27 11 26 21 22 40 37 33 25 29 21 35 26 31 32 26 43 32 26 27 28 19 38 25 28 16 42 30 26 23 34 30 25 40 28 34 25 27 31 26 32 33 25 26 31 31 37 28 28 33 32 17 30 18 29 28 31 36 28 29 30 40 30 31 26 31 34 26 29 31 32 37 21 29 25 40 12 27 33 26 39 29 33 27 34 22 26 37 33 32 27 36 28 27 33 22 43 35 31 19 41 37 40 26 19 26 29 36 22 29 32 31 23 34 28 27 35 31 29 32 39 26 31 27 26 35 37 13 17 32 32 43 23 42 28 29 37 25 38 23 41 38 22 31 18 23 25 33 33 20 27 23 12 34 30 32 27 20 12 39 28 32 23 21 35 24 32 32 32 16 37 32 38 34 19 18 31 23 29 25 27 24 28 29 22 36 27 43 24 19 28 39 33 20 24 27 26 29 30 22 37 37 30 39 36 35 28 16 34 32 21 27 17 25 28 29 23 29 36 27 29 20 25 25 33 35 35 20 29 34 35 32 32 28 30 27 20 33 31 32 3 41 23 34 30 28 34 25 22 26 31 28 28 42 44 19 30 32 27 27 20 27 43 31 22 31 34 28 28 26 33 38 18 34 30 28 18 28 10 
33 38 37 35 38 36 39 34 42 32 40 33 34 33 45 35 44 39 35 31 32 37 37 40 38 30 32 33 32 37 42 48 35 33 34 43 24 39 34 33 31 31 25 33 38 34 37 42 36 36 42 48 35 49 32 39 29 23 36 43 37 33 25 36 23 41 38 33 34 24 24 24 43 43 23 31 37 33 47 33 41 32 37 34 23 49 38 29 35 32 22 36 12 35 52 25 42 42 34 1 30 41 50 39 27 36 36 45 18 36 34 30 30 37 40 35 29 38 27 32 38 32 35 0 40 38 30 34 36 27 29 19 36 33 35 11 31 23 30 37 27 40 43 36 31 34 38 35 38 30 38 38 11 33 28 41 47 22 31 29 35 21 34 38 34 38 31 39 33 35 42 33 43 42 30 36 35 30 28 38 30 24 19 32 44 42 28 42 27 39 31 33 28 26 30 31 42 37 22 25 35 45 35 30 20 37 44 29 32 32 29 33 47 35 32 35 32 26 35 38 37 27 34 45 36 22 36 28 35 34 24 34 29 26 26 37 38 44 32 26 30 45 33 34 28 29 35 48 25 38 23 34 37 49 35 40 41 29 49 20 39 33 42 41 30 37 28 32 36 44 22 36 21 30 7 30 27 22 36 32 24 39 31 39 32 44 38 41 31 43 42 33 37 33 26 14 42 31 32 38 15 42 29 39 42 41 26 36 37 34 35 33 41 23 38 33 39 48 35 36 29 45 41 40 36 19 30 43 38 32 29 42 38 23 35 31 30 24 25 34 30 30 34 39 42 32 36 28 48 6 43 29 43 33 43 25 32 50 35 38 18 46 29 32 33 35 26 37 41 36 28 29 34 29 29 33 46 36 27 31 36 31 39 35 31 35 25 40 36 44 35 33 36 37 43 29 7 34 42 39 47 47 29 24 26 34 41 27 32 42 33 28 38 28 34 29 27 35 34 52 30 53 37 32 50 25 39 30 5 43 45 37 34 37 25 32 32 30 29 47 34 36 31 25 25 32 44 42 31 34 38 34 35 40 29 26 27 39 22 36 22 34 30 36 42 35 31 33 35 27 38 32 30 35 51 47 36 30 23 22 24 24 28 48 32 17 31 38 28 36 33 38 35 28 38 36 39 35 28 28 
34 25 35 36 26 30 26 28 28 22 31 15 36 20 41 26 40 29 27 33 26 24 25 27 28 33 34 38 41 31 29 37 39 35 29 33 34 29 26 31 35 42 30 26 38 31 35 36 42 27 37 8 29 43 36 22 28 33 34 45 28 25 33 22 36 42 28 37 29 19 37 33 33 36 22 28 29 27 48 31 34 19 31 36 18 43 26 31 28 19 9 19 23 27 35 30 35 34 26 17 17 43 29 42 40 33 31 26 29 29 35 30 20 44 40 26 27 39 35 31 7 32 33 16 0 33 40 23 29 39 29 30 26 25 38 27 35 34 32 32 28 31 36 5 27 35 38 39 38 35 30 34 27 38 31 30 52 33 28 34 26 34 36 30 35 35 26 18 30 37 42 32 48 33 33 26 38 26 32 35 28 32 24 19 34 33 18 37 24 29 33 40 34 16 26 23 36 30 33 34 28 45 30 34 34 32 34 38 32 29 34 18 41 17 37 29 34 26 37 31 27 31 29 39 35 33 36 26 25 33 32 21 25 23 34 30 28 34 22 16 29 40 32 25 18 31 27 24 28 35 20 23 18 43 39 36 16 31 37 22 29 20 34 34 25 26 15 40 27 33 35 32 32 31 23 16 28 27 38 37 27 39 36 35 29 33 24 31 19 44 23 35 43 22 39 29 29 45 25 33 31 36 19 29 29 39 28 36 38 31 32 23 36 33 37 47 31 43 36 29 28 47 43 37 28 19 17 45 36 22 23 38 21 27 31 32 20 37 21 23 17 40 32 31 38 27 10 31 44 22 32 34 47 33 33 21 22 48 37 26 26 38 42 34 42 29 16 29 36 35 26 33 21 30 33 23 36 37 26 34 30 22 38 24 33 24 34 29 45 41 29 40 31 33 38 31 23 25 42 35 35 35 24 37 13 33 36 34 48 27 42 39 30 30 24 32 37 32 27 32 26 42 42 25 14 35 33 22 21 47 35 36 39 36 15 27 24 23 30 38 20 22 18 11 22 40 44 34 32 35 35 30 40 33 28 27 21 26 38 31 33 28 29 34 34 30 31 33 34 22 35 34 23 34 38 46 36 35 39 28 11 35 18 40 22 30 21 33 35 25 32 20 27 30 36 17 26 29 27 15 
23 23 37 25 28 32 27 18 24 20 29 13 22 34 25 28 30 27 26 23 26 25 22 28 33 20 30 21 36 21 27 34 19 32 27 35 32 27 25 29 15 35 28 25 31 19 28 38 37 24 27 28 31 35 26 28 34 31 18 41 25 20 22 31 32 36 30 32 25 17 30 4 23 33 28 15 28 25 37 26 30 29 27 35 16 41 26 30 31 21 26 32 17 26 48 33 22 33 30 7 31 33 36 38 22 30 22 35 23 35 32 20 18 32 36 16 23 22 32 33 27 23 38 30 20 0 36 29 16 33 20 24 16 24 25 33 19 28 24 33 7 29 31 25 29 24 28 19 28 26 29 32 41 37 32 32 38 27 25 33 28 26 32 27 29 34 24 25 29 33 32 21 45 35 16 24 35 25 33 26 24 17 27 26 35 31 16 31 18 38 26 28 18 6 25 22 29 19 30 33 15 30 22 30 34 22 29 19 17 24 36 16 28 28 27 27 25 23 25 30 30 32 30 7 32 27 29 30 15 25 19 24 23 17 21 29 18 24 27 30 23 38 29 23 32 15 24 44 22 23 14 31 24 33 33 33 36 28 35 24 32 23 33 32 23 28 29 27 29 30 33 29 14 21 27 14 22 30 29 12 30 30 39 32 23 44 33 29 19 36 35 19 42 28 14 35 35 26 12 15 28 26 17 19 33 28 30 21 36 25 25 13 34 29 33 35 29 37 21 28 30 43 36 26 27 14 7 38 33 18 13 35 30 28 15 17 34 41 19 27 27 25 28 21 36 25 30 39 44 35 33 15 39 28 23 20 12 40 33 24 22 26 24 31 35 27 30 27 35 41 22 19 17 9 27 21 26 32 23 33 20 22 34 30 31 31 5 24 41 37 30 28 29 35 38 29 36 23 32 22 33 40 22 30 27 27 18 13 43 38 32 32 38 29 29 21 22 31 14 38 27 39 26 12 34 33 32 33 34 29 38 23 22 29 29 25 23 26 28 28 29 31 25 30 16 29 40 36 21 33 34 29 21 20 22 19 19 24 24 28 24 26 27 26 27 28 17 29 36 20 31 18 10 31 44 46 32 19 18 8 25 29 8 28 12 23 30 26 14 20 29 18 35 29 31 32 33 27 23 29 
38 31 40 37 32 36 25 33 35 38 44 35 33 26 47 32 45 27 29 37 32 30 33 33 42 31 38 26 30 37 35 42 37 33 34 40 38 41 28 27 41 40 36 32 44 37 42 36 40 29 39 29 29 50 38 38 33 37 46 52 18 33 25 30 34 39 26 37 22 25 30 35 35 38 35 28 31 33 52 29 36 25 31 38 24 35 34 34 34 25 15 33 29 29 49 6 30 36 32 19 23 24 35 46 41 44 33 40 35 30 40 23 36 35 44 28 36 38 41 35 28 32 17 22 21 32 0 23 24 38 29 28 19 27 36 33 24 32 24 38 30 37 42 26 31 28 32 45 36 31 32 40 33 41 22 37 43 39 34 40 32 14 41 20 40 39 32 33 18 28 44 26 48 39 19 38 28 24 37 37 37 33 30 25 42 39 38 25 30 42 43 31 41 18 24 25 40 36 39 40 30 41 37 35 37 34 41 40 28 27 40 38 36 35 30 39 40 26 36 37 33 32 28 39 30 38 41 23 27 31 38 27 34 29 40 36 30 51 36 24 34 42 27 35 31 31 20 45 34 19 26 39 39 42 42 36 37 29 44 28 35 26 36 35 34 30 21 39 33 40 44 38 30 23 25 26 34 33 42 34 34 39 42 40 35 39 32 47 27 46 37 35 47 25 19 29 35 29 20 36 29 38 35 31 35 21 26 32 30 36 34 25 38 33 43 46 39 39 38 35 34 54 48 36 31 25 36 34 42 28 28 44 35 39 44 34 33 46 33 29 23 46 41 33 36 37 31 37 30 28 38 36 44 31 35 19 24 45 42 8 32 40 46 36 45 32 29 29 38 40 35 29 27 29 36 36 38 35 21 25 32 24 36 24 38 30 34 32 45 40 33 40 40 37 34 36 29 31 36 30 42 41 30 18 19 30 39 35 54 35 27 43 40 32 34 34 33 32 22 47 30 49 35 27 35 41 39 28 27 46 41 38 27 34 36 35 26 29 22 39 28 30 24 32 28 44 37 39 33 37 33 28 40 35 34 22 31 37 27 36 23 20 41 31 25 36 20 31 40 28 34 34 25 32 46 51 36 33 40 31 17 33 20 47 24 35 29 36 36 28 30 31 43 35 39 31 32 35 33 21 
32 32 31 31 18 32 31 38 38 25 42 26 28 28 39 27 23 36 6 30 19 30 25 32 39 34 28 34 26 28 36 35 36 37 35 39 33 31 26 32 33 47 38 34 38 26 24 41 38 29 29 29 34 37 24 37 10 40 32 44 26 23 27 32 37 39 37 24 25 25 33 18 37 26 34 5 28 28 43 20 35 27 31 38 24 43 26 30 31 27 24 40 30 29 55 29 23 34 34 14 25 32 28 31 30 40 21 19 29 35 26 8 27 33 37 22 16 38 38 31 27 23 29 24 21 39 23 0 17 37 20 20 27 25 17 35 31 24 33 32 21 38 36 25 31 30 40 37 20 35 30 25 33 24 31 33 37 34 18 43 28 23 35 28 25 35 32 17 26 39 36 25 30 26 26 33 37 24 27 34 17 25 35 31 31 40 29 32 19 37 32 39 32 20 19 23 29 33 16 19 29 38 22 23 24 29 31 31 25 29 32 29 29 32 36 34 35 28 39 29 24 29 34 40 35 33 39 31 29 26 28 24 32 31 30 28 32 48 33 32 34 39 32 32 33 25 31 45 18 30 28 36 33 37 27 23 36 34 26 30 26 21 17 28 31 30 23 36 18 17 36 37 22 23 30 23 29 38 31 26 17 30 25 19 35 34 34 38 19 35 21 29 45 28 28 6 41 37 13 32 36 29 26 22 33 42 31 29 30 37 30 27 36 16 33 38 28 42 31 27 30 46 32 43 30 27 34 42 34 28 34 35 42 25 29 16 35 46 28 35 25 33 21 27 41 21 31 31 41 24 37 27 45 22 37 23 26 26 31 31 29 38 32 26 40 30 36 6 37 17 15 33 25 23 32 14 29 26 26 32 34 24 44 1 32 36 19 32 37 27 33 29 32 37 38 30 25 32 38 23 41 34 30 27 21 35 35 23 50 27 42 39 30 32 25 32 30 34 15 46 28 26 35 26 35 35 31 22 29 39 32 25 36 20 35 27 24 26 22 31 30 32 24 31 30 26 41 40 27 28 29 32 35 31 23 19 28 24 34 33 38 28 38 12 34 36 27 35 36 28 21 28 24 40 31 28 30 28 26 22 19 25 22 38 26 30 26 33 24 34 38 31 27 29 39 26 32 24 24 23 
29 19 30 34 27 28 30 32 32 26 35 19 31 24 34 21 26 25 28 32 18 28 24 30 32 29 14 30 38 30 23 33 30 31 23 37 31 33 27 27 30 43 34 20 32 28 24 40 36 28 22 12 28 38 31 26 32 30 27 40 9 29 30 26 31 43 24 36 20 13 28 13 32 37 26 17 30 27 43 32 29 13 32 31 12 29 25 26 23 23 13 23 26 26 39 33 21 35 29 16 21 17 33 40 30 31 31 30 26 30 34 25 24 36 20 20 15 38 29 29 11 22 28 20 4 32 35 24 0 35 24 28 25 26 29 29 27 32 26 34 16 35 40 9 30 33 37 34 32 32 31 24 31 38 27 34 44 28 31 38 24 22 31 11 17 37 20 22 29 32 41 24 43 31 24 30 33 21 29 34 32 31 28 14 35 37 22 18 24 33 32 31 27 15 21 24 34 28 33 35 24 38 27 31 31 31 24 28 26 32 27 22 12 21 35 33 28 21 34 25 26 35 33 39 34 30 38 14 24 9 28 16 29 26 30 24 27 38 26 15 32 34 31 29 22 23 18 28 30 19 23 27 22 30 34 30 20 27 35 26 28 24 35 37 29 29 19 36 25 31 39 35 30 26 27 20 31 31 36 21 29 29 40 33 32 37 28 35 18 34 27 27 40 23 23 30 24 37 11 31 22 35 23 28 32 33 24 29 33 34 26 22 30 28 31 44 33 32 29 23 26 42 31 36 29 13 21 34 20 26 27 37 25 31 24 26 24 41 25 20 11 33 20 25 40 31 14 34 41 26 36 24 46 30 32 16 21 47 32 20 28 39 32 29 42 29 20 30 23 39 30 28 25 18 28 27 35 34 25 25 29 23 33 25 28 19 14 29 45 35 25 37 31 36 27 26 27 29 36 6 33 29 18 26 17 29 34 21 52 25 39 34 33 25 25 30 30 30 13 36 20 40 34 21 18 30 27 26 25 38 34 26 31 34 19 26 25 18 25 37 24 26 22 15 25 35 24 36 30 36 30 25 30 16 28 26 25 28 32 25 33 26 33 33 35 24 25 28 32 16 33 26 19 30 42 50 22 27 26 17 15 21 17 37 21 32 20 29 22 25 28 24 31 25 37 21 30 29 21 19 
30 39 26 38 29 41 24 37 37 32 36 35 29 33 34 21 32 28 20 10 32 36 39 38 36 32 40 30 40 30 43 38 38 31 32 41 37 37 31 30 34 44 27 30 31 33 24 37 41 32 35 35 33 49 38 27 24 36 37 42 35 29 28 38 20 43 27 17 27 26 16 28 47 39 30 19 21 32 44 34 33 34 28 41 25 38 40 26 23 34 30 34 19 33 50 27 35 39 36 28 30 25 38 44 29 37 25 33 25 26 39 22 30 42 40 16 29 35 32 37 34 21 37 28 27 28 35 14 26 0 24 24 31 30 31 39 28 28 28 42 31 31 38 32 4 37 43 38 34 34 35 28 33 30 26 35 47 29 32 31 37 29 35 33 31 42 20 31 29 39 43 30 40 38 22 36 39 24 7 12 31 26 21 29 24 33 33 26 28 40 34 38 42 30 28 28 35 38 30 33 22 19 28 37 17 35 35 32 32 30 31 38 29 37 38 39 37 27 37 25 38 29 27 35 31 27 38 35 28 24 31 16 35 31 33 24 35 37 30 29 31 37 28 31 31 30 25 27 30 30 28 20 23 42 38 16 29 27 40 36 28 34 31 36 29 33 30 39 26 30 41 22 23 26 29 22 13 24 20 21 29 28 39 32 30 27 34 41 33 44 35 34 20 30 23 20 37 37 27 27 30 43 29 36 31 36 24 10 33 27 38 30 39 28 24 42 21 40 26 23 34 44 32 33 33 25 30 31 26 21 32 36 36 28 34 20 31 40 31 20 35 35 16 21 37 35 37 32 43 32 43 28 48 36 36 23 22 40 29 40 32 38 38 33 35 31 29 20 42 31 29 28 31 28 40 28 41 20 25 21 33 27 37 15 36 25 29 40 41 20 42 33 37 10 35 34 33 25 32 32 46 37 31 22 32 31 25 36 58 33 38 35 27 35 25 36 11 11 29 51 21 39 28 19 37 42 27 35 33 43 35 37 31 33 28 34 29 18 25 32 36 34 31 32 29 36 33 37 34 42 22 32 41 27 25 25 31 27 30 28 29 31 39 26 34 33 23 35 29 29 14 33 17 33 26 42 36 21 32 29 32 29 21 37 25 31 33 37 28 36 31 25 24 33 35 31 39 17 14 27 
26 26 33 21 26 30 27 29 34 23 32 27 32 17 37 24 32 21 15 31 16 23 24 24 29 25 31 32 32 25 30 38 33 21 25 34 32 32 16 23 30 37 24 26 37 16 33 37 23 22 19 20 30 35 33 32 19 33 31 36 29 24 25 31 17 19 20 29 5 20 13 23 37 31 31 14 19 30 32 23 35 20 21 31 19 37 28 24 29 20 21 24 23 26 40 24 30 24 27 18 14 36 37 40 18 34 21 28 29 31 34 1 30 42 37 22 13 39 29 31 19 3 32 17 12 33 32 9 20 21 0 29 27 15 26 28 21 29 25 29 26 28 33 17 24 20 34 34 29 34 20 22 28 32 23 27 40 33 8 28 27 20 32 31 19 32 27 26 20 36 31 22 39 21 25 32 34 17 28 32 26 23 18 24 33 30 28 35 9 34 22 40 27 20 23 13 19 31 25 28 28 40 12 32 29 34 21 28 31 22 28 30 32 29 33 22 25 26 30 30 27 29 30 40 31 24 27 32 25 22 32 26 30 24 30 30 30 44 23 23 20 37 28 28 30 25 27 35 27 30 21 33 28 27 34 28 28 17 35 23 23 21 24 33 21 23 16 35 27 26 38 29 20 16 24 26 31 21 26 27 26 10 33 28 30 25 27 41 27 28 30 29 35 8 25 15 34 39 22 26 31 24 29 31 13 29 14 31 23 32 33 27 33 25 31 32 33 39 32 29 28 38 28 37 14 20 29 42 33 23 24 26 26 25 31 25 30 38 31 30 18 21 18 27 34 30 22 28 38 23 33 24 45 25 32 20 26 35 25 27 26 28 20 30 35 32 28 15 35 26 24 21 15 27 30 23 38 29 22 26 34 17 27 10 29 29 24 22 45 32 26 32 31 25 35 27 24 22 33 23 35 32 25 24 14 22 29 32 49 32 35 33 24 25 30 22 31 23 24 40 18 35 36 25 26 29 32 19 22 45 35 23 33 29 27 29 14 28 15 35 29 31 19 23 23 32 41 30 17 28 34 29 37 32 13 28 14 30 32 29 31 22 36 21 24 24 25 32 34 23 26 28 23 23 27 37 24 29 14 27 12 23 22 36 22 33 26 35 10 18 21 23 21 27 22 24 27 29 24 16 
23 28 23 32 22 20 23 27 29 23 29 33 15 27 27 22 38 30 18 29 20 22 18 31 39 30 28 28 28 28 32 33 30 33 15 30 29 22 27 24 26 41 31 34 19 27 28 29 32 18 30 32 26 37 38 26 29 31 25 24 29 14 19 23 26 35 33 23 28 5 22 24 31 27 23 19 27 14 37 21 25 27 31 36 4 33 19 10 23 26 25 36 26 16 52 17 34 35 26 19 24 31 33 30 31 27 28 31 18 30 28 20 21 34 34 26 17 35 21 13 31 23 28 25 24 32 31 29 20 30 23 0 28 26 31 21 26 4 26 18 27 32 24 29 20 31 30 30 32 22 31 26 25 23 24 34 44 30 19 28 16 24 15 29 24 21 12 31 16 29 38 26 37 23 20 22 32 28 26 22 18 5 25 26 29 34 28 28 20 35 27 22 28 18 28 24 30 26 21 24 24 26 23 13 23 28 32 33 13 28 28 36 28 18 35 23 36 20 21 26 24 27 26 33 27 22 40 31 27 21 26 16 26 26 28 25 23 32 33 28 31 26 24 33 25 24 30 46 30 30 23 34 22 38 29 22 29 29 32 29 26 28 29 29 11 19 28 26 17 29 33 17 2 22 22 24 28 21 27 19 28 30 30 31 29 33 25 32 12 36 29 28 36 31 21 24 36 35 24 24 30 35 20 31 33 27 30 17 29 31 33 18 22 28 23 18 20 29 23 24 10 26 36 33 17 20 16 44 21 13 22 23 38 23 22 24 27 38 22 15 25 34 22 31 24 28 28 35 41 23 28 29 43 14 35 23 20 35 16 29 22 35 30 13 29 16 24 31 25 24 16 26 26 27 23 26 38 18 18 26 32 23 37 30 12 22 25 27 17 26 29 27 25 26 26 10 24 26 37 20 39 34 10 28 27 26 27 22 49 28 33 19 30 30 18 33 18 17 18 44 20 38 31 21 38 21 28 28 29 38 32 32 18 32 29 13 25 18 21 30 21 23 29 25 24 29 38 40 28 19 28 26 30 28 24 23 15 31 24 34 29 18 37 21 35 16 17 25 16 8 20 27 19 33 39 35 29 24 27 28 25 5 20 39 24 34 24 19 23 23 33 29 38 9 19 25 37 16 13 24 
34 37 21 35 20 35 29 33 37 31 40 29 29 41 30 28 46 30 31 21 31 19 30 35 42 34 35 26 35 18 34 39 21 35 36 36 34 33 30 21 37 38 40 38 46 30 38 30 42 24 35 32 23 42 42 38 32 35 34 37 30 25 24 37 33 42 29 33 25 33 29 20 39 31 26 30 30 31 48 10 25 34 32 38 33 36 31 24 21 30 32 36 28 22 52 33 27 38 34 20 38 38 46 44 37 37 28 29 33 37 40 22 30 39 27 24 28 35 42 29 31 30 42 34 24 39 37 29 21 37 27 30 0 29 39 45 24 34 28 29 23 32 38 29 38 34 39 32 34 30 34 34 45 22 32 37 42 38 30 43 36 31 31 26 23 32 40 36 29 37 45 26 47 39 18 36 37 34 18 25 29 35 34 28 40 34 32 28 23 33 36 35 34 22 32 27 34 35 29 28 31 42 28 34 33 38 37 35 29 26 44 26 33 34 33 39 39 25 37 35 14 34 26 30 24 37 45 35 28 25 33 27 35 22 35 37 32 45 39 36 25 37 21 33 22 18 23 38 19 22 27 41 34 30 41 32 27 32 41 33 16 36 38 29 35 41 26 33 27 42 41 33 32 37 19 24 24 37 42 17 36 37 34 39 26 43 35 41 24 34 26 22 47 28 19 35 38 33 17 22 27 35 29 28 38 40 29 33 44 28 33 27 48 35 35 46 37 42 34 36 26 39 44 33 33 27 28 37 37 29 28 25 38 30 31 23 24 49 31 41 32 33 27 29 30 35 34 37 31 29 34 31 44 12 39 29 18 32 32 38 34 33 39 29 26 13 32 32 31 39 27 23 29 25 35 26 35 16 15 32 36 38 39 30 28 33 21 38 47 36 36 34 22 44 37 26 30 26 40 27 39 24 34 35 35 24 25 28 55 30 34 33 40 32 15 34 34 27 19 44 21 51 29 28 38 40 32 28 38 37 22 38 27 41 39 32 28 16 36 44 35 33 26 28 22 35 31 42 31 18 38 38 29 36 27 20 31 34 26 23 38 27 37 18 37 38 19 33 32 36 30 21 26 35 51 43 28 22 33 24 33 27 24 28 25 36 36 38 29 34 33 34 37 25 29 39 34 33 25 33 
20 28 19 23 18 28 27 31 28 23 29 26 21 16 28 23 28 28 2 19 22 26 28 23 26 32 24 24 22 16 32 30 27 14 26 31 32 28 18 30 23 38 33 11 27 18 26 34 38 23 25 27 28 39 37 26 32 35 31 35 28 20 22 27 26 41 27 22 23 18 22 18 37 21 29 21 4 29 34 8 23 22 22 22 17 34 29 16 19 28 25 17 26 22 33 23 25 26 32 18 13 30 39 27 29 33 23 15 24 24 21 20 26 33 25 22 19 33 22 19 26 25 33 24 19 26 32 22 19 30 22 22 29 0 20 34 22 26 26 24 21 27 30 24 21 22 32 27 23 28 22 25 35 20 30 29 46 23 25 35 24 24 21 26 21 27 25 33 22 35 33 24 43 31 16 33 35 27 16 28 24 27 27 20 18 29 29 26 11 36 24 28 32 20 22 15 25 32 12 15 27 32 18 30 22 32 27 21 19 24 35 24 31 24 32 35 19 23 27 16 12 28 24 33 29 28 38 29 19 15 25 19 31 20 27 15 29 41 20 15 23 35 26 22 25 16 21 36 17 20 25 33 22 28 23 21 25 10 39 27 14 17 13 23 23 20 24 33 25 13 31 26 24 23 31 22 22 30 33 15 26 32 21 15 27 32 23 33 22 32 33 20 37 26 17 28 30 31 15 20 30 26 26 33 25 22 7 23 31 29 27 24 32 25 16 34 26 32 20 14 16 37 34 31 23 8 26 35 30 19 26 23 19 29 28 21 27 38 27 28 20 31 24 27 35 24 29 25 29 20 34 17 39 10 37 22 16 35 22 29 19 30 27 19 27 30 23 28 31 30 22 32 21 23 29 10 39 14 28 19 34 18 20 23 18 25 18 28 38 25 25 25 20 27 32 16 21 21 30 25 37 22 23 27 22 15 23 26 46 23 28 25 29 16 27 7 24 16 17 42 11 22 27 24 28 36 18 18 19 35 20 29 24 15 26 30 16 14 28 34 25 21 20 30 20 22 29 23 19 16 27 31 27 18 15 18 27 29 24 14 24 24 35 26 26 17 17 31 22 21 19 19 22 16 27 37 26 20 31 22 27 25 22 26 16 18 20 36 27 25 14 8 33 15 40 27 28 22 13 23 
27 30 14 28 13 34 22 26 27 25 34 22 28 31 23 23 28 23 24 14 24 21 23 29 34 27 28 19 28 11 27 32 34 23 29 32 27 26 23 25 30 33 29 24 39 23 7 34 35 19 33 26 32 35 35 25 31 34 27 30 23 18 17 25 30 36 22 29 18 27 26 13 32 28 25 23 26 24 41 3 18 27 25 31 26 29 24 17 14 23 25 29 21 24 45 32 20 22 28 16 28 31 39 34 23 30 21 22 26 24 33 15 23 32 20 17 21 28 31 28 10 23 24 27 18 26 36 22 14 31 20 22 25 22 0 34 17 26 21 22 16 25 35 8 28 27 34 25 3 24 27 25 38 15 25 30 43 31 23 34 30 24 28 21 16 25 32 29 22 31 38 19 40 32 11 29 30 27 11 33 22 27 27 21 36 27 25 21 16 32 27 28 27 15 2 20 27 28 22 21 24 35 27 27 29 31 35 28 25 19 15 19 26 20 27 32 32 18 32 16 7 27 19 23 29 30 32 28 21 18 24 20 24 15 26 28 25 37 28 19 18 30 26 22 21 11 16 31 12 15 20 34 21 23 35 28 19 25 34 26 9 12 31 30 25 27 19 32 20 31 32 26 24 30 28 13 17 30 35 10 30 30 27 33 19 39 27 34 17 27 19 15 40 21 12 28 31 26 10 15 26 31 22 28 31 33 22 29 37 21 27 20 39 29 28 39 30 35 22 27 25 32 15 26 27 20 20 30 30 19 21 18 31 23 24 16 23 42 20 26 25 26 11 22 35 4 28 21 24 22 32 24 37 5 32 22 11 38 29 31 23 26 25 26 39 26 19 25 33 37 20 27 18 8 29 19 35 9 24 19 29 31 32 23 25 26 14 23 39 32 35 33 15 34 30 23 23 19 30 20 32 17 25 28 28 27 18 14 42 24 27 23 29 25 8 20 30 24 12 37 23 40 22 21 32 33 18 21 29 30 15 24 20 28 18 25 21 9 29 14 23 25 15 14 15 28 24 35 24 11 34 31 22 18 20 9 24 27 19 16 31 22 21 24 17 26 12 27 31 29 26 14 19 28 41 45 21 15 19 17 26 20 17 21 18 29 24 31 15 27 26 27 30 24 22 34 23 26 18 26 
36 29 26 39 33 38 29 41 39 39 39 38 26 37 43 24 33 39 27 43 30 27 36 40 36 35 39 27 36 32 33 44 42 39 33 41 40 39 24 40 38 20 31 30 27 38 26 44 25 29 42 42 38 38 21 42 37 43 44 42 43 31 25 33 36 39 38 37 32 23 32 34 45 37 33 32 29 37 50 33 37 23 29 23 22 39 35 32 34 39 33 42 30 27 55 35 32 34 37 25 34 45 39 30 25 38 28 40 36 38 42 23 37 47 45 27 34 40 39 34 32 30 40 24 37 40 38 27 35 40 27 30 34 25 40 0 32 34 26 29 22 32 33 34 34 38 36 42 38 33 28 42 35 35 30 35 53 23 35 36 34 32 26 42 36 32 30 44 22 24 36 34 48 41 19 40 38 35 40 41 35 35 37 29 42 34 36 40 31 43 29 43 33 28 36 23 41 38 34 37 36 42 36 19 37 26 44 42 32 27 47 22 47 28 39 40 38 26 36 35 37 37 32 41 42 34 34 29 30 39 33 31 37 30 35 34 36 33 30 31 32 43 40 35 39 18 32 50 29 39 27 37 38 44 24 36 40 35 46 35 30 37 34 39 31 37 38 41 35 33 45 27 32 38 31 26 36 40 46 30 32 37 43 35 30 36 35 48 30 32 38 22 37 35 27 3 38 41 34 27 35 46 36 41 38 39 32 36 31 32 29 31 40 31 41 48 41 47 24 33 31 44 34 38 28 8 34 50 31 25 36 44 44 35 45 23 34 48 33 33 21 28 39 32 42 39 39 28 45 30 45 38 52 25 34 31 31 51 27 30 29 38 27 24 52 39 37 33 34 35 33 34 24 33 18 35 48 29 35 33 42 38 28 28 23 33 35 29 47 40 37 40 43 27 37 21 31 26 40 31 44 39 28 36 36 40 30 16 56 35 34 29 44 17 27 32 37 32 36 49 29 42 29 33 44 36 37 19 29 44 45 26 29 36 36 36 24 29 37 49 31 33 21 35 23 41 49 31 35 31 42 40 36 37 35 22 38 30 11 29 40 24 19 39 32 34 20 36 37 26 34 21 31 41 43 46 39 22 21 23 34 35 30 51 30 41 36 41 17 35 39 33 41 33 41 42 29 37 31 23 
35 36 33 31 32 42 21 9 30 34 31 34 25 34 38 27 40 33 27 19 32 25 39 41 28 31 31 34 30 35 40 43 40 39 35 33 35 34 26 22 36 16 31 36 40 26 33 36 43 23 33 40 35 48 37 36 37 39 41 48 41 26 16 31 24 39 32 26 25 30 20 31 47 32 31 31 29 29 49 33 35 30 31 30 29 36 43 32 29 33 29 39 32 26 55 29 41 34 35 30 31 34 40 27 31 36 31 39 26 35 46 14 32 41 44 24 29 44 35 32 37 23 31 29 32 37 25 28 35 14 20 33 37 25 36 38 0 37 29 40 29 40 34 35 18 30 33 40 39 32 30 33 37 34 27 37 43 42 28 35 38 30 25 42 35 40 26 42 23 38 40 2 39 32 10 38 29 27 16 16 30 29 25 20 33 42 32 35 19 39 32 32 40 30 27 23 32 42 29 32 36 33 32 26 26 44 35 36 24 18 35 18 38 26 42 41 35 17 32 29 37 35 24 39 40 30 23 43 21 27 33 22 28 34 35 28 40 29 22 33 34 41 37 26 28 35 26 36 20 34 31 34 32 41 44 25 35 35 42 36 33 34 34 34 29 35 29 34 20 38 36 21 27 29 36 17 22 28 34 25 19 30 38 40 37 36 26 40 36 41 36 39 34 28 27 34 30 41 39 34 39 34 31 37 33 41 32 24 36 31 42 35 47 18 33 42 30 18 34 27 29 50 41 42 27 30 36 40 25 23 4 36 41 31 38 31 30 44 24 29 28 34 25 29 42 39 37 38 44 26 40 32 45 24 45 22 26 46 26 33 27 38 33 23 42 31 26 8 30 34 28 24 22 25 44 33 44 28 33 30 42 30 42 29 22 25 32 38 45 29 37 31 43 24 40 20 27 34 29 30 40 46 35 31 27 37 37 33 52 39 26 41 19 24 33 32 25 25 41 45 27 47 37 33 41 42 31 36 34 48 44 37 28 40 34 37 24 24 28 42 29 24 19 33 30 39 47 29 27 30 31 31 40 31 23 13 33 26 18 36 42 21 29 36 34 37 11 34 35 33 23 38 31 38 40 45 36 30 27 30 25 35 30 51 32 40 38 43 30 34 36 33 35 31 42 34 27 26 23 28 
19 24 19 28 18 26 26 27 25 19 27 30 11 23 28 18 35 26 14 25 16 24 24 27 37 33 24 24 24 24 28 29 26 32 21 26 25 18 23 31 22 38 29 30 33 23 24 25 28 14 26 30 33 40 39 31 32 30 21 20 25 10 15 19 22 31 29 19 24 11 18 21 37 23 26 15 23 24 33 17 21 23 28 33 10 29 25 6 28 22 21 36 30 12 52 13 33 31 22 23 20 27 38 26 27 23 25 27 24 26 34 20 17 30 30 22 13 31 27 9 29 22 24 26 22 28 31 25 27 26 19 32 26 22 27 27 22 0 27 14 24 33 20 27 16 27 33 26 29 18 27 22 21 19 28 34 40 36 15 33 22 20 11 27 20 17 18 27 23 25 38 22 33 28 16 23 28 24 22 18 14 28 23 22 26 35 26 24 16 33 29 18 31 23 24 20 26 22 17 20 20 22 19 20 19 31 28 35 9 24 33 32 31 14 32 26 32 16 17 28 20 33 29 34 33 28 36 27 26 17 22 22 22 25 24 27 19 39 31 24 27 31 31 29 22 20 27 42 26 26 29 32 27 34 35 18 34 29 37 25 22 24 25 25 28 15 24 30 23 25 29 34 25 32 22 20 25 26 23 15 25 29 26 27 27 29 21 28 18 35 27 24 32 27 17 30 32 31 23 20 30 31 16 34 31 23 26 13 39 29 29 14 27 24 28 14 23 34 26 26 6 22 32 29 13 23 22 40 30 9 26 19 38 29 18 20 24 34 18 21 21 30 18 27 39 24 24 33 37 26 24 31 42 10 37 19 16 37 12 25 26 31 29 9 38 26 20 27 21 20 12 25 22 23 31 22 41 14 25 31 34 25 33 26 8 18 22 23 44 22 32 31 28 22 22 6 27 27 38 16 35 30 16 24 23 34 23 18 52 34 29 15 31 30 25 29 14 13 25 40 23 34 30 17 34 34 30 24 25 34 28 28 14 28 33 26 21 23 31 35 17 19 25 28 20 25 34 36 24 15 24 28 26 25 20 19 18 27 24 30 25 25 35 27 31 22 17 21 12 14 16 23 15 29 35 31 25 23 23 25 21 1 22 35 23 31 26 32 19 19 33 25 36 5 33 21 33 19 19 25 
37 41 32 13 31 41 33 39 40 30 40 41 24 29 41 31 42 36 25 37 40 32 39 36 49 38 37 30 37 34 43 44 37 42 35 44 34 37 33 32 33 39 23 39 41 30 37 46 49 27 45 43 39 26 43 37 38 41 46 46 35 34 35 34 37 49 35 36 31 27 33 32 51 36 39 24 36 35 51 26 25 36 36 45 26 43 41 32 37 25 32 40 33 25 56 23 42 41 35 35 26 28 47 45 38 36 31 38 39 36 45 31 28 47 43 30 37 41 43 35 42 33 30 36 35 41 24 28 36 30 30 22 36 32 36 43 35 26 0 38 35 35 33 40 34 12 40 37 39 31 37 34 27 33 34 27 47 28 37 27 37 31 24 37 34 39 34 36 31 38 30 37 41 42 29 34 45 34 34 29 36 27 17 33 43 37 26 28 26 38 39 39 36 34 34 30 35 47 29 32 35 33 40 35 36 27 47 31 20 37 27 41 48 33 40 37 36 36 43 41 30 37 36 46 40 43 47 34 40 28 22 35 33 25 24 40 22 45 43 37 39 46 37 33 35 21 29 51 19 36 30 43 35 44 32 35 43 38 20 28 32 40 22 38 33 37 37 30 33 36 43 36 24 33 35 24 25 20 32 28 18 40 38 38 32 46 36 39 34 44 44 25 44 31 30 25 41 42 32 33 33 34 27 47 36 43 35 24 49 24 37 34 42 17 36 40 40 43 37 39 32 48 26 39 26 36 28 40 40 30 34 41 42 44 43 26 29 28 29 34 34 41 42 35 46 35 37 37 43 37 42 27 55 23 49 29 27 50 25 32 34 44 37 22 27 37 33 21 34 33 36 34 29 37 39 32 51 27 31 37 43 31 33 20 21 37 33 38 39 39 33 31 38 34 37 19 38 29 42 29 18 40 32 35 36 38 36 29 53 42 39 34 44 39 38 35 23 30 34 23 33 45 32 32 49 43 33 28 40 44 38 39 27 39 41 35 31 32 41 41 32 34 26 41 25 39 47 36 9 29 30 25 39 39 30 20 29 37 37 39 28 28 45 40 41 38 30 34 38 30 33 24 30 39 50 44 34 25 34 36 34 27 34 44 38 41 38 39 30 34 37 40 46 31 41 38 34 36 26 35 
23 12 31 32 29 41 33 35 32 17 35 35 28 28 34 18 32 24 33 37 27 21 26 25 36 31 40 34 24 25 16 35 36 36 38 32 11 24 32 22 32 47 30 37 41 33 24 31 39 26 37 36 24 45 43 30 38 28 37 40 37 21 25 26 23 37 36 33 32 29 19 27 40 35 32 16 35 22 37 28 10 30 34 35 28 15 29 28 34 30 32 27 21 24 40 30 34 39 30 20 25 41 32 31 29 31 28 38 27 33 36 28 15 35 34 33 24 39 30 28 38 30 38 27 32 38 32 28 28 27 27 28 33 31 28 30 34 32 19 0 30 39 27 36 31 31 41 36 31 32 30 28 38 32 34 37 43 31 26 34 37 31 28 27 33 3 36 21 27 33 28 33 48 36 28 21 38 22 34 15 25 29 24 34 30 41 33 13 27 37 19 37 29 23 22 29 33 38 14 17 34 19 30 24 31 35 39 35 31 33 33 33 36 33 36 24 22 26 36 28 21 27 33 40 25 30 38 37 32 31 29 36 20 29 31 27 33 52 30 31 32 45 22 34 33 25 30 49 27 29 31 32 30 37 38 34 40 32 39 33 23 29 40 29 18 30 26 34 28 40 31 40 26 27 20 30 27 27 20 27 26 37 23 40 35 39 28 25 31 41 35 29 43 28 29 33 44 43 24 27 28 42 14 36 37 26 29 10 34 27 34 30 42 25 31 42 28 47 39 26 25 40 28 37 25 27 35 40 36 19 30 23 29 31 34 23 28 41 16 20 28 43 29 38 31 22 32 22 38 15 30 31 51 22 40 17 28 43 29 13 23 38 41 26 37 24 31 34 33 37 23 24 18 27 36 29 43 26 16 31 37 28 38 29 20 25 28 23 42 38 37 33 26 37 8 23 16 33 42 33 37 31 34 35 24 24 30 31 41 31 32 20 34 36 25 38 11 29 26 42 23 48 36 31 35 38 30 13 32 41 29 41 31 43 30 30 30 34 26 32 24 26 15 34 29 24 38 41 28 28 31 26 33 30 10 26 16 27 33 39 28 29 21 29 30 25 26 29 29 32 32 28 29 38 42 45 33 29 36 31 22 30 25 42 29 36 27 24 32 19 36 36 31 27 39 29 23 24 21 26 
27 33 32 30 29 39 33 34 37 20 27 31 15 31 41 27 34 22 28 32 28 18 29 28 39 13 28 28 33 29 37 38 38 35 35 35 32 27 27 28 34 49 33 34 46 28 25 37 37 23 31 27 30 41 40 31 33 31 28 43 40 24 21 31 27 33 32 32 19 27 23 22 41 32 38 27 30 25 41 21 36 27 31 34 26 43 23 25 32 33 28 37 33 21 53 32 34 35 33 25 28 40 42 32 28 23 15 38 33 36 39 15 18 44 34 30 25 34 25 28 28 17 37 30 26 32 31 23 31 31 14 33 21 26 18 33 33 35 17 33 0 35 24 26 30 29 41 38 21 29 31 25 41 33 28 38 31 34 20 37 35 32 30 33 31 36 27 34 31 36 35 34 44 33 22 24 34 25 29 19 28 33 27 23 39 37 33 39 21 35 23 37 11 24 20 24 31 29 23 26 19 23 24 34 32 29 33 32 10 28 33 34 39 33 39 27 37 22 18 28 25 31 36 35 31 34 37 34 31 18 29 25 23 32 31 27 36 44 33 24 34 45 28 28 36 21 28 47 25 27 30 38 27 39 42 31 37 31 37 36 27 30 35 32 33 29 29 37 31 36 38 36 30 22 26 19 32 30 24 28 25 24 32 38 29 39 33 29 34 40 37 25 46 22 30 29 33 44 28 21 34 36 17 37 27 42 28 14 29 31 38 31 41 24 28 44 31 44 27 26 25 45 33 32 28 27 33 42 34 28 36 36 23 35 33 10 37 45 19 24 25 31 29 35 37 22 35 37 42 36 33 31 51 23 39 20 17 46 31 34 33 32 30 28 39 27 37 29 30 39 26 12 27 26 40 32 44 27 22 31 36 23 40 24 24 28 23 17 50 35 39 37 29 36 41 25 37 29 42 20 35 35 32 34 27 26 24 19 60 37 38 34 38 31 26 33 15 26 29 40 20 45 32 16 33 32 30 33 35 22 33 29 29 39 36 24 25 27 21 32 29 31 31 32 29 33 38 43 26 29 31 26 14 24 25 25 19 31 30 34 42 31 39 32 31 38 23 32 31 30 29 24 14 36 41 42 36 25 24 1 25 27 24 39 28 41 29 19 20 13 34 34 35 24 36 32 39 27 18 29 
29 21 24 23 22 26 24 32 33 16 20 25 24 16 37 22 22 21 23 33 22 20 25 23 29 25 30 21 19 14 25 24 23 27 25 30 27 23 22 23 19 38 26 22 32 26 20 26 34 23 30 29 30 38 32 30 29 26 30 29 21 20 19 27 28 36 20 31 16 15 24 16 35 32 30 24 25 21 31 27 30 15 27 27 14 32 27 19 16 15 5 27 19 23 43 9 23 30 22 13 13 27 38 25 18 16 24 30 25 15 35 17 14 21 23 23 23 32 28 24 24 7 20 12 21 17 33 19 17 32 23 13 22 21 30 23 23 17 24 28 19 0 32 26 25 22 28 23 30 31 26 19 23 33 23 33 44 29 19 30 22 17 28 22 30 31 22 36 21 31 34 25 42 29 13 20 31 14 34 28 24 18 20 15 35 29 12 28 19 30 22 34 28 18 21 19 30 26 9 12 27 32 23 26 31 26 32 17 19 21 30 22 29 26 33 23 30 20 19 10 10 30 22 24 20 29 27 26 24 21 24 17 19 18 26 9 30 16 23 17 21 36 17 27 28 14 14 45 24 15 16 29 26 26 31 30 22 23 37 18 12 16 30 25 24 24 11 32 23 27 34 1 15 19 19 20 21 23 33 24 27 14 18 29 25 28 29 25 20 30 27 18 41 18 22 25 25 32 13 25 27 31 13 24 17 32 20 23 34 27 23 25 32 26 32 31 27 39 32 8 23 31 28 30 22 15 23 30 5 18 27 21 29 30 27 19 30 36 15 25 13 21 28 28 26 21 31 19 27 18 28 13 33 27 35 16 24 42 29 22 20 34 20 26 36 23 28 25 32 33 22 25 17 21 25 28 30 31 24 10 32 18 30 20 25 20 17 26 30 34 25 33 18 31 36 23 19 21 21 23 37 20 20 21 9 20 28 24 44 27 29 28 23 26 21 28 24 26 15 42 22 36 25 24 22 29 12 18 17 33 18 34 30 30 27 26 20 19 26 36 25 27 14 28 18 19 27 30 19 29 30 25 25 12 23 16 15 29 21 27 29 23 31 28 30 26 14 28 29 18 28 17 22 26 31 44 28 18 14 20 7 18 20 31 24 20 4 32 10 22 24 21 25 22 30 21 22 23 22 11 
30 36 38 25 26 31 29 32 38 33 31 26 34 31 41 33 44 14 19 35 20 31 40 38 39 29 35 32 36 29 40 43 37 33 29 44 33 40 20 27 41 41 35 30 46 20 37 41 47 29 23 19 34 39 44 36 43 39 35 43 39 33 24 35 27 43 24 29 29 30 35 31 41 38 41 19 23 37 44 27 41 30 25 38 29 41 37 28 34 30 20 30 31 34 46 29 36 28 37 25 28 37 34 36 23 27 25 32 37 35 39 22 31 47 38 26 17 44 35 32 34 27 29 27 33 37 23 33 38 31 24 33 31 19 31 38 25 37 29 37 34 42 0 32 28 24 38 43 34 41 24 22 38 32 27 31 48 41 12 38 37 24 34 37 23 40 35 31 24 40 27 26 43 9 18 36 33 29 32 36 35 33 29 28 37 44 29 38 13 38 15 41 39 24 27 17 23 36 29 32 31 45 16 34 35 40 25 39 32 26 39 29 46 34 37 40 29 21 34 32 31 23 32 44 35 30 32 44 29 29 36 30 34 28 38 31 32 48 33 27 28 41 32 32 37 29 32 39 18 37 31 30 32 31 38 34 40 29 41 33 27 31 28 40 25 39 26 39 38 30 42 35 30 37 30 23 38 32 14 31 17 34 38 32 40 44 31 39 37 32 34 33 44 32 29 37 38 41 34 39 37 28 30 37 37 34 26 36 44 21 43 27 37 16 35 36 39 43 36 30 29 45 32 42 36 27 41 46 39 29 27 30 32 31 41 30 39 42 30 38 28 45 22 31 38 35 39 41 42 33 43 35 51 29 41 24 30 51 35 31 30 32 43 32 39 32 35 32 43 43 35 29 19 33 44 27 28 32 26 30 38 33 34 32 31 19 32 41 49 38 37 39 39 34 45 29 34 36 38 27 39 35 35 28 24 29 42 39 59 38 34 37 35 32 34 26 35 29 36 44 29 39 40 28 25 46 33 33 32 14 33 27 37 33 37 38 18 29 36 40 33 35 25 38 33 36 42 37 21 35 34 33 6 34 17 19 32 37 26 33 35 26 40 37 28 36 19 36 23 33 32 32 26 30 44 54 28 33 38 35 22 24 26 45 26 37 32 44 34 37 28 27 34 28 45 28 33 35 28 26 
31 28 40 39 23 37 31 23 23 35 32 28 32 42 36 33 35 24 32 28 28 25 20 36 39 28 32 33 38 26 32 33 40 37 37 30 36 30 34 26 36 38 30 38 38 35 32 36 42 29 32 36 24 41 31 17 23 35 39 49 25 22 31 17 37 41 23 34 30 30 34 28 28 38 17 27 34 23 45 29 35 31 39 39 29 42 21 32 33 26 33 30 22 28 46 30 30 42 40 12 39 41 41 37 38 28 36 23 28 24 30 26 33 42 35 21 25 41 37 35 2 28 34 28 28 36 40 32 24 41 25 29 21 30 33 39 30 33 28 40 31 34 41 0 22 30 33 40 36 36 38 34 39 35 26 25 47 32 27 34 33 32 37 27 36 43 37 30 29 43 37 32 43 39 28 21 44 33 29 30 26 27 24 26 42 36 31 38 28 24 41 38 39 11 26 31 38 40 36 31 23 40 31 32 29 27 29 38 27 24 34 31 36 12 32 42 44 32 32 33 22 28 34 34 30 32 34 21 20 28 30 28 32 30 32 32 23 29 33 11 33 37 27 32 13 26 31 49 24 30 31 35 13 38 40 34 11 33 35 29 24 36 42 29 20 21 37 38 34 38 33 35 31 31 25 23 30 27 41 36 22 35 37 40 30 45 19 30 14 41 20 30 38 33 35 38 36 40 20 28 33 31 32 24 38 35 37 31 38 32 37 18 33 35 34 47 29 40 31 31 32 51 40 39 23 19 12 40 38 23 18 33 32 24 38 31 15 43 33 18 35 39 30 26 33 37 38 41 39 24 28 34 44 31 28 28 17 44 38 29 24 39 43 30 38 25 11 38 37 30 24 28 31 32 36 18 31 35 21 29 25 30 33 33 34 31 29 24 43 38 41 38 27 28 33 32 25 28 37 30 33 32 35 32 35 28 31 32 48 31 41 35 41 33 19 37 32 29 22 38 27 47 37 20 42 30 35 32 23 44 30 31 40 33 10 22 32 30 30 33 15 17 28 6 30 35 39 36 35 37 39 35 36 28 32 22 34 39 36 42 29 27 40 30 35 40 29 39 38 33 32 29 18 29 33 41 41 30 37 23 35 34 13 43 17 28 16 28 33 20 27 31 39 31 33 30 25 25 31 27 
34 42 22 34 25 37 32 39 36 33 35 34 25 37 41 33 33 34 16 30 29 39 35 41 32 38 38 37 36 37 43 35 34 40 32 37 33 36 35 31 30 51 23 33 36 34 31 40 43 36 39 39 36 47 34 37 20 32 33 38 35 30 30 34 16 39 33 34 25 22 12 25 44 35 26 15 38 31 42 30 42 36 38 44 21 45 36 30 27 36 26 36 15 38 52 23 33 43 34 24 34 41 34 40 35 33 21 29 21 29 35 18 31 38 44 12 26 31 28 35 37 23 33 29 31 31 33 10 27 20 20 22 27 34 27 38 35 26 35 40 28 39 34 35 0 33 39 34 30 30 39 30 40 33 33 42 47 25 28 27 33 25 37 36 32 38 16 27 34 37 39 35 36 34 24 37 39 31 27 8 27 22 17 26 34 41 29 41 28 38 30 43 39 27 29 32 39 34 26 29 30 39 32 33 30 34 41 28 30 32 27 37 38 33 41 40 33 31 36 21 34 28 35 37 34 23 41 31 27 21 34 28 36 27 29 20 35 33 26 25 33 33 31 27 27 35 27 47 28 26 24 16 33 47 37 33 28 36 36 32 35 30 27 37 25 37 32 42 22 26 37 18 19 30 32 28 30 20 38 33 27 30 35 28 26 32 36 39 29 45 31 39 16 28 30 16 36 41 23 23 40 39 30 32 33 41 33 30 40 28 34 34 39 26 34 40 37 46 22 19 32 40 39 29 34 26 28 41 22 30 34 34 38 24 30 16 29 36 32 19 34 38 29 17 38 31 36 30 46 28 42 24 44 32 35 28 24 36 25 41 31 34 34 35 44 33 25 16 47 27 25 33 35 30 36 24 39 36 28 24 32 31 39 11 34 31 26 39 39 37 43 39 39 6 43 32 29 33 28 30 45 43 27 29 30 34 21 33 54 36 36 31 23 38 25 32 30 31 25 50 37 35 38 27 33 38 23 32 34 39 42 35 38 29 24 30 33 30 32 40 32 34 33 28 25 36 48 33 30 38 39 37 38 23 21 27 32 34 32 38 25 30 47 22 42 29 25 33 38 25 31 38 25 35 22 38 34 31 31 25 28 27 20 33 24 34 29 36 27 35 33 39 20 31 31 36 41 33 24 28 
36 36 38 25 25 39 26 35 28 23 35 34 32 31 40 22 30 28 13 38 32 20 32 31 43 32 34 31 31 26 31 32 25 32 35 32 22 30 26 20 21 43 11 36 48 28 31 41 38 18 35 34 34 41 31 39 30 34 39 43 23 27 29 22 35 40 27 34 23 30 31 25 44 27 36 12 29 28 50 27 30 30 31 36 29 36 34 27 38 30 20 34 34 23 50 11 30 34 30 27 28 29 35 38 29 31 23 26 36 24 33 28 21 36 44 29 29 39 40 27 33 30 18 27 26 37 12 20 24 31 27 33 24 25 24 33 29 37 29 30 28 30 40 31 27 0 30 25 27 31 30 22 37 31 27 37 35 41 32 15 35 19 32 25 26 33 37 24 19 33 39 31 29 42 24 27 33 22 35 35 31 32 5 30 36 32 19 30 29 26 27 27 35 27 22 23 35 40 23 26 36 38 28 37 32 33 37 19 30 32 15 37 36 21 31 30 38 27 35 36 31 33 29 34 35 36 38 28 35 32 28 31 23 28 30 35 34 37 37 29 31 42 32 21 32 26 21 50 7 24 31 31 35 35 33 31 42 28 33 33 24 28 24 29 24 26 26 32 34 24 31 31 35 21 30 12 31 8 20 33 6 36 32 26 20 36 24 32 27 39 35 30 43 19 24 13 40 30 20 35 33 44 20 40 24 33 25 34 42 22 25 29 38 5 36 30 34 44 39 34 24 45 38 37 25 30 34 39 35 18 33 36 36 34 36 23 17 43 19 34 28 40 34 34 37 28 32 38 31 29 30 15 49 29 44 17 33 41 33 20 22 38 25 30 39 30 30 26 32 37 29 22 17 28 27 20 39 33 26 30 31 22 37 8 29 25 26 31 41 37 34 33 32 33 38 27 30 24 30 30 33 41 35 23 24 32 38 34 55 34 37 36 37 30 32 32 11 28 22 38 22 33 37 33 40 34 38 29 28 46 39 39 32 27 29 35 24 33 34 29 20 22 14 37 13 33 42 40 21 31 31 26 42 33 33 8 22 31 32 39 35 21 36 32 34 35 25 29 29 33 31 29 31 33 38 44 22 30 33 29 22 24 29 45 32 29 33 41 35 27 31 33 34 26 33 29 22 30 26 26 
32 39 40 27 35 31 32 5 34 24 32 29 35 37 43 33 44 31 23 38 25 26 33 27 34 38 39 37 41 31 42 40 42 35 31 38 28 31 22 13 44 43 37 32 48 22 40 22 48 31 28 39 15 41 39 25 34 27 15 47 38 27 31 33 40 44 36 39 30 25 36 30 42 40 28 24 25 29 46 29 37 37 27 42 34 42 39 30 28 27 30 34 25 29 50 34 28 30 37 27 34 42 43 42 31 37 27 36 31 40 42 26 22 47 44 31 22 35 37 33 33 28 38 34 33 43 29 34 31 41 25 32 33 21 36 37 27 35 27 38 33 42 37 31 30 26 0 48 26 37 26 31 40 41 33 33 34 35 32 38 27 29 35 18 28 41 32 36 26 40 37 29 48 34 35 28 38 29 37 32 31 31 31 26 39 44 20 40 15 35 25 42 36 26 29 19 28 16 33 36 29 46 21 37 27 42 30 42 33 24 38 32 43 28 39 31 31 26 41 36 33 33 35 37 16 32 38 37 27 26 16 21 27 19 18 36 24 39 36 29 30 46 13 38 24 31 30 44 33 37 33 40 21 36 33 35 34 31 33 30 29 38 30 21 27 37 33 24 23 34 45 43 34 31 11 29 19 31 39 31 32 35 42 36 33 42 33 33 32 37 33 32 46 33 33 39 36 47 30 41 19 30 21 33 30 33 28 37 38 22 25 33 42 31 30 38 30 45 41 35 30 49 37 33 31 29 22 48 45 33 28 32 36 33 41 33 26 43 23 35 35 34 27 36 22 27 39 32 34 29 37 38 53 31 36 24 32 39 36 37 35 33 23 33 32 20 22 35 38 41 29 15 24 35 27 29 40 35 7 36 40 32 37 34 32 31 31 40 48 42 27 25 33 36 35 30 30 36 44 31 33 40 30 32 31 16 44 36 55 22 39 39 40 37 22 28 32 33 32 38 14 43 39 26 45 32 38 39 36 34 41 32 38 36 41 39 20 23 30 36 31 33 36 30 35 38 48 40 23 37 38 33 26 34 19 32 23 21 43 35 30 27 43 25 29 36 36 36 36 28 36 31 24 33 48 43 33 32 27 34 29 32 28 47 28 39 29 45 35 36 31 29 42 29 36 36 39 31 20 33 
33 39 43 43 40 44 42 39 31 34 39 49 35 34 52 35 40 41 39 43 31 38 43 41 42 45 46 37 38 39 43 37 42 47 43 41 46 33 37 38 38 51 40 40 40 38 38 47 45 31 34 47 40 36 33 47 43 45 43 51 44 25 40 45 33 54 40 42 35 33 29 42 55 40 44 30 41 39 47 32 35 33 42 46 32 52 45 44 43 33 26 47 33 36 58 40 25 46 40 34 31 46 43 47 41 49 40 39 39 41 53 38 32 45 49 37 28 49 45 43 42 42 43 33 39 43 43 37 35 37 39 39 46 37 42 44 35 43 35 46 41 45 44 44 41 42 49 0 45 42 41 37 37 44 33 37 50 36 30 44 40 25 49 43 41 49 39 32 38 40 36 37 53 43 38 38 39 35 40 25 29 39 34 36 48 47 36 38 31 48 44 46 46 38 35 35 41 44 39 32 25 43 34 35 47 26 36 45 30 46 44 48 47 44 45 41 46 41 50 38 36 36 45 50 41 40 36 40 22 38 32 38 31 33 34 37 43 50 36 44 39 52 38 34 42 31 34 51 38 33 30 43 45 30 49 46 49 43 30 36 38 34 46 42 42 42 29 40 39 45 44 46 36 47 36 25 35 37 44 39 37 49 38 47 39 49 47 43 40 34 48 35 47 36 30 43 46 44 39 39 44 44 31 51 43 50 40 34 44 41 41 38 48 36 44 54 39 53 43 36 42 53 43 47 42 21 38 48 50 25 39 47 49 41 40 35 44 38 33 42 31 47 33 42 47 39 45 45 53 39 39 41 55 34 30 30 19 54 42 40 36 50 46 47 54 41 44 43 45 40 27 31 2 41 43 46 36 38 32 36 24 36 41 38 44 41 41 45 55 50 43 41 43 45 47 44 40 39 42 38 28 46 38 29 27 41 42 35 65 45 47 36 45 41 39 44 35 41 41 33 39 54 42 22 50 50 40 36 38 57 44 38 38 48 43 46 36 38 47 35 43 45 32 46 32 39 53 38 39 40 44 39 50 30 35 38 33 47 42 45 43 37 42 42 37 44 35 42 48 36 44 34 20 46 47 51 17 35 40 42 28 39 15 50 19 39 43 49 36 44 44 42 42 43 50 42 40 35 36 32 
35 33 40 38 28 42 25 28 24 24 34 33 33 38 41 31 40 29 32 33 32 29 25 32 31 33 35 22 34 30 37 38 44 37 32 35 32 31 31 31 40 43 26 41 43 33 37 39 45 27 37 41 29 33 36 22 28 31 39 47 30 26 20 22 39 41 28 32 27 30 35 33 33 36 22 31 34 23 49 32 39 34 28 34 29 30 21 31 33 31 30 35 25 32 51 35 35 39 37 17 35 40 39 41 20 33 23 28 31 29 35 18 22 39 40 22 29 41 40 36 7 25 21 32 33 40 40 29 29 40 22 25 26 30 36 37 27 29 32 32 33 27 42 5 27 35 33 44 0 34 35 38 41 35 30 30 52 32 30 31 38 36 38 32 36 33 32 35 22 40 36 29 43 43 14 26 33 29 34 35 30 30 29 24 34 29 32 41 26 29 24 35 36 16 29 28 38 40 29 32 28 37 34 30 32 30 34 43 28 22 12 36 37 17 34 31 42 21 37 37 27 32 28 39 35 35 29 26 25 32 28 26 27 25 30 36 28 34 25 16 31 42 32 30 18 13 29 54 29 35 22 39 18 42 45 31 16 37 36 34 29 32 39 34 25 26 33 36 35 28 38 28 27 31 30 21 21 32 42 29 27 32 34 30 31 42 24 33 19 38 25 17 43 28 22 35 33 33 25 33 23 36 21 29 33 35 34 32 38 33 42 23 38 38 32 43 29 45 19 35 33 49 45 39 28 24 17 37 32 27 23 38 37 29 43 18 20 44 23 23 32 23 8 27 38 1 39 46 34 29 33 39 47 34 33 24 22 44 39 34 29 43 22 35 38 25 16 32 41 35 28 33 26 29 41 23 36 35 26 33 28 32 38 30 35 29 34 29 42 35 37 37 18 33 38 33 30 21 35 35 34 37 35 32 31 33 36 11 53 36 30 38 46 28 24 37 33 34 27 39 29 37 24 25 47 30 39 37 28 49 35 21 30 31 15 22 29 28 30 38 20 22 23 11 24 39 44 41 34 37 37 33 41 33 30 17 23 37 22 39 34 24 37 30 14 40 15 36 39 33 29 16 23 34 38 46 40 17 16 28 29 30 18 48 22 33 21 28 12 25 32 36 43 34 38 35 30 25 22 31 
24 17 32 19 18 10 22 26 23 22 36 25 29 23 23 23 27 22 15 12 14 20 21 30 36 26 29 19 29 23 21 28 27 27 23 34 16 26 14 24 26 33 16 19 40 14 29 35 35 24 17 27 28 27 38 23 31 27 29 38 28 18 17 19 28 34 21 6 17 22 24 25 21 33 25 13 17 27 38 21 15 22 19 30 21 35 25 22 25 22 19 28 19 23 44 16 31 22 4 19 20 14 25 29 21 32 19 28 25 26 31 15 20 32 35 18 11 13 29 27 20 19 20 26 23 30 30 21 32 31 21 26 25 13 25 34 17 30 9 28 28 34 26 18 22 18 26 30 13 0 18 20 36 14 24 25 40 29 6 19 6 18 29 30 15 8 29 14 18 7 29 19 33 13 11 7 30 23 9 20 22 30 10 21 31 36 26 15 7 30 20 28 34 18 23 11 17 30 19 22 26 24 10 25 23 31 19 24 25 19 20 28 26 14 27 29 23 18 30 24 25 25 25 37 29 24 30 27 22 26 30 18 25 13 32 23 25 43 30 21 22 21 26 27 21 23 15 29 23 29 25 32 19 25 19 28 27 23 29 25 21 23 22 15 19 23 18 36 7 26 29 32 28 26 20 18 15 13 18 10 24 26 28 9 17 31 21 27 29 26 33 27 38 20 12 27 31 26 28 23 19 22 19 31 29 31 20 15 35 19 11 20 28 23 20 30 33 29 26 22 24 40 26 11 26 21 28 33 35 24 21 24 30 25 27 24 21 33 21 25 20 33 16 23 32 14 6 27 28 13 32 20 37 23 35 18 11 38 23 18 24 26 30 27 29 27 19 25 32 38 20 26 13 26 13 19 38 9 20 23 31 25 31 22 26 16 26 19 38 32 31 36 28 28 13 24 14 28 34 21 27 30 27 22 16 25 12 24 39 33 27 31 27 24 24 20 16 27 30 28 22 35 34 23 27 34 26 18 25 21 33 21 20 28 28 26 12 20 27 37 17 19 20 24 18 29 39 34 15 29 11 27 32 26 11 14 21 31 19 24 29 20 38 24 22 30 12 3 27 25 26 26 21 27 21 44 20 27 26 29 21 19 20 39 20 29 26 26 25 15 25 21 24 23 34 30 28 29 10 25 
25 25 30 29 15 36 34 23 14 12 29 29 30 26 39 27 40 19 25 25 22 18 21 20 40 26 33 27 30 18 29 30 38 31 31 27 24 19 24 27 34 44 25 32 42 19 29 20 38 23 28 33 16 32 41 31 26 23 34 35 30 16 29 23 25 29 29 32 20 23 21 20 38 32 27 21 27 17 39 19 31 25 27 30 24 36 23 25 25 25 27 31 16 21 47 25 27 32 25 21 23 36 39 43 32 35 28 33 22 30 31 16 10 36 27 19 19 32 31 23 16 18 35 22 25 38 40 19 21 29 15 23 31 23 31 25 29 27 25 32 23 32 39 14 28 28 42 32 24 29 0 28 33 27 28 7 44 26 17 29 32 26 30 28 28 29 30 33 28 28 35 28 34 30 23 16 24 17 27 31 16 19 19 30 24 34 8 34 17 34 23 32 24 21 17 21 28 35 34 23 29 39 21 26 25 29 30 32 26 31 28 26 31 26 20 19 33 12 31 31 14 31 26 32 14 26 31 32 28 25 28 32 15 16 30 36 25 43 34 3 22 42 27 35 27 18 23 44 21 22 13 32 27 30 40 31 25 27 26 28 16 26 32 19 29 27 21 36 21 36 39 33 25 26 25 26 24 22 35 26 34 25 29 38 22 39 25 21 24 34 30 22 38 18 27 25 38 36 17 21 33 32 9 34 28 24 24 30 33 24 32 28 39 33 28 35 23 44 29 35 20 37 37 30 24 23 26 22 37 24 18 25 33 27 31 23 29 34 11 32 23 36 24 24 20 17 27 36 31 27 25 29 47 21 38 12 27 38 31 11 25 32 35 28 32 19 25 23 30 33 18 25 24 23 34 24 38 25 21 31 28 23 34 20 27 10 21 17 40 35 35 37 21 34 34 25 28 26 35 27 24 24 28 30 19 29 24 26 53 15 30 32 37 24 21 30 31 26 19 29 20 45 29 26 39 32 33 28 27 37 22 32 33 38 24 24 22 20 25 29 21 23 24 20 15 30 31 34 25 25 26 21 29 33 21 22 11 34 31 24 26 30 36 24 4 34 24 24 26 26 29 21 24 30 39 42 33 22 29 24 17 28 23 35 26 35 8 30 25 13 28 27 36 24 26 24 32 19 25 21 
20 25 20 29 4 27 27 28 26 20 28 31 12 24 29 19 36 27 15 26 17 25 25 28 38 34 25 25 19 26 29 30 27 29 22 27 26 19 24 32 23 39 30 31 34 24 25 26 29 15 27 31 34 41 34 32 29 31 22 21 26 11 16 20 23 32 30 20 25 12 19 22 38 24 23 16 24 25 34 18 22 24 29 34 11 30 26 7 29 23 22 37 31 13 53 14 35 32 23 15 21 28 39 27 28 24 26 28 25 27 35 21 18 30 31 8 14 32 28 10 30 23 25 29 23 29 32 26 29 27 20 33 27 23 28 28 23 37 28 15 25 34 21 28 25 28 34 27 30 19 28 0 36 16 29 35 41 37 16 34 23 21 12 28 17 18 19 28 24 26 39 23 34 29 17 24 29 25 23 19 15 29 24 23 27 36 27 25 17 23 30 19 32 24 25 21 27 23 23 12 21 23 20 21 20 30 29 36 10 25 28 34 32 15 33 27 33 17 18 29 22 34 30 35 33 29 37 31 23 18 23 23 23 26 25 28 20 40 32 25 28 31 30 30 23 21 28 43 27 27 30 41 28 35 36 19 35 30 35 26 24 25 26 26 29 24 25 31 24 26 34 35 26 33 22 21 22 27 24 16 26 30 18 28 28 30 22 29 19 36 28 25 33 28 18 31 33 32 25 21 30 32 17 35 29 24 27 14 40 30 30 15 29 25 29 36 24 36 18 27 7 23 33 30 14 22 23 35 31 10 27 20 39 30 19 21 25 38 19 22 22 31 19 13 39 25 25 34 38 27 25 32 43 11 31 20 17 38 13 26 27 32 30 10 39 27 21 28 22 21 13 26 23 24 32 23 41 15 26 32 28 26 34 27 9 28 23 24 38 23 33 32 29 31 23 7 28 28 24 17 33 32 17 25 26 33 24 19 51 31 30 16 32 31 26 30 15 14 27 38 24 35 31 18 35 35 31 25 26 35 30 29 15 29 34 27 22 24 32 36 18 20 26 25 21 19 35 37 25 17 25 29 27 26 21 20 19 28 25 31 26 26 36 28 32 23 18 22 13 15 17 24 16 30 36 32 22 24 24 26 24 2 16 36 20 31 27 33 20 20 34 28 38 6 27 22 34 20 20 28 
22 35 46 44 38 44 50 32 50 41 50 46 48 38 51 45 43 48 29 46 36 42 29 45 47 37 51 45 46 26 35 55 53 41 39 52 40 48 39 36 50 48 43 36 45 39 47 45 53 42 42 54 38 50 49 29 51 44 42 40 44 41 40 44 52 51 51 49 47 29 48 37 50 48 47 35 31 39 36 35 39 29 44 33 28 60 41 43 46 37 34 44 41 45 60 42 52 47 29 33 35 54 58 54 46 47 44 42 42 48 39 43 39 39 52 42 33 50 44 46 38 38 42 34 46 51 36 41 45 54 42 47 49 27 42 28 43 41 36 50 40 49 51 43 47 43 27 50 38 49 43 42 0 47 41 50 55 44 31 47 40 33 47 36 42 32 36 47 43 48 54 42 61 44 43 45 47 26 43 44 34 52 37 38 45 51 37 42 32 54 45 37 35 39 43 36 42 43 39 42 46 48 35 40 35 46 44 48 46 47 32 48 53 39 50 48 21 41 42 41 39 44 51 58 39 39 55 49 43 33 33 40 18 36 35 40 47 53 41 41 45 50 36 45 43 42 45 58 31 46 38 51 46 38 44 46 47 37 56 40 41 38 40 44 44 46 33 38 41 40 55 50 49 47 34 36 36 40 49 38 30 45 48 42 45 37 46 50 36 42 39 46 54 40 38 31 48 52 42 47 42 41 38 49 47 49 34 39 48 45 36 46 46 29 43 54 37 53 47 39 43 42 51 48 35 29 36 57 54 40 42 48 46 40 48 40 45 13 14 39 27 52 38 47 45 21 53 49 55 40 50 44 60 37 56 38 39 53 47 36 33 51 50 46 54 41 41 47 54 55 32 36 38 42 38 37 41 41 30 44 44 40 29 42 45 43 38 49 47 52 40 39 36 53 37 43 41 43 55 45 54 45 34 37 31 23 40 40 66 41 55 50 38 41 43 34 40 43 43 59 38 49 53 43 53 46 43 40 39 57 47 46 46 42 40 38 37 41 46 53 42 44 36 42 40 28 56 32 40 43 50 47 49 43 36 32 40 44 39 39 51 45 47 39 47 40 41 50 41 32 46 45 41 25 54 60 47 46 45 41 29 40 41 53 41 45 46 44 41 47 41 35 35 42 54 33 44 41 37 33 
23 28 23 32 22 30 29 28 28 23 31 34 15 26 17 22 25 26 18 29 20 28 28 31 31 30 28 26 27 29 32 33 30 13 25 30 29 22 27 27 26 40 33 32 37 27 23 29 32 18 30 29 29 25 30 30 35 32 25 24 29 14 19 23 26 35 25 23 21 15 22 25 41 27 30 19 27 28 37 21 24 25 31 36 14 33 29 10 19 25 15 32 29 16 48 17 29 22 26 23 23 25 36 30 31 27 17 31 28 21 37 20 21 34 34 4 17 35 21 13 28 24 21 22 21 23 32 25 32 29 23 19 23 26 31 31 24 23 24 18 28 34 24 26 28 31 36 30 33 22 31 26 26 0 22 26 44 27 19 37 26 14 15 28 1 21 22 25 22 29 29 26 37 32 20 27 28 24 26 22 18 24 27 25 30 36 25 17 20 33 31 22 31 27 24 24 30 26 26 29 22 26 23 24 23 26 32 35 13 28 37 37 20 18 34 27 35 20 21 13 25 35 32 30 26 32 33 33 19 21 21 26 26 24 23 31 23 43 25 28 31 15 23 31 26 20 19 40 27 18 26 42 26 19 39 22 25 28 19 28 27 26 29 29 30 27 21 29 27 29 37 35 21 31 25 22 24 30 27 19 26 31 35 31 31 33 25 21 22 23 31 24 36 24 19 31 35 33 28 24 30 33 20 31 34 27 25 17 38 24 33 18 32 25 30 37 27 39 14 30 10 26 31 33 17 18 26 33 34 13 28 23 34 33 22 24 28 27 22 25 23 34 22 9 32 28 28 36 34 28 28 35 36 14 27 19 16 41 16 29 24 35 33 13 41 30 24 31 25 24 16 28 26 27 35 16 25 18 21 16 24 28 32 26 12 30 26 27 36 26 32 30 32 34 26 10 29 28 20 20 17 35 20 18 19 26 27 22 54 35 33 19 26 30 24 33 18 17 30 22 23 38 30 19 35 38 15 27 27 38 33 32 18 31 31 30 25 20 30 32 21 23 24 32 24 29 38 35 28 20 28 28 30 15 24 23 19 31 24 34 29 24 39 31 34 16 17 25 16 18 20 23 17 31 39 35 6 24 27 29 17 5 12 39 16 23 24 28 23 23 29 31 35 9 23 25 32 23 20 21 
29 33 29 15 24 26 29 25 27 28 29 23 21 31 33 28 36 14 19 31 26 23 24 35 29 18 34 29 34 26 37 37 29 20 21 34 20 28 24 16 25 32 25 34 25 24 30 19 27 24 31 24 27 28 34 25 23 19 28 30 35 20 21 21 21 39 13 25 9 11 17 14 33 33 21 18 27 20 43 26 27 33 29 36 10 39 25 16 28 27 24 20 14 22 33 23 31 32 32 3 28 30 34 36 26 32 29 32 20 8 34 21 26 35 36 26 23 32 27 19 23 18 32 2 16 10 26 13 26 25 25 6 26 23 23 13 16 10 2 24 17 34 30 21 26 14 36 29 23 28 28 20 13 29 0 29 37 24 25 29 22 23 21 15 30 27 18 30 22 35 32 18 43 29 18 28 34 30 28 28 24 11 19 23 32 36 24 30 17 28 30 28 28 16 16 21 22 16 24 27 25 32 24 19 22 29 33 25 19 21 29 26 34 16 30 26 33 22 23 32 30 29 32 17 13 24 35 29 24 18 20 21 31 23 22 31 24 34 23 22 26 32 10 32 17 20 7 38 21 33 24 36 21 38 34 24 32 16 22 22 31 26 24 18 17 25 30 28 20 30 24 23 8 27 9 24 23 22 33 22 20 25 33 32 26 35 23 34 18 31 30 24 35 12 24 16 33 29 22 25 17 31 25 29 28 25 13 23 35 25 31 23 28 19 29 24 26 34 26 30 16 32 28 36 18 21 17 42 27 19 20 29 22 25 25 25 19 26 27 21 31 30 28 31 19 24 26 30 31 8 32 23 45 20 33 25 21 36 22 34 14 36 29 19 29 17 15 19 31 30 22 18 27 19 29 22 23 24 19 3 30 28 23 14 18 27 15 28 23 28 31 28 31 29 32 16 9 28 14 26 20 37 16 26 28 13 28 18 34 30 31 25 35 30 19 30 24 19 24 25 17 39 31 22 30 27 34 30 7 31 38 28 24 33 21 19 22 23 27 36 19 21 27 23 26 34 40 26 11 25 30 27 23 30 21 21 18 21 24 36 24 24 32 22 26 22 19 31 22 14 22 23 20 19 37 41 35 24 23 18 26 11 18 35 22 13 27 25 19 24 17 28 36 15 25 31 35 22 19 1 
27 30 23 22 22 32 28 31 31 33 36 31 31 26 32 29 42 31 18 18 18 27 32 34 33 36 26 28 34 20 34 41 34 30 26 38 29 35 17 30 30 38 25 27 35 17 35 39 37 25 21 31 32 37 41 33 26 28 33 39 32 27 26 26 18 22 31 29 27 21 14 22 33 34 20 17 20 30 41 12 27 24 22 38 20 38 33 25 23 32 22 24 9 30 40 20 29 25 35 22 29 37 38 36 25 33 22 31 15 33 37 24 31 35 29 24 15 25 24 16 30 32 31 29 23 39 33 31 23 22 29 16 28 16 29 37 22 20 30 25 25 34 40 28 25 21 35 33 32 33 21 24 40 24 29 0 44 19 10 29 32 21 31 30 21 28 28 29 21 38 32 24 43 23 20 28 35 27 20 33 9 21 19 27 27 36 29 30 10 35 23 25 36 21 27 14 21 34 28 30 27 41 14 29 29 36 23 33 29 28 29 28 35 21 13 39 26 27 24 31 16 24 28 38 33 19 34 25 22 22 32 27 30 9 31 31 31 44 27 24 15 39 30 28 28 20 25 37 14 24 6 31 29 29 35 28 29 26 39 35 18 33 25 36 22 30 28 40 29 29 38 33 18 27 28 19 26 22 28 19 27 39 36 31 15 34 28 35 26 30 34 24 34 30 21 34 37 29 19 24 35 25 30 34 35 29 23 32 34 17 36 28 35 26 32 33 33 40 34 30 13 41 30 23 33 19 30 15 32 17 26 26 26 20 32 25 30 39 26 31 22 35 20 29 35 33 33 37 33 26 41 29 40 14 38 22 20 47 27 31 28 29 39 29 36 31 26 25 35 33 29 32 17 27 38 26 41 18 24 32 34 28 27 29 25 31 23 30 33 32 34 32 24 31 33 26 27 28 40 25 37 26 26 25 26 22 27 30 52 33 30 25 33 32 33 23 24 23 21 42 26 38 31 24 37 37 33 28 25 33 24 25 29 31 25 29 15 18 26 43 24 26 21 22 8 33 33 30 18 20 34 31 31 32 14 15 31 34 28 17 19 23 39 33 25 32 21 34 19 24 26 23 22 23 42 39 26 24 35 19 24 21 23 30 19 34 29 35 31 26 21 24 34 25 35 28 29 29 25 28 
41 31 41 42 32 36 32 43 43 36 46 47 41 26 44 27 49 40 33 35 32 30 38 33 52 44 40 7 37 41 35 43 45 41 17 40 39 44 32 42 41 48 33 32 43 34 42 49 48 23 45 45 41 53 42 43 36 38 43 50 43 38 39 37 32 34 39 29 34 25 28 40 47 32 30 34 33 40 55 39 40 25 13 42 24 42 39 16 25 25 15 44 19 21 53 33 46 40 32 23 23 37 42 36 46 42 31 45 25 41 47 30 43 42 54 30 39 42 34 37 34 32 24 22 38 43 41 29 34 36 29 26 37 31 46 33 35 30 35 38 34 35 42 33 35 41 39 43 42 29 36 40 33 42 33 43 0 29 34 26 32 31 41 45 41 37 32 43 25 36 48 37 40 39 34 24 44 32 32 43 42 31 27 25 36 37 42 38 30 37 39 38 45 36 32 29 42 36 37 40 34 52 38 39 29 42 47 41 39 34 37 50 41 32 25 49 40 32 45 37 41 34 35 50 45 29 46 35 37 36 38 18 46 29 40 36 29 49 47 38 16 46 43 43 32 41 38 45 34 42 26 41 39 49 45 28 31 37 50 28 39 26 40 32 34 34 21 46 33 44 42 36 28 28 29 34 34 30 43 33 30 39 42 38 35 39 39 49 32 49 45 37 44 28 30 35 35 36 40 40 37 45 43 49 35 42 34 43 35 37 38 24 42 34 38 44 33 49 40 35 34 52 50 40 31 25 32 53 40 28 38 43 46 30 46 26 28 46 44 35 23 37 39 35 47 43 35 37 37 28 38 37 50 40 48 27 34 46 41 32 32 44 47 39 46 42 30 35 30 43 40 40 27 36 39 31 56 32 37 36 45 28 45 30 38 30 40 36 43 32 35 47 45 41 42 36 29 29 46 40 49 41 30 34 19 41 41 41 54 30 40 25 48 36 38 36 34 23 32 54 32 53 32 31 49 42 35 28 27 50 49 45 38 41 37 39 30 20 27 44 35 37 24 32 28 47 45 40 38 45 25 20 42 39 30 34 41 39 42 37 29 27 41 41 40 36 35 32 40 28 26 36 29 43 50 54 42 25 43 29 17 31 33 56 37 39 35 45 39 32 41 31 45 35 42 39 32 29 33 21 
31 32 37 34 33 34 28 26 28 32 32 35 30 14 38 21 39 35 20 24 33 24 32 21 33 19 38 23 34 28 36 43 34 32 15 38 30 36 19 29 30 44 20 29 33 32 31 40 41 20 37 38 37 40 43 35 37 29 30 49 32 28 27 22 13 25 36 21 23 19 9 30 40 29 35 32 22 28 45 26 34 26 24 29 18 40 32 21 18 26 23 35 24 27 51 20 39 27 33 24 11 29 40 17 27 28 24 33 30 29 32 19 30 42 42 23 31 38 25 28 33 21 30 30 30 40 35 27 26 17 18 26 30 18 24 35 28 30 28 26 28 25 30 31 21 31 37 34 27 35 23 31 37 30 30 30 44 0 26 24 30 22 30 34 31 29 26 38 23 26 20 30 37 37 21 21 27 31 21 29 32 19 14 31 28 27 28 30 25 35 27 23 32 23 26 16 25 31 27 30 35 36 30 37 21 39 39 28 28 29 24 38 33 30 16 37 30 15 24 30 29 25 31 44 34 20 32 6 28 28 31 16 35 24 26 32 29 41 32 26 27 37 31 24 31 20 30 41 28 33 21 28 31 34 33 20 24 28 40 29 26 15 27 29 25 21 22 39 31 23 34 26 16 26 33 25 27 17 37 25 28 28 36 25 29 29 30 41 26 34 43 18 28 26 23 33 34 37 32 30 28 40 29 36 23 36 25 27 33 31 34 24 33 28 30 44 25 40 26 31 25 51 39 36 32 22 25 45 30 22 21 31 37 21 27 19 26 48 31 29 24 30 26 28 38 28 40 25 41 22 39 24 41 28 40 27 26 43 22 33 26 31 29 28 41 30 29 26 36 39 30 31 21 32 27 28 43 24 29 33 37 15 38 28 27 13 31 26 43 24 23 24 37 18 33 25 23 19 38 30 38 39 24 26 20 32 33 18 48 28 11 6 35 23 32 25 28 28 32 43 25 32 25 32 44 35 32 16 32 44 37 28 31 26 28 27 17 18 25 33 29 31 18 37 22 37 46 41 30 34 26 36 36 32 18 24 29 27 29 32 34 25 38 34 27 29 22 38 31 22 18 17 30 34 34 48 31 18 23 29 25 31 25 44 25 34 23 33 19 29 32 26 32 24 33 37 26 21 22 29 
18 28 26 13 18 22 19 21 26 24 30 28 24 23 29 28 34 21 9 26 8 28 28 30 32 30 23 24 24 17 31 37 25 21 17 37 24 31 8 20 30 29 23 18 34 8 25 29 40 24 11 29 22 27 32 24 35 27 23 34 35 24 17 23 27 34 25 28 26 22 28 19 29 28 29 7 11 27 32 15 30 22 13 29 21 29 25 16 25 23 13 24 19 22 40 23 31 16 25 13 20 28 29 34 15 26 13 22 25 28 28 22 22 35 29 14 5 32 23 23 26 24 24 20 21 30 24 25 26 26 21 22 19 7 19 31 13 26 22 28 22 31 33 24 16 12 26 34 22 29 12 14 31 27 20 19 41 29 0 26 30 12 24 25 11 31 27 19 12 28 23 14 40 13 22 24 26 17 23 24 23 27 17 23 25 33 20 27 1 26 14 32 33 12 17 5 11 24 19 22 20 36 4 34 29 28 13 28 23 28 27 31 34 28 25 31 17 18 31 22 19 22 22 37 23 18 24 35 17 22 24 18 22 16 26 22 22 42 26 15 16 29 20 27 25 17 27 27 19 27 19 29 20 19 26 28 31 17 29 26 15 24 16 28 13 27 19 32 27 20 37 27 24 28 18 18 27 20 18 19 18 31 28 22 28 37 19 33 27 20 30 21 32 24 17 25 33 31 22 27 25 16 21 25 32 29 14 27 35 25 32 19 25 17 23 24 33 31 24 21 20 36 20 30 26 15 30 34 29 20 16 18 26 19 30 18 27 30 23 29 20 37 10 19 26 23 27 32 30 26 36 24 39 17 29 12 18 42 25 23 18 20 31 22 27 27 23 20 31 33 26 22 7 22 32 17 32 21 14 23 26 23 27 20 21 22 20 29 37 32 25 32 27 22 36 19 27 25 30 15 27 24 27 16 17 19 30 28 47 27 35 25 23 23 26 14 23 23 24 32 17 29 28 17 35 34 24 25 25 37 27 15 25 22 25 26 6 20 27 33 21 23 22 30 21 24 33 30 9 23 26 21 29 24 5 20 23 25 30 21 28 14 39 29 16 24 23 24 26 25 26 20 15 23 34 44 16 21 33 23 15 15 14 33 14 25 20 32 29 25 21 15 29 19 33 24 30 29 16 19 
24 31 38 26 19 37 35 36 17 32 20 25 19 30 37 26 32 29 32 33 23 19 34 36 36 33 19 21 34 22 16 20 34 35 24 17 30 35 34 31 30 32 25 32 39 22 19 40 36 22 33 34 30 35 32 31 29 29 30 40 34 27 30 11 29 44 28 31 24 31 25 24 34 26 34 22 35 26 38 28 29 25 27 27 30 40 24 26 27 37 28 27 24 20 43 25 31 34 32 23 27 39 40 25 37 16 26 31 29 18 26 26 30 39 31 23 20 35 28 29 30 27 35 31 29 31 37 26 25 33 25 27 32 33 25 41 30 31 31 34 27 30 28 28 16 25 39 34 28 28 38 29 36 31 29 36 49 34 32 0 34 27 31 32 26 36 31 29 28 35 38 29 14 37 24 31 34 27 34 24 31 32 19 29 38 32 28 32 27 11 36 38 33 26 27 31 35 31 32 27 24 38 28 25 31 28 35 28 29 32 29 28 36 6 36 39 23 22 37 21 18 34 30 35 34 33 35 39 21 24 30 24 31 26 32 20 34 45 30 17 29 31 31 29 34 22 22 51 32 21 25 32 36 34 42 30 33 31 29 32 20 31 35 28 32 15 34 38 31 42 27 31 29 30 30 20 29 22 36 24 31 34 33 37 30 39 13 37 28 38 30 20 32 27 25 32 36 39 21 22 33 38 29 31 36 38 28 29 39 32 34 29 27 30 37 38 32 34 33 19 26 42 27 33 21 20 34 36 25 22 34 29 29 30 27 21 2 37 27 34 29 40 25 28 40 29 34 30 35 18 15 24 44 30 29 22 18 35 32 32 24 33 34 17 40 28 32 32 28 36 29 30 25 29 36 5 33 34 30 24 26 31 38 27 28 34 17 18 43 34 39 39 26 22 27 26 19 24 35 24 27 28 36 31 32 25 25 28 44 31 40 22 34 27 20 40 30 25 23 32 21 51 27 21 33 33 23 26 17 41 26 37 33 20 31 25 32 26 31 26 9 11 22 34 26 28 35 41 22 36 36 31 33 22 29 16 31 36 32 33 34 30 33 21 36 38 25 31 32 34 28 19 19 34 27 43 31 20 33 28 30 30 14 39 18 23 22 29 29 14 32 25 33 25 34 34 30 28 29 30 
37 33 28 31 24 4 29 25 17 33 41 28 32 30 37 37 37 37 29 28 34 35 15 35 41 31 41 33 37 25 37 46 38 40 35 46 31 39 35 22 36 35 26 34 39 25 42 31 45 35 41 21 24 21 47 20 29 30 35 41 37 31 26 37 24 41 36 33 27 25 32 27 15 44 24 28 37 34 42 17 32 27 34 27 24 39 35 23 20 32 22 32 13 33 48 26 34 43 38 17 30 41 51 40 21 37 35 39 19 38 25 23 31 46 34 28 34 42 28 30 32 25 36 29 32 40 31 23 28 28 22 20 39 34 36 40 31 24 32 35 26 39 41 30 25 35 20 36 35 34 35 20 36 29 30 36 43 23 30 30 0 25 32 27 30 38 32 40 36 41 39 33 41 7 25 36 31 35 25 33 35 25 20 32 40 41 29 35 28 40 38 39 29 29 27 32 39 36 36 32 29 42 34 33 33 39 43 34 29 33 30 31 40 35 36 40 42 19 36 39 21 28 32 43 25 23 30 29 29 32 25 34 36 27 27 38 30 44 35 27 31 38 22 35 29 25 30 45 26 29 24 35 35 37 42 32 26 36 29 35 23 33 40 30 31 38 28 33 1 40 23 31 22 31 14 29 25 23 12 24 25 32 38 42 33 43 39 37 31 41 36 29 38 30 26 29 42 40 24 29 22 43 30 37 35 32 33 33 38 19 34 25 34 24 36 34 37 41 20 37 27 43 44 40 26 27 27 44 35 30 25 28 34 24 38 30 31 37 32 35 25 32 34 33 31 21 40 35 38 7 44 30 44 19 45 30 25 48 33 34 19 40 36 30 23 29 27 29 42 36 33 24 34 32 36 33 44 23 16 33 37 32 42 24 29 17 28 41 37 36 36 34 22 31 43 27 8 33 36 34 27 31 30 29 26 25 32 35 33 30 34 29 39 21 31 30 28 27 26 32 28 49 36 26 27 41 29 32 34 43 29 44 34 38 26 33 33 15 30 44 35 37 31 26 26 39 38 43 36 25 38 39 35 34 30 27 32 39 33 30 23 24 42 34 38 36 26 37 21 28 30 28 24 40 47 47 35 29 30 23 24 22 31 35 32 33 32 39 32 37 38 33 36 26 39 30 39 33 26 28 
27 17 27 23 18 22 29 19 33 24 32 30 19 12 36 18 35 22 15 29 18 16 24 19 34 26 26 12 33 27 21 29 31 27 21 26 28 31 18 13 27 26 22 18 30 23 28 22 34 17 31 31 15 36 28 31 25 27 36 38 28 25 25 27 28 29 21 23 17 11 25 22 33 26 21 20 21 25 41 25 26 11 17 28 10 39 25 20 20 11 1 28 15 15 39 22 24 26 18 9 9 26 39 37 30 33 23 26 21 16 34 22 22 25 38 22 25 27 27 23 20 24 25 8 24 18 29 15 28 24 21 14 26 17 31 19 10 18 10 24 16 23 28 29 21 22 36 31 26 17 22 26 19 30 8 29 34 25 20 26 18 0 28 18 27 25 18 28 22 21 38 12 40 25 20 24 14 10 26 23 29 19 16 11 33 25 28 27 16 28 29 21 27 16 10 15 26 22 25 26 28 27 24 27 26 32 33 30 14 24 26 28 37 22 20 31 26 18 31 23 27 30 32 25 16 25 33 31 25 22 24 13 27 15 26 22 18 39 31 25 20 32 13 31 17 25 15 42 20 28 12 37 27 39 31 25 26 23 30 14 25 12 26 21 20 20 7 25 19 26 30 24 16 23 11 24 20 19 28 27 26 31 28 26 21 25 29 33 18 35 23 26 37 14 5 21 21 19 28 27 19 31 21 27 21 31 20 18 30 22 24 13 28 25 29 32 30 28 29 21 20 40 36 25 20 11 22 43 28 14 14 33 30 26 33 20 19 32 23 21 9 32 30 27 22 27 20 23 34 14 24 26 30 27 33 5 21 31 29 18 18 30 33 22 33 20 23 18 24 29 27 15 13 16 25 22 31 26 7 11 30 14 31 16 25 16 23 23 31 29 21 26 29 27 30 23 15 17 22 24 28 27 16 4 5 16 26 23 40 22 36 29 29 22 22 24 19 20 26 33 18 35 26 25 35 27 25 14 13 34 35 33 13 29 25 26 16 15 22 32 25 27 10 23 14 33 42 26 19 33 19 14 26 25 20 20 23 25 28 23 24 24 27 17 26 22 21 17 26 14 23 25 23 27 38 40 28 19 27 17 3 19 18 42 22 21 21 32 24 29 25 17 38 22 28 17 18 26 19 7 
31 24 34 26 25 17 29 33 30 29 30 30 14 30 30 15 34 29 22 19 21 27 17 30 43 32 27 26 13 19 28 35 34 29 30 38 23 33 21 23 33 40 23 26 40 21 13 32 42 17 24 33 25 29 43 30 37 34 24 42 29 25 24 26 30 41 28 13 24 22 26 21 28 26 31 20 24 20 44 28 22 22 26 36 21 40 18 29 32 29 26 35 26 15 51 23 34 28 11 21 27 21 32 35 28 26 26 27 32 26 27 22 27 39 31 25 18 20 36 18 27 26 27 20 25 28 29 28 23 26 28 24 32 20 32 31 24 28 16 26 19 31 23 25 29 25 33 37 20 7 25 27 31 21 18 30 29 29 13 26 13 25 0 28 22 15 26 21 25 14 36 26 22 18 18 14 37 20 16 27 27 29 17 28 33 33 29 22 14 34 27 35 30 23 20 18 24 25 26 29 31 31 17 32 26 27 26 31 24 26 27 26 33 21 34 26 30 25 26 31 26 32 27 29 26 31 37 34 29 26 25 25 27 20 27 30 32 40 37 27 27 28 23 26 27 19 22 36 15 32 28 39 26 31 26 25 34 30 36 31 17 28 29 22 26 30 25 33 14 24 36 32 26 28 21 17 22 20 23 17 23 33 34 16 16 36 28 34 11 33 24 23 45 27 19 34 38 33 29 30 26 29 26 36 36 30 27 22 35 18 18 27 35 22 27 37 26 36 33 29 31 44 21 18 16 22 31 29 33 23 28 31 37 28 32 24 25 40 23 29 20 36 23 30 32 21 13 27 32 20 38 27 44 25 40 15 18 40 1 25 21 33 32 12 35 22 26 32 24 9 25 25 20 26 20 26 41 16 17 21 37 26 22 29 23 23 22 26 40 29 36 34 24 35 20 31 21 25 32 19 34 32 27 14 23 26 19 30 46 25 34 35 34 31 14 27 23 20 24 35 26 33 30 28 34 27 33 25 25 28 34 17 3 27 28 19 19 27 27 39 24 26 21 31 9 36 35 25 22 31 18 24 29 29 18 15 28 30 26 31 32 26 37 27 29 32 19 10 30 25 23 22 26 18 28 20 27 23 33 20 28 26 25 45 27 31 29 25 31 22 32 28 31 30 28 18 29 22 17 19 
36 39 32 45 31 41 40 44 40 23 40 39 24 37 41 31 49 44 39 42 33 36 32 20 44 37 37 37 37 32 43 46 50 46 35 43 35 35 38 38 47 51 47 43 50 19 37 47 44 27 43 43 40 53 48 49 48 34 44 46 44 27 35 34 40 43 43 36 39 36 36 30 49 36 42 32 40 28 50 34 36 36 43 41 35 50 42 43 40 36 38 35 40 25 51 47 41 46 35 33 34 44 55 45 44 36 42 44 40 41 42 33 21 47 41 32 30 44 48 42 38 41 45 33 35 41 45 40 35 40 39 38 42 37 42 36 35 42 40 40 33 46 33 36 39 44 46 46 31 31 42 39 35 33 42 49 53 49 32 50 37 37 24 0 34 39 34 44 40 38 46 37 46 42 29 38 48 28 39 42 31 43 41 31 43 48 42 39 33 49 34 46 35 32 28 35 40 45 40 39 40 55 36 37 36 48 45 45 43 37 39 40 42 45 42 30 49 36 42 41 28 42 40 47 41 44 31 37 39 26 42 33 26 36 44 40 43 61 38 37 39 48 38 45 38 32 37 56 39 36 37 49 45 44 50 35 46 46 52 39 30 37 46 38 45 38 32 50 30 47 46 47 40 43 35 36 35 44 47 28 39 48 45 40 40 46 36 32 35 48 41 36 49 39 30 35 41 44 31 33 43 48 40 45 46 46 43 46 50 35 42 38 50 38 39 35 23 53 42 39 43 48 45 42 26 34 44 51 43 39 39 39 37 45 41 37 40 48 22 37 34 49 35 37 47 28 37 47 45 36 41 41 55 23 49 23 29 49 25 40 36 44 48 22 43 30 44 43 34 33 29 36 38 34 44 35 49 27 32 44 46 34 46 41 21 36 31 46 55 39 46 51 32 45 44 19 37 40 37 29 50 38 41 38 30 41 36 37 62 15 45 38 48 42 32 44 47 30 33 55 34 56 43 37 49 51 43 39 38 47 36 41 27 50 43 43 36 35 42 29 32 34 35 42 33 42 45 48 41 29 37 32 39 39 37 32 22 45 37 47 48 40 36 35 45 47 30 34 49 39 33 35 35 42 50 44 39 36 42 34 28 38 34 49 38 46 22 49 38 45 47 42 53 42 46 35 43 30 36 32 
22 27 22 31 21 29 29 27 27 22 30 33 14 25 31 21 24 25 17 28 19 27 27 30 30 29 27 25 26 28 31 32 29 31 24 29 28 21 26 26 25 39 32 31 36 26 22 28 31 17 29 33 28 24 29 32 34 31 24 23 28 13 18 22 25 34 24 22 20 14 21 24 40 26 29 18 26 27 36 20 23 24 30 36 13 32 28 9 18 24 14 31 28 15 47 16 28 34 25 22 22 30 35 29 30 26 28 30 27 20 37 23 20 33 33 3 16 34 30 12 32 23 27 21 25 22 31 24 31 28 22 18 29 25 30 30 23 22 23 17 27 33 23 30 27 30 36 29 32 21 30 25 25 23 21 25 43 26 18 36 25 13 14 27 0 20 21 24 26 28 28 25 36 31 19 26 27 23 25 21 17 23 26 24 29 35 24 16 19 32 32 21 30 26 23 23 29 25 25 28 21 25 22 23 22 25 31 37 12 27 36 36 34 17 33 29 34 19 20 12 24 36 32 29 25 31 32 32 18 20 20 25 25 23 22 30 22 42 24 27 30 35 22 30 25 19 18 39 26 17 25 43 28 18 38 21 24 27 18 27 26 25 28 28 29 26 20 28 26 28 36 34 20 30 24 21 23 29 26 18 25 30 34 30 30 32 24 31 21 22 30 23 35 23 18 30 34 32 27 23 32 32 19 30 33 26 24 16 37 32 32 17 31 24 31 36 26 38 13 29 9 25 30 32 16 17 25 32 33 12 27 22 33 32 21 23 27 26 21 24 22 33 21 8 31 27 27 35 40 27 27 34 35 13 26 18 15 40 15 28 24 34 32 12 41 29 23 30 24 23 15 27 25 26 34 25 24 17 20 15 23 27 31 25 11 29 25 26 35 25 31 29 31 33 25 9 28 27 19 19 16 34 19 17 18 25 26 21 53 35 32 18 25 33 23 32 17 16 29 21 26 37 30 18 37 37 14 26 26 37 32 31 17 31 31 29 24 26 29 31 20 22 23 31 23 28 37 34 27 19 27 27 29 14 23 22 21 30 27 33 28 28 38 30 33 25 20 24 15 17 19 22 16 30 38 34 5 23 26 28 16 4 11 38 15 25 29 27 22 22 28 30 34 8 22 24 31 22 22 20 
20 9 28 29 26 38 30 32 29 14 32 32 30 28 31 15 29 21 30 34 24 18 23 22 33 28 37 33 21 25 13 32 33 33 35 29 8 21 29 19 29 44 27 34 38 30 21 28 36 23 34 33 21 42 40 27 35 25 34 37 37 18 22 23 20 34 37 30 29 26 16 29 37 32 34 13 32 19 34 25 7 27 31 32 25 35 26 25 31 27 29 24 31 21 37 27 33 36 27 17 25 38 29 37 26 28 25 35 37 30 33 25 12 32 39 30 21 36 27 25 35 27 35 24 31 35 29 25 31 24 24 31 30 28 25 27 36 34 16 20 32 38 24 33 28 28 38 33 28 29 27 25 35 31 31 34 40 37 23 31 34 28 30 24 32 0 33 18 24 30 25 30 45 33 25 18 35 19 31 12 22 26 21 31 27 40 30 10 24 34 16 34 26 20 19 26 30 35 11 14 31 16 27 21 28 32 36 32 28 30 30 35 33 30 33 21 19 23 33 25 29 24 33 37 22 27 35 35 29 28 26 33 17 29 28 24 30 49 27 28 32 42 19 31 30 27 31 46 24 30 28 29 27 37 35 31 37 29 36 30 25 28 37 26 15 27 23 31 25 37 39 38 23 24 17 27 24 24 17 31 23 34 20 37 32 36 25 22 33 39 32 31 40 25 33 30 41 42 32 24 25 39 11 33 37 23 26 7 31 24 31 27 39 22 28 46 25 44 36 23 22 39 25 34 26 25 32 37 33 16 27 20 26 28 31 20 25 38 13 17 25 40 26 35 28 19 29 19 39 30 27 28 48 27 37 14 26 40 29 10 20 35 38 28 34 21 28 31 30 39 20 21 15 24 33 26 40 31 13 28 34 25 35 26 27 22 29 20 39 35 34 30 23 34 5 25 31 32 39 35 34 38 31 32 21 21 27 28 52 28 29 34 31 33 22 35 8 26 32 39 20 46 35 28 32 35 27 10 29 38 36 38 31 40 27 27 27 31 23 29 21 23 12 36 29 21 43 38 25 27 28 23 30 27 7 23 13 24 30 36 25 26 36 26 27 22 23 26 26 29 29 30 26 35 39 42 30 28 33 33 19 27 22 43 26 33 24 21 29 16 33 33 28 24 36 26 20 21 18 23 
32 29 38 27 30 34 16 30 32 30 28 35 31 24 38 28 36 34 23 19 26 28 27 31 38 38 38 24 38 31 33 41 39 31 31 38 20 34 22 25 35 38 32 30 40 22 39 34 42 24 35 34 27 44 38 36 17 19 38 45 33 31 31 32 36 41 33 21 28 23 33 31 35 33 11 25 25 24 46 27 34 23 27 33 22 38 28 30 31 23 13 29 14 27 44 29 36 30 30 14 21 29 43 33 33 24 24 33 6 28 37 24 28 37 36 23 23 30 15 34 32 26 36 13 26 30 36 22 34 32 23 21 28 21 35 24 22 25 22 30 28 28 40 31 26 24 35 38 38 29 26 31 24 39 20 29 44 24 25 36 30 12 36 30 26 33 0 37 26 33 37 24 37 33 26 33 26 22 16 34 24 26 26 22 32 30 26 30 15 40 28 33 36 18 22 19 33 27 28 31 30 36 29 30 14 34 34 36 26 20 36 38 38 27 32 31 31 29 42 29 31 15 19 37 28 10 41 28 23 27 36 24 33 14 24 28 30 44 32 25 20 36 25 33 29 31 27 36 19 34 11 22 32 43 40 33 37 27 42 26 29 24 30 33 27 25 19 37 31 32 35 29 23 18 20 24 22 29 24 25 29 33 37 34 20 37 33 39 21 42 30 35 25 21 17 27 32 31 30 39 28 30 27 31 33 34 27 30 25 22 36 25 37 29 23 38 30 39 33 27 31 47 37 28 27 23 29 40 33 22 25 32 31 11 40 19 31 37 29 3 21 42 25 25 34 35 32 29 44 19 36 32 31 29 35 17 24 38 37 30 30 34 41 34 34 26 31 28 36 24 22 27 25 20 37 31 38 24 19 23 32 19 32 23 33 27 30 35 38 37 33 37 34 32 34 31 20 22 34 36 40 39 28 16 17 27 38 30 45 34 35 30 29 27 28 28 15 28 32 45 30 41 25 27 40 37 31 26 18 38 39 32 25 35 30 29 20 26 17 37 30 32 22 13 13 36 40 35 23 35 26 26 37 31 19 20 23 32 34 35 24 23 39 24 30 31 27 29 33 26 31 34 25 28 46 35 31 18 35 24 15 26 20 39 24 30 30 35 31 33 26 29 26 30 35 24 30 26 23 12 
29 40 38 33 35 32 35 22 39 25 25 30 33 36 46 33 35 32 29 28 26 26 33 33 22 36 35 36 32 32 44 36 38 38 36 27 37 28 28 28 34 45 38 27 43 28 29 30 45 31 36 36 30 48 43 26 26 36 16 47 33 20 28 36 37 41 31 30 27 29 35 25 43 37 20 25 31 18 43 27 38 35 32 38 28 45 34 31 29 35 25 31 36 29 47 38 36 34 30 27 33 37 11 41 39 32 29 36 40 26 37 27 23 37 44 37 23 36 33 34 35 29 33 32 28 28 35 31 24 38 26 24 35 27 36 37 33 28 34 39 28 43 38 33 34 32 42 38 34 26 32 32 36 39 32 34 48 39 25 42 28 24 19 17 36 34 36 0 32 33 38 26 41 35 24 29 38 30 25 32 24 29 32 26 28 45 21 38 21 27 26 33 37 27 30 25 36 17 37 40 20 47 29 30 36 41 38 32 34 27 41 33 32 35 32 32 35 29 36 32 31 24 38 35 31 38 47 37 30 21 17 22 27 20 19 31 39 35 16 29 33 27 28 39 16 32 25 45 34 28 35 31 22 44 43 35 34 34 36 38 33 36 36 36 33 33 31 25 29 40 47 41 26 26 26 30 20 35 40 33 38 36 46 35 33 46 29 33 27 45 33 36 42 30 29 37 30 31 26 34 34 36 22 35 39 36 31 38 33 35 37 34 43 37 29 42 24 45 38 30 31 49 37 34 32 24 18 43 41 34 24 38 33 20 13 30 18 47 23 39 33 41 28 42 37 30 32 29 37 33 31 35 39 29 44 25 33 39 20 41 21 40 24 31 33 20 29 32 38 28 22 30 32 30 39 21 41 33 22 21 39 27 34 32 29 31 26 41 34 39 28 26 34 40 36 31 34 37 32 30 41 37 34 28 29 29 37 30 59 32 40 38 13 32 22 23 33 30 22 46 24 49 42 27 42 25 34 38 33 44 39 36 22 31 28 17 26 24 25 42 34 27 33 22 28 35 48 23 29 35 35 30 41 25 25 27 24 22 32 30 38 30 44 25 36 40 25 29 37 32 33 35 25 30 28 39 41 35 35 29 27 29 29 45 32 20 34 23 31 37 28 35 10 30 36 33 41 20 21 31 
26 36 31 23 30 34 7 19 35 31 37 27 23 35 40 30 41 22 27 24 23 23 32 28 37 26 36 35 32 27 40 36 37 28 29 33 22 25 30 24 33 40 33 27 33 27 33 27 35 26 33 32 16 32 42 33 28 27 29 38 35 17 27 29 29 46 21 31 17 19 25 22 41 35 22 22 33 15 40 24 31 33 35 38 18 17 33 18 35 28 24 28 22 24 41 25 35 38 34 11 32 34 17 38 34 33 29 33 17 16 37 29 29 37 36 34 20 40 26 21 31 22 33 10 24 18 34 21 30 33 31 14 34 29 26 21 24 18 10 26 25 39 32 29 31 22 14 37 29 30 34 28 21 32 8 33 45 32 22 37 30 23 23 23 33 29 26 34 0 34 36 26 45 35 26 35 37 32 21 29 21 19 27 29 38 41 30 34 23 35 36 30 36 24 24 27 30 24 32 35 26 27 26 27 30 37 35 33 21 29 37 30 29 24 37 34 35 28 29 32 23 26 10 25 21 21 39 37 32 24 28 29 34 25 30 31 25 42 31 30 31 27 18 37 24 27 15 41 29 31 22 33 29 24 42 30 40 24 26 30 25 34 32 26 25 30 30 36 28 38 32 31 16 29 17 28 27 30 35 27 28 29 41 39 30 25 31 33 26 28 30 31 36 20 28 24 39 37 26 32 25 38 28 32 30 33 21 25 36 32 37 26 36 27 26 32 21 42 34 30 18 40 36 39 25 21 25 45 35 21 28 31 30 22 33 27 26 34 30 28 31 38 25 39 27 30 34 38 39 16 31 31 42 22 41 27 28 36 24 37 22 40 37 21 30 17 22 27 33 32 19 26 22 11 37 29 31 26 19 11 38 30 31 22 20 34 23 35 31 34 15 36 31 37 33 18 17 33 22 28 24 33 24 27 28 21 35 26 42 23 39 27 38 32 19 23 26 25 28 29 21 47 36 29 38 35 34 34 15 33 31 36 26 31 29 27 28 30 28 37 27 29 19 24 24 32 40 34 19 28 35 34 31 31 27 29 26 19 32 30 31 2 40 22 34 30 27 33 24 22 28 30 27 27 45 43 18 29 31 26 26 19 26 42 30 21 30 33 27 31 25 32 37 17 33 33 27 17 27 9 
24 35 32 15 27 37 25 22 32 30 33 30 26 29 35 30 40 32 15 32 30 34 34 28 30 36 35 32 35 23 37 43 31 27 23 35 30 36 14 33 34 35 24 24 40 14 37 38 37 29 33 34 34 28 38 30 33 33 35 42 34 28 23 29 30 33 31 26 19 22 26 23 35 34 36 26 17 33 38 21 27 31 19 35 21 35 31 22 24 27 27 21 25 27 37 24 32 22 37 19 26 30 35 38 32 32 19 28 31 34 34 15 28 41 38 28 27 22 29 32 33 17 30 28 26 36 26 23 26 28 14 24 25 13 33 38 19 28 2 37 25 37 35 31 22 14 32 38 36 33 18 36 29 33 26 21 48 30 22 28 33 26 26 33 33 40 29 37 18 0 29 21 33 35 29 30 23 31 29 30 29 29 18 24 31 39 26 30 7 32 20 41 36 18 31 11 33 36 25 28 30 35 26 35 26 29 35 32 22 34 28 33 38 34 31 36 23 11 40 28 25 28 28 43 32 24 41 35 23 19 24 24 33 6 26 28 24 47 24 21 22 43 36 33 37 23 29 40 21 33 25 35 26 35 32 25 30 23 22 30 21 30 22 36 19 33 30 32 33 26 40 38 26 30 35 24 27 21 29 25 20 24 34 28 33 36 25 39 29 39 29 27 38 22 27 27 34 41 22 33 35 22 27 31 27 26 20 26 37 26 38 25 39 19 29 30 30 37 33 27 29 44 28 20 28 21 30 36 37 26 17 24 23 25 32 28 30 30 29 32 29 35 32 33 32 35 36 38 36 24 42 28 45 23 35 26 24 48 27 29 32 26 34 24 29 35 35 22 36 35 27 35 29 28 40 23 38 27 33 29 32 31 24 22 23 9 22 35 41 29 31 29 33 28 39 21 25 31 40 31 20 35 27 30 28 19 36 31 50 33 32 31 38 29 37 20 25 20 24 25 23 35 34 27 20 40 30 30 23 30 33 37 29 28 39 32 12 19 29 40 27 29 28 37 26 30 42 27 11 29 31 27 39 30 11 22 28 31 37 27 28 20 44 35 22 30 30 36 35 25 23 26 25 20 40 46 35 27 28 26 26 29 20 39 20 31 26 38 24 31 18 21 35 28 36 23 36 26 22 27 
35 34 33 26 23 40 26 23 32 29 28 30 28 33 37 27 39 15 29 33 32 24 32 35 28 14 30 29 18 25 38 43 41 30 33 33 37 34 28 26 37 36 35 36 37 21 19 20 42 29 37 37 28 26 37 35 33 38 29 47 32 26 15 35 28 38 33 36 24 23 32 27 40 34 27 31 31 34 49 22 37 29 29 29 28 36 33 27 24 32 31 33 23 27 49 29 36 34 31 24 30 30 35 33 9 24 23 34 27 35 39 13 27 41 36 19 29 18 14 23 20 22 33 29 31 37 27 28 28 32 19 30 29 27 19 39 20 33 25 39 28 27 37 18 31 36 33 41 22 34 25 26 38 34 27 32 32 33 27 36 39 30 36 16 35 37 21 39 28 24 0 22 38 33 19 28 28 27 30 30 30 33 31 20 34 29 25 31 25 34 33 38 12 23 21 25 5 30 24 27 34 36 31 25 25 39 38 35 23 22 34 33 40 30 37 36 41 16 19 29 23 30 29 35 14 31 18 33 25 27 24 22 32 24 23 28 31 36 22 21 32 44 11 18 23 25 31 21 22 31 32 37 31 14 45 36 29 26 31 35 23 31 35 19 37 30 28 32 21 40 28 21 31 23 24 19 24 29 25 24 21 29 33 42 31 44 36 38 26 14 31 29 46 27 22 34 30 36 26 34 30 32 26 33 32 31 33 27 35 32 38 26 40 20 35 37 38 38 27 27 31 49 27 16 33 18 24 34 25 31 24 34 35 26 38 18 25 41 28 24 27 38 30 24 20 23 37 33 32 27 38 32 45 24 40 22 25 37 28 35 24 40 37 34 31 18 21 27 36 40 28 13 30 24 40 28 40 28 20 30 37 24 36 29 33 25 28 32 40 40 35 33 31 37 40 31 28 21 24 33 31 33 28 30 26 14 37 32 53 30 35 36 19 23 20 34 28 32 28 36 26 49 24 31 41 42 31 35 34 26 31 40 30 42 20 34 26 24 27 33 33 34 27 18 29 34 40 29 33 30 36 31 24 31 29 21 28 34 17 35 33 21 40 23 27 9 10 34 34 26 34 28 29 32 46 48 35 17 31 29 24 28 25 40 29 23 17 40 29 28 30 35 16 30 27 34 35 36 25 28 
40 34 31 39 30 40 19 36 28 32 39 40 23 32 36 25 38 31 32 22 33 23 40 39 46 32 29 32 28 34 38 41 38 37 34 36 33 39 32 33 34 45 29 35 38 34 31 44 41 21 31 38 33 46 35 37 35 37 39 46 39 31 14 29 22 37 30 24 23 28 18 34 50 30 29 30 28 27 48 38 33 28 30 28 27 34 41 30 27 31 27 37 30 24 53 29 39 40 33 28 29 32 38 35 30 35 34 37 24 33 49 12 30 45 42 22 30 42 33 30 35 21 29 27 30 35 23 26 33 12 18 31 40 31 37 36 30 35 27 38 27 38 32 33 16 38 31 38 40 30 36 33 35 32 25 43 52 40 26 33 36 30 23 40 33 38 24 41 21 36 38 0 37 30 8 36 27 25 19 14 35 27 23 18 31 40 35 33 27 44 36 30 38 36 25 29 30 40 37 38 34 31 30 24 24 42 33 34 22 16 33 43 36 24 40 39 39 15 37 27 40 33 22 37 38 28 21 44 19 30 31 20 26 32 33 26 38 40 40 33 33 39 35 24 35 33 24 39 18 32 29 32 35 39 48 23 33 33 40 34 35 32 40 32 27 33 27 39 18 42 34 32 25 27 34 15 25 26 32 23 17 28 44 39 35 34 31 41 34 39 34 37 32 26 25 32 28 39 39 32 37 42 29 42 31 40 30 22 34 37 40 33 45 16 33 41 28 47 32 25 27 48 39 40 25 28 34 43 35 21 31 40 39 29 36 29 35 42 22 27 26 39 28 27 40 37 35 36 42 24 44 30 49 22 43 20 24 44 24 31 25 38 38 21 40 29 33 6 33 32 33 35 20 23 42 32 48 26 31 28 40 28 40 27 20 23 35 36 43 27 36 29 41 22 42 18 25 32 27 28 38 44 33 29 25 35 35 31 50 37 24 39 39 22 31 35 23 23 40 43 25 51 35 31 39 43 29 34 32 46 47 35 26 43 32 35 30 22 26 40 27 29 17 31 28 45 45 43 35 28 29 29 38 29 27 11 31 32 16 34 40 19 47 34 40 35 9 32 33 31 21 36 29 36 38 43 34 28 32 28 23 35 28 49 32 38 38 41 28 32 34 32 36 29 40 32 25 24 26 26 
10 23 36 25 31 32 26 25 28 26 24 19 28 28 31 27 36 20 21 30 24 21 20 34 35 24 25 11 28 8 23 29 31 26 21 35 28 27 20 22 27 32 30 24 33 20 29 33 32 25 30 23 27 32 32 17 29 27 24 28 20 19 27 32 27 30 19 29 15 17 23 10 29 34 25 21 21 21 24 26 34 17 17 35 16 26 21 20 29 23 19 26 14 24 42 25 17 28 27 13 25 28 36 36 27 27 12 34 20 30 30 12 24 27 17 11 22 26 29 27 22 14 28 24 15 32 33 19 11 30 11 14 18 19 29 33 16 18 18 29 13 16 17 20 28 24 33 22 29 23 24 31 35 37 22 27 40 24 19 30 28 26 29 18 25 31 24 31 19 30 35 18 0 26 21 28 39 19 30 32 23 19 24 20 27 18 22 29 13 38 26 27 24 12 22 17 24 17 18 21 21 26 23 27 31 28 32 25 23 29 34 16 23 27 26 32 9 27 29 26 4 29 16 34 28 24 35 25 19 15 21 22 29 12 23 25 20 32 29 26 15 33 25 29 32 8 13 39 18 12 11 36 22 20 32 30 31 22 33 26 6 30 28 32 25 33 25 29 17 32 39 17 16 27 23 20 15 27 31 18 27 21 27 32 19 34 31 35 14 24 32 6 37 18 11 25 22 25 7 33 19 28 23 25 22 24 19 27 34 21 24 15 34 26 25 32 25 34 21 24 24 30 37 24 23 17 22 27 21 22 20 15 28 25 21 7 32 28 25 27 15 30 27 16 34 30 25 35 21 23 33 21 36 27 29 22 18 37 30 24 24 32 29 27 33 23 31 24 33 36 21 24 24 15 26 27 32 31 19 25 26 28 29 20 25 25 11 30 31 34 28 30 12 34 36 24 24 10 27 17 36 14 22 30 23 11 28 18 49 29 27 29 26 29 25 26 28 25 9 41 23 41 13 18 29 30 24 30 27 27 12 28 19 34 30 22 18 24 26 34 30 31 25 26 12 16 21 32 21 33 29 24 19 26 17 19 24 22 29 29 24 21 26 23 28 28 22 26 29 20 28 5 16 25 38 45 30 6 23 14 21 19 14 25 18 29 20 28 19 26 23 24 23 23 30 26 33 23 15 23 
30 28 33 36 17 22 33 23 39 33 36 40 25 32 40 30 37 36 28 32 30 32 38 29 36 39 38 36 30 39 32 43 40 36 31 40 39 32 31 34 36 37 37 39 40 18 35 39 38 28 34 35 36 45 47 40 34 44 35 34 39 24 29 33 30 34 35 26 20 25 26 35 51 37 36 29 30 30 44 31 35 35 27 46 24 38 28 20 25 26 34 39 33 26 43 27 35 39 36 21 29 34 48 40 14 37 36 41 32 40 48 16 31 43 29 21 27 38 41 23 25 18 38 32 27 42 40 24 35 34 15 32 40 30 41 41 36 36 35 28 26 40 34 23 38 28 45 34 40 32 35 13 41 23 35 42 47 39 23 37 36 34 25 39 24 31 26 41 31 39 46 36 34 0 30 33 24 32 29 32 28 36 31 36 33 42 37 35 24 36 37 32 37 34 20 28 32 36 34 25 22 36 27 34 26 41 36 42 23 37 41 39 38 28 39 37 40 12 31 35 35 35 36 40 37 36 23 37 36 31 36 32 36 39 38 34 23 41 30 34 30 38 34 31 35 32 31 48 35 30 36 42 36 42 45 25 31 32 42 29 37 30 39 39 36 37 31 44 29 39 41 26 33 31 31 22 35 34 5 29 34 25 31 41 39 36 35 30 32 41 39 31 46 23 31 30 44 45 37 34 39 39 30 41 28 25 29 27 38 12 43 18 42 33 35 34 30 49 31 33 20 36 43 36 27 33 32 45 30 23 18 21 41 37 32 31 37 48 32 29 33 36 32 26 43 38 37 41 51 35 38 38 56 24 44 31 30 45 26 29 38 40 35 23 39 26 34 23 35 34 26 28 30 25 45 36 48 28 28 35 41 32 42 25 22 10 36 37 49 29 41 45 39 40 36 20 36 34 29 30 40 26 30 31 29 37 37 30 57 35 31 29 39 40 28 37 28 20 34 45 21 48 37 19 36 37 24 34 37 39 24 38 28 42 33 29 29 20 30 49 31 33 34 29 34 32 33 41 32 30 31 40 31 27 28 33 29 41 38 37 26 33 46 31 34 36 31 35 14 28 23 30 17 38 42 45 29 30 29 27 27 15 29 49 33 37 31 35 25 33 36 34 36 19 37 35 42 26 33 31 
32 26 26 31 29 34 11 28 20 24 37 32 19 24 28 17 30 23 25 24 25 15 33 31 38 24 21 24 37 26 30 40 30 29 26 28 35 31 24 25 26 37 34 27 32 26 23 36 33 13 23 30 25 38 27 38 29 34 35 42 33 23 6 21 27 29 22 18 15 20 23 26 44 22 26 24 22 19 42 30 25 20 22 20 19 26 33 22 19 23 19 29 27 18 45 21 31 32 25 20 21 26 30 27 22 33 28 33 21 25 41 4 22 37 38 27 22 34 30 22 29 13 24 19 22 27 31 19 27 26 10 23 34 23 29 28 22 27 19 30 19 32 28 27 26 30 23 30 32 26 28 31 27 33 17 35 46 35 18 32 30 27 24 32 29 32 27 35 13 28 30 24 29 31 0 28 19 17 21 23 27 19 28 10 25 34 27 27 19 36 32 31 30 28 17 21 29 33 29 32 31 27 22 16 18 36 25 36 14 8 38 35 30 16 32 31 35 7 29 32 32 30 14 29 30 25 31 38 11 22 23 12 18 26 25 31 30 32 32 25 25 31 27 16 27 25 16 41 26 34 24 37 36 31 40 17 25 25 32 26 27 24 32 24 19 25 19 31 30 34 26 24 25 19 26 7 26 31 28 15 25 20 36 35 27 28 23 33 27 35 30 29 40 18 17 25 20 31 32 27 31 34 21 36 23 32 22 18 26 29 32 25 37 24 27 41 22 40 31 30 19 44 31 32 22 20 26 37 27 13 23 32 31 26 37 23 27 40 14 28 18 31 27 32 32 29 27 33 37 25 36 32 42 23 37 12 16 36 25 27 17 30 30 22 34 21 25 18 27 33 25 27 12 15 34 24 40 21 23 20 34 20 32 20 21 15 27 28 35 21 28 32 33 32 36 19 26 26 31 24 30 36 25 23 17 27 30 23 51 29 16 31 34 14 23 27 19 23 32 35 17 43 29 29 36 35 34 26 24 41 40 27 25 35 24 27 22 14 18 38 19 21 9 28 20 38 42 35 27 29 23 21 33 32 23 3 23 24 8 26 34 11 39 26 32 31 1 24 25 23 15 28 27 28 37 39 26 22 24 20 15 28 22 44 26 30 30 33 20 24 26 26 31 21 32 24 17 18 27 18 
33 34 33 23 32 34 27 33 21 16 33 34 25 29 42 22 41 30 24 27 26 13 35 36 41 34 32 29 32 33 29 33 23 30 33 30 31 32 24 18 19 34 9 34 41 25 32 39 42 18 29 28 32 39 42 40 28 38 40 45 21 24 27 20 31 41 29 27 25 28 27 33 42 27 34 23 27 20 47 28 35 28 29 34 27 37 18 20 37 28 18 32 31 16 48 9 29 32 28 24 26 27 37 38 33 29 29 37 37 27 39 26 30 37 38 27 23 22 38 23 31 32 19 25 24 33 34 18 26 30 31 29 22 23 35 36 27 33 25 28 33 28 34 29 25 22 28 23 32 24 28 31 36 34 23 35 33 29 29 13 30 17 25 23 24 31 35 35 20 31 34 29 27 37 22 0 31 21 30 32 28 34 3 28 34 30 30 28 27 24 25 32 38 28 21 21 29 39 30 33 32 36 22 29 27 24 31 17 23 30 13 36 34 19 32 39 36 28 31 34 31 33 30 30 33 34 42 26 33 29 26 30 32 26 28 31 32 44 35 27 31 40 30 30 30 33 23 45 16 22 28 29 36 33 31 26 39 26 33 31 31 27 32 8 33 24 24 30 27 35 36 29 31 19 28 21 29 6 29 29 28 34 39 33 18 37 22 41 29 37 34 33 41 17 22 24 38 31 23 16 31 42 30 37 29 37 23 27 35 20 23 27 36 27 31 41 26 42 37 32 20 47 36 27 23 26 28 37 33 23 31 33 34 35 40 31 15 41 28 32 26 39 28 32 39 33 30 40 21 27 28 13 47 24 42 16 30 41 26 35 20 27 23 23 22 22 28 24 25 34 26 20 25 27 25 18 39 28 24 26 29 20 35 19 22 33 30 12 39 30 33 31 37 31 36 20 28 22 28 24 31 36 33 21 22 30 19 32 53 38 27 29 36 28 24 30 28 21 24 36 15 44 37 29 34 27 28 31 26 37 39 33 28 33 27 19 22 32 27 38 18 20 23 35 11 39 40 38 19 30 30 25 40 31 31 17 31 32 30 37 38 22 44 27 32 33 23 27 26 31 24 32 27 31 36 37 20 30 35 34 20 28 27 45 30 32 32 25 33 8 29 31 33 19 31 28 31 22 30 24 
29 21 34 32 31 30 22 31 33 22 29 16 17 23 34 23 36 20 24 25 22 20 28 25 35 15 30 30 25 31 25 36 25 26 7 33 26 29 23 22 33 38 23 22 29 24 26 39 33 24 33 29 31 43 41 33 26 25 30 40 34 26 23 27 22 24 19 19 15 15 18 24 41 33 20 24 23 27 43 23 24 15 3 33 14 32 25 6 15 22 22 26 9 23 42 23 36 31 35 19 20 12 32 26 16 25 17 35 15 30 37 17 20 32 36 26 27 36 24 29 24 19 14 24 22 32 33 19 25 26 16 16 23 22 20 31 22 20 19 34 2 33 26 23 26 31 29 33 23 31 27 27 35 32 22 34 33 19 22 16 26 21 31 35 33 37 22 21 15 38 37 24 30 33 24 14 0 27 22 21 29 21 17 25 26 35 19 13 23 27 25 28 13 26 22 20 12 31 25 28 21 25 26 29 19 31 35 31 12 24 27 19 31 22 15 29 30 24 20 27 27 20 25 37 33 19 25 25 27 20 31 8 25 23 33 26 19 39 29 24 6 30 30 26 19 23 13 28 27 29 20 27 29 39 36 18 21 22 38 25 29 24 31 22 27 25 26 34 27 35 36 28 18 18 28 17 28 20 26 23 20 26 34 37 29 29 29 31 22 21 36 27 34 18 25 25 35 26 30 23 17 38 19 39 29 31 19 16 25 31 28 14 26 26 28 34 23 27 29 25 26 42 34 34 21 10 22 41 32 29 26 37 25 20 34 12 18 46 21 25 13 27 31 31 39 24 32 34 27 29 31 27 40 25 38 22 19 43 31 22 32 34 32 29 36 29 17 25 32 33 27 14 29 26 30 21 45 22 24 25 35 19 29 20 26 30 25 19 33 22 30 34 31 32 22 26 30 27 31 22 36 31 20 24 24 24 26 21 55 20 30 15 28 27 25 26 17 13 31 41 22 44 30 18 35 32 29 25 28 24 35 31 31 31 23 26 21 10 17 34 25 27 27 22 22 35 35 32 28 31 24 28 16 26 24 27 21 27 32 27 19 17 30 31 31 26 25 34 32 18 16 26 16 25 43 44 33 23 26 3 24 21 23 41 27 31 27 21 22 15 23 21 31 25 32 33 35 19 20 23 
24 24 33 33 12 35 34 41 38 33 36 36 26 36 41 32 49 41 26 25 21 23 33 39 44 44 38 36 27 30 28 34 38 37 36 31 34 23 28 25 37 42 40 35 40 28 33 34 43 28 31 29 27 47 42 40 36 33 36 35 18 15 30 34 37 46 41 27 34 26 33 28 47 37 30 20 28 15 38 22 36 31 33 46 25 44 34 21 33 35 25 39 37 26 52 28 30 36 34 23 33 34 43 41 34 36 30 16 39 41 43 30 31 35 39 16 18 46 35 24 28 32 39 32 21 43 41 37 24 39 29 39 36 24 32 42 33 15 31 29 31 41 35 26 27 32 41 41 35 33 32 27 33 24 33 39 46 36 20 45 37 25 26 20 25 32 33 32 28 39 43 27 48 33 28 37 39 0 22 29 19 37 36 28 35 43 37 35 21 31 34 33 42 30 30 25 31 37 32 20 34 37 24 25 34 38 33 41 24 26 36 38 29 29 38 40 37 31 32 37 26 21 37 34 28 38 43 23 29 24 33 26 35 34 35 39 34 54 38 24 36 39 25 43 26 27 35 42 31 34 36 28 38 39 45 33 37 34 43 38 28 36 36 33 33 30 31 37 35 37 44 42 40 36 23 34 28 39 38 29 38 36 26 39 30 44 36 42 27 34 13 31 37 37 30 43 38 39 20 34 31 36 31 32 37 38 31 28 43 32 37 29 38 37 26 29 21 42 26 38 21 37 40 44 28 21 37 43 44 24 36 34 41 17 33 25 28 42 32 29 29 37 23 21 34 36 31 44 43 38 29 37 37 24 39 25 28 36 27 25 31 40 36 24 30 17 35 33 35 35 17 27 27 33 39 31 39 28 19 36 36 32 41 38 23 33 29 38 46 37 40 38 34 33 37 21 39 35 32 30 41 36 31 29 29 28 37 25 59 34 44 30 35 40 19 31 29 28 22 46 21 46 38 31 35 43 36 38 37 46 34 35 29 39 36 35 26 28 35 40 32 34 34 32 34 27 43 44 29 30 32 34 38 39 25 31 32 42 36 35 40 29 47 22 36 37 29 36 27 29 31 30 29 38 49 46 30 31 30 32 27 16 24 40 28 39 29 41 26 34 38 32 32 20 33 7 42 17 29 31 
37 37 40 39 35 37 33 31 37 25 34 34 32 32 40 29 40 25 25 3 25 30 34 31 31 29 35 40 41 33 40 31 40 31 32 36 31 32 24 27 36 40 38 34 36 30 38 30 38 25 28 28 34 42 44 20 34 30 38 40 42 29 32 36 32 42 24 28 20 22 28 25 42 34 37 24 27 30 51 31 40 31 28 34 21 42 36 19 16 31 29 31 33 33 47 31 28 32 38 28 29 36 45 39 32 43 29 36 35 19 44 24 23 46 33 27 22 42 33 30 27 26 39 29 20 21 37 24 35 36 23 17 35 23 34 38 26 21 29 35 28 43 41 25 27 36 40 38 34 39 28 31 38 23 27 28 48 27 30 41 33 29 32 26 24 38 29 36 28 41 47 28 42 40 29 29 32 30 0 35 29 22 32 27 37 45 28 37 27 41 36 39 37 27 27 21 28 39 35 38 35 43 21 30 32 42 28 36 30 25 41 37 43 33 40 32 42 20 34 36 35 22 36 28 24 34 41 33 28 29 24 9 28 26 26 38 32 40 25 31 31 38 21 43 33 31 18 20 38 41 34 29 16 36 42 31 22 27 41 34 31 32 32 29 28 26 27 32 31 36 44 34 19 19 30 35 6 35 28 32 37 33 44 38 37 42 35 34 29 37 37 35 43 23 34 30 37 40 31 30 24 42 22 39 36 36 24 34 26 35 42 27 38 36 17 35 34 33 37 37 27 42 37 40 26 30 23 24 38 30 26 31 33 29 36 35 35 50 24 32 29 28 9 32 30 30 30 38 42 34 38 34 41 31 43 25 32 43 31 38 25 36 40 30 28 24 33 30 42 41 31 29 24 30 39 33 34 31 26 14 40 20 33 25 29 18 26 41 34 35 35 33 34 33 38 27 35 37 25 30 40 30 27 33 25 24 33 29 60 26 38 28 22 28 26 30 19 26 33 45 28 45 42 32 34 38 34 34 33 42 28 30 35 38 32 30 22 11 18 38 34 36 30 31 36 43 37 32 35 36 33 34 34 38 31 32 24 39 34 26 38 28 45 29 32 28 29 37 33 25 29 34 30 29 49 51 29 35 34 29 30 22 28 46 28 24 33 36 30 37 28 31 19 26 36 37 36 32 7 28 
26 34 38 26 26 29 27 31 32 27 33 36 27 29 36 31 25 26 28 22 33 31 27 35 35 30 36 29 29 29 35 27 26 32 24 36 25 34 27 23 22 43 15 35 28 27 23 32 39 28 36 36 32 45 43 30 34 24 25 32 27 30 22 26 8 43 25 26 21 14 4 27 40 37 30 16 30 23 34 31 39 28 32 36 13 37 28 22 19 28 18 32 19 32 48 15 38 35 35 26 26 33 39 38 38 29 29 37 25 21 37 20 25 42 41 28 30 35 20 32 35 29 25 25 28 23 37 24 29 12 26 19 28 26 28 30 27 23 27 34 30 31 36 33 16 25 31 26 31 34 31 22 36 38 25 34 39 29 34 19 25 17 34 28 30 37 21 28 26 37 31 29 33 26 16 31 31 27 19 0 34 14 9 26 36 33 23 34 20 30 22 38 35 27 27 24 36 26 33 34 32 31 29 32 29 29 38 20 22 24 19 39 37 25 37 32 25 23 35 13 35 20 30 30 26 15 33 32 27 30 26 25 30 19 21 12 35 41 29 30 25 35 23 19 33 29 19 39 23 18 16 27 26 39 34 28 25 28 39 24 27 29 35 31 20 29 24 34 14 37 29 26 11 22 28 20 22 12 31 30 31 36 40 39 24 24 28 36 21 43 34 33 30 23 22 30 36 36 29 38 34 35 24 39 35 37 25 22 38 26 26 30 31 30 27 37 29 38 32 11 29 34 31 33 28 28 25 33 30 27 30 26 34 16 22 24 21 28 26 24 26 42 21 33 32 32 37 22 38 20 34 16 36 33 44 22 29 43 17 35 23 39 26 32 36 25 31 30 41 41 32 25 28 30 28 24 36 29 24 16 35 23 35 25 31 31 28 35 36 32 37 35 34 22 39 29 21 25 27 32 37 42 19 21 22 26 37 31 46 37 32 31 26 30 24 33 23 23 27 42 29 46 30 29 25 30 15 31 30 43 43 40 30 39 30 22 25 27 30 39 24 26 25 32 17 32 45 36 22 38 31 31 36 15 13 19 24 31 24 35 29 22 44 29 35 21 17 34 35 17 26 32 27 31 38 46 26 23 36 29 20 24 29 44 33 26 29 28 32 31 29 34 31 28 28 28 33 25 17 24 
19 29 14 14 13 23 20 22 27 25 31 22 25 24 23 26 35 22 10 14 9 24 23 29 33 27 24 19 25 11 27 32 26 22 18 34 25 26 9 21 30 30 24 19 35 9 26 30 35 23 12 26 23 28 33 25 32 28 24 30 23 18 17 24 28 30 22 29 18 23 26 13 30 29 30 8 12 24 33 3 18 23 14 30 22 29 24 17 14 23 14 25 20 23 41 24 20 17 26 14 21 29 30 35 16 27 14 23 26 29 29 15 23 26 20 15 6 28 24 24 25 23 25 21 18 31 25 22 14 27 20 23 20 8 20 32 14 27 21 22 16 25 34 23 17 13 27 25 23 24 13 15 32 15 21 20 42 30 1 27 30 13 25 21 12 25 28 20 13 29 24 15 40 14 11 25 27 18 11 25 0 28 18 21 26 27 21 21 2 27 15 22 27 13 18 6 12 25 20 21 21 35 5 27 29 27 14 28 24 19 28 19 26 27 21 32 18 18 32 23 7 23 19 29 24 19 25 28 18 18 25 19 23 15 27 23 23 38 27 16 17 30 21 26 26 11 16 28 12 15 20 30 21 20 27 28 20 18 30 26 9 25 17 29 14 28 19 33 20 21 36 26 25 29 19 17 17 21 19 10 19 30 27 23 22 38 20 34 17 21 31 15 33 21 12 26 31 20 10 15 26 17 22 26 31 30 15 28 36 24 27 20 26 18 24 25 30 32 25 22 21 32 21 26 27 16 21 30 30 21 17 18 27 20 24 16 23 31 24 30 21 26 11 20 27 24 28 30 24 22 32 24 37 5 30 13 11 38 26 24 19 21 32 23 28 26 24 21 32 34 20 23 8 18 29 18 33 9 15 24 25 24 28 21 22 23 14 30 38 32 26 33 15 23 30 20 23 19 31 16 28 17 28 17 18 20 18 21 48 24 27 26 24 24 27 15 24 24 12 33 18 30 22 18 32 33 25 21 26 30 15 16 20 23 26 25 7 9 28 34 22 24 19 29 15 25 24 31 10 11 27 22 22 25 6 13 24 26 19 16 29 15 30 24 17 25 12 25 27 26 26 14 16 24 35 45 17 15 26 17 16 16 15 21 15 26 21 31 22 26 22 16 30 20 34 25 27 26 17 20 
35 34 37 41 36 33 30 41 35 27 38 28 29 30 39 26 41 36 23 36 26 17 20 33 39 25 29 35 39 31 38 37 40 35 30 34 34 34 22 19 36 36 38 32 34 32 36 28 36 22 29 27 21 45 40 38 30 33 36 34 24 26 31 36 31 39 35 31 31 28 27 22 41 31 24 25 25 9 47 29 31 28 26 32 27 40 14 24 30 29 28 38 30 20 54 31 29 30 32 18 27 28 43 42 33 34 27 27 36 37 30 28 25 46 35 31 23 41 36 27 26 30 37 31 19 39 26 33 15 35 27 34 33 21 30 40 33 30 31 32 25 27 38 24 25 37 37 40 32 28 26 32 27 28 29 33 40 25 31 39 34 30 29 24 29 35 30 37 26 35 34 32 50 41 27 35 42 30 33 23 30 0 32 23 38 29 31 29 32 30 22 36 23 24 30 19 29 37 29 32 28 40 22 36 31 40 31 35 27 23 42 31 23 31 30 18 40 30 30 36 33 30 33 28 22 32 42 29 26 18 29 25 30 31 30 35 30 43 33 29 29 40 19 37 20 31 29 43 35 34 32 37 34 37 36 30 35 31 27 32 29 30 30 27 38 24 25 21 29 34 40 28 34 17 17 28 30 35 39 26 34 37 38 36 24 41 33 36 18 38 24 35 41 32 28 39 33 42 26 37 25 33 32 26 39 39 28 31 24 26 28 26 36 33 20 44 15 36 39 34 24 36 38 39 31 15 32 48 32 27 36 37 40 28 33 27 22 40 26 33 26 40 28 36 28 32 29 38 40 24 32 31 44 28 41 25 27 30 30 34 24 34 39 27 24 11 32 38 29 37 28 21 25 27 30 23 33 25 13 32 38 18 35 34 26 28 23 38 43 34 24 22 27 31 36 24 25 21 43 21 39 31 33 25 23 21 40 31 50 28 36 31 37 26 13 28 32 25 13 44 15 43 33 25 33 16 30 32 36 40 41 33 32 36 31 8 20 27 16 25 34 31 28 26 34 39 39 38 37 24 26 21 32 31 31 28 10 28 35 35 36 25 32 16 30 31 28 31 30 31 28 34 23 32 47 41 34 26 33 26 30 31 26 46 28 34 31 14 32 37 35 29 41 23 27 36 34 11 30 30 
33 31 39 20 29 36 24 30 23 31 30 35 28 26 45 26 38 27 21 37 27 27 33 33 39 31 29 26 29 30 26 30 20 27 30 27 29 32 21 15 16 38 6 31 44 23 29 36 40 22 30 29 29 36 39 37 25 35 40 44 18 24 24 17 33 38 26 35 22 25 30 32 42 31 31 20 24 32 47 28 34 25 26 31 24 34 32 29 34 25 15 30 29 29 46 6 30 29 32 22 23 24 34 35 34 26 26 34 34 24 36 23 29 34 41 24 24 39 35 33 28 29 16 22 21 32 31 15 24 27 28 28 19 20 32 33 24 32 24 25 30 25 35 26 22 19 25 20 29 31 25 29 33 39 22 32 30 38 29 10 32 14 31 20 21 28 32 32 17 28 34 26 24 39 19 35 28 24 34 30 28 33 0 25 31 27 27 25 24 21 22 30 39 25 24 18 30 36 27 30 32 41 23 34 35 28 32 14 28 27 10 38 36 16 29 38 33 25 32 31 28 30 27 39 30 31 43 23 30 28 23 27 30 23 25 30 29 41 33 24 29 37 27 28 27 30 20 45 14 19 26 26 33 30 28 34 37 23 30 28 28 24 29 33 31 21 21 27 33 32 33 26 30 16 25 19 26 3 37 32 25 31 36 34 15 38 19 40 27 34 36 30 38 14 19 21 35 28 20 30 28 39 28 37 26 35 20 32 44 17 20 24 33 24 36 39 38 39 34 29 30 46 33 37 20 25 29 34 30 22 28 36 32 32 37 31 12 38 26 29 23 36 29 29 36 30 31 37 29 24 25 10 44 30 39 19 28 41 32 32 17 33 20 27 34 31 25 21 38 32 26 17 22 28 22 15 36 34 21 25 26 17 33 16 28 30 27 26 36 38 30 28 35 28 33 26 25 19 25 30 28 38 30 18 19 28 33 34 50 35 35 32 33 25 30 27 28 29 22 33 24 41 35 29 35 29 33 28 23 47 36 34 27 30 24 33 19 29 36 35 15 17 21 32 8 37 37 36 16 36 33 28 40 28 28 15 30 34 27 34 35 19 41 27 29 30 20 31 29 28 32 29 27 29 33 43 17 30 34 31 17 25 24 42 27 29 29 36 35 22 27 28 30 29 28 31 29 34 27 21 
27 30 16 22 19 28 22 18 30 29 35 22 31 25 30 7 37 31 18 29 25 29 34 24 39 34 34 28 27 26 34 33 40 30 25 32 31 29 17 31 36 35 32 27 37 17 33 33 33 14 28 30 31 44 17 33 29 33 33 32 25 22 26 29 17 29 30 23 15 23 23 28 38 23 32 24 20 22 41 24 30 24 21 27 22 32 34 12 9 24 27 33 26 12 49 24 21 25 15 16 22 31 32 32 28 31 22 23 32 31 37 11 27 32 41 21 22 24 29 31 29 13 14 25 22 33 21 19 25 21 10 27 28 16 36 36 19 22 20 36 21 26 30 27 20 21 29 40 24 18 21 30 36 26 23 28 50 36 17 32 24 26 33 27 27 26 30 25 15 18 32 21 29 30 28 25 19 7 26 28 26 23 26 0 30 28 25 32 10 26 23 28 32 21 7 14 28 34 28 27 28 39 21 32 23 36 30 34 29 18 36 25 35 25 27 32 26 7 36 31 28 28 25 31 35 24 35 30 21 30 34 2 32 24 30 31 25 33 33 24 24 32 32 28 28 26 28 43 16 36 25 35 29 36 30 22 15 26 40 27 24 17 25 24 22 19 20 42 25 29 33 27 20 12 30 21 29 29 31 27 15 20 33 27 25 33 28 33 28 28 20 30 36 18 21 25 10 26 24 17 29 25 26 34 23 22 23 30 19 27 22 20 31 14 31 31 27 37 31 30 28 34 35 22 24 24 16 43 31 27 13 27 35 24 30 17 17 39 28 33 22 21 27 26 35 25 17 36 27 24 30 30 44 26 38 2 27 37 34 29 31 28 30 31 36 24 26 18 21 36 24 31 24 13 24 20 41 26 26 26 35 13 34 20 30 5 20 28 44 26 30 36 26 26 28 28 25 20 37 31 38 38 28 28 18 28 20 32 50 19 28 21 34 21 26 23 31 17 23 39 26 38 23 25 36 39 26 27 30 32 36 32 29 31 37 31 15 4 11 31 27 26 23 33 27 33 39 32 18 32 16 11 35 33 14 17 24 14 36 30 24 17 36 29 25 33 29 14 34 26 20 29 23 30 37 47 32 16 24 22 22 23 23 42 23 32 26 37 20 28 30 24 31 27 32 14 29 23 21 24 
26 22 35 35 33 31 23 34 34 27 37 38 32 24 35 24 40 31 25 26 23 28 29 26 43 35 36 33 28 32 26 36 38 34 8 33 30 25 24 33 34 42 24 23 34 25 35 40 47 25 33 31 32 48 42 34 27 29 34 41 20 17 28 28 23 25 30 20 31 16 19 31 42 34 21 22 24 31 40 24 34 16 4 34 15 33 30 7 16 23 23 37 10 31 50 24 32 32 36 20 21 28 33 27 36 33 29 18 16 32 38 29 34 33 41 29 20 37 25 30 25 32 15 26 23 34 38 32 26 27 29 17 35 23 34 32 26 21 26 35 33 34 40 24 27 34 30 34 37 38 28 29 34 31 24 34 40 20 22 17 27 22 32 22 32 38 23 34 16 41 37 28 31 34 25 15 36 31 23 35 21 22 18 27 0 36 33 29 23 28 33 29 44 28 31 21 33 35 30 33 25 43 26 27 20 33 35 32 30 25 28 40 32 23 16 40 31 29 25 28 28 23 26 41 36 20 37 25 28 27 29 9 37 24 31 27 20 40 40 26 7 37 34 34 23 29 29 36 29 33 21 30 30 40 32 19 22 30 27 26 30 25 22 23 28 26 27 37 28 36 44 34 19 19 31 25 29 21 34 24 21 38 39 38 30 30 30 40 23 36 15 28 35 31 26 35 37 27 22 31 33 38 34 41 33 36 27 34 26 32 29 15 33 31 29 35 24 40 34 26 27 43 42 38 22 16 23 44 38 30 29 39 39 19 37 25 19 39 35 26 14 28 25 34 41 36 33 35 28 32 31 28 39 26 39 26 25 44 32 23 33 36 38 30 37 33 21 28 40 34 19 31 29 27 31 22 47 23 28 27 36 20 36 33 29 32 32 27 34 23 31 38 36 33 38 27 33 28 38 32 40 32 21 25 25 33 34 27 56 21 31 16 37 28 29 27 25 14 24 45 24 45 31 22 37 33 30 26 31 32 36 36 34 32 28 30 22 11 18 35 26 28 28 23 23 32 36 38 31 32 25 35 24 30 27 28 32 35 33 28 20 18 42 34 29 27 26 38 33 19 17 27 20 36 44 45 34 24 32 20 25 22 24 42 28 36 28 36 28 23 34 28 34 26 36 9 36 20 24 25 
33 36 41 28 37 38 34 20 40 33 34 30 39 36 43 31 46 37 24 23 27 36 23 43 31 28 40 38 43 32 33 42 32 19 32 36 10 37 23 30 28 44 38 33 41 23 38 39 50 29 30 43 32 46 42 39 39 9 36 37 32 29 28 36 31 42 36 27 32 23 27 24 43 38 41 26 26 28 47 30 34 35 28 38 22 35 37 31 31 35 30 22 31 37 38 36 30 31 29 27 33 35 44 44 34 37 28 30 36 39 33 26 31 46 26 33 24 38 27 38 42 34 39 30 35 41 37 29 34 35 32 37 34 22 33 39 28 41 34 24 27 37 47 40 31 27 37 32 36 43 27 33 41 31 35 34 46 41 31 41 34 29 39 34 30 27 30 35 27 32 37 30 39 41 30 38 41 32 20 39 30 37 32 25 34 0 33 36 16 41 25 36 26 26 32 20 30 37 34 36 31 43 23 36 27 42 32 26 36 30 42 23 39 35 33 21 32 29 33 37 34 33 37 47 33 33 43 19 31 20 30 27 36 33 32 37 37 51 25 30 31 36 30 40 37 29 30 40 32 39 32 38 35 38 40 26 37 15 40 38 30 36 31 38 28 30 31 38 35 35 41 38 34 23 28 31 26 35 44 30 31 41 14 37 38 37 34 42 30 39 27 33 19 35 32 35 35 46 32 42 1 31 34 39 44 27 12 34 43 39 32 33 40 30 35 39 31 46 35 36 35 39 27 36 34 30 34 44 42 35 15 33 24 31 33 31 39 45 32 33 33 39 29 38 39 37 27 42 45 25 43 22 51 32 43 27 31 49 40 37 27 35 32 37 42 30 35 35 46 46 28 27 26 29 34 26 46 30 24 34 40 24 25 30 36 30 23 44 46 30 40 30 30 37 32 34 21 31 45 34 38 44 28 32 29 20 37 27 46 39 33 40 42 32 32 29 35 21 32 43 16 44 37 28 49 18 39 37 24 46 42 34 40 37 34 27 21 26 35 42 34 34 34 43 31 39 30 28 24 27 32 36 41 36 20 33 13 31 30 30 29 29 34 35 31 22 23 28 41 26 24 32 26 21 49 57 27 30 32 28 32 34 28 34 29 40 30 33 28 40 19 30 39 34 46 21 40 27 27 36 
17 23 26 26 21 28 26 26 21 4 31 27 29 18 35 20 32 11 20 26 14 17 13 12 38 18 30 29 35 15 27 22 31 28 26 19 16 11 19 19 27 36 17 24 34 21 21 28 40 16 24 31 21 39 38 30 26 15 32 27 27 8 21 15 24 24 34 25 27 17 25 22 34 25 24 13 22 9 31 15 24 17 24 22 16 38 26 24 26 17 19 31 21 14 45 17 23 27 17 15 15 28 31 35 27 27 23 25 27 22 23 19 2 28 32 23 11 26 31 27 26 25 27 14 23 30 34 16 25 28 22 28 29 18 23 17 26 24 22 28 25 28 34 28 20 25 35 31 23 22 17 20 25 21 26 24 36 30 13 21 24 18 29 24 22 21 24 25 21 20 27 20 35 26 15 8 32 9 23 23 12 30 11 23 32 30 0 27 14 31 15 34 16 23 9 16 24 28 28 29 21 37 17 18 25 32 26 25 27 23 20 30 23 27 23 11 30 22 23 23 19 23 29 24 22 29 36 25 20 18 23 25 7 21 25 28 30 42 32 20 27 34 19 30 20 20 28 40 24 27 18 24 26 27 32 24 32 24 33 20 21 18 27 16 26 19 13 31 15 28 31 28 27 27 17 21 16 14 31 22 28 32 34 30 24 31 17 13 24 31 22 24 30 15 23 20 33 32 22 24 25 29 1 26 27 35 21 28 38 16 24 27 31 27 20 37 15 36 26 27 24 29 29 24 17 15 25 39 32 20 21 30 33 26 29 18 22 35 3 27 15 30 16 28 28 9 19 28 29 20 17 21 44 17 40 4 23 30 30 24 17 31 29 27 24 11 18 22 23 33 10 17 19 15 26 16 30 21 13 26 35 15 34 17 26 27 19 20 36 28 27 32 13 26 26 24 21 22 36 28 31 29 22 22 11 22 25 18 46 28 31 24 29 23 13 25 29 19 24 36 15 37 25 18 37 34 25 20 19 34 27 28 31 31 24 27 17 21 33 28 13 15 16 26 19 23 36 32 22 17 18 13 32 25 18 18 3 31 23 28 31 23 33 16 21 28 16 16 30 20 22 23 16 30 31 41 27 18 23 26 9 22 25 33 21 27 14 33 19 16 28 19 28 23 18 16 24 11 17 13 
24 13 32 33 33 37 28 30 32 18 33 36 34 27 35 19 33 25 20 31 28 22 27 26 30 32 40 35 25 28 17 36 37 32 25 33 30 25 19 23 33 46 24 29 37 34 25 32 40 20 35 37 25 46 39 31 34 29 24 41 36 22 26 27 17 38 36 30 32 23 13 30 40 29 28 27 22 23 38 26 11 26 21 29 22 38 30 24 31 26 27 28 27 19 41 24 37 27 31 21 24 38 19 41 30 32 24 33 33 34 37 28 16 36 43 28 25 40 29 29 35 30 32 28 35 36 23 29 32 21 27 32 30 18 37 31 33 27 20 24 28 33 28 37 22 32 35 37 36 27 23 29 39 35 29 30 44 37 27 28 33 26 27 25 36 27 30 8 23 34 29 34 42 37 29 22 39 23 28 16 26 23 18 22 17 35 29 0 28 27 20 38 30 23 23 16 34 25 15 18 28 20 31 25 30 36 37 32 32 20 28 39 37 28 33 25 23 27 37 29 30 28 31 41 26 24 39 39 23 29 25 24 21 28 27 28 34 43 24 26 24 35 23 28 24 28 30 45 28 34 25 33 30 40 37 29 37 28 40 29 26 27 27 30 19 21 22 33 29 31 38 33 20 14 21 29 28 21 21 30 27 37 24 33 33 33 29 26 30 43 32 32 38 29 28 34 32 39 33 28 29 36 15 36 36 27 25 11 21 28 35 30 33 26 32 41 29 40 38 27 26 43 33 38 30 26 26 41 37 20 31 24 30 25 21 24 26 42 17 21 24 43 30 33 32 23 33 23 41 34 31 28 45 28 40 18 29 43 26 14 24 31 32 32 38 25 32 35 28 36 24 25 19 28 37 28 43 32 17 29 37 15 38 30 31 26 31 24 42 33 36 34 27 28 9 29 35 27 40 38 38 40 28 30 20 18 31 32 57 32 33 33 21 23 26 25 12 24 30 43 24 40 30 27 36 33 31 14 33 42 38 39 30 33 31 25 17 26 13 33 25 27 16 30 26 25 45 31 29 31 23 18 34 31 11 25 17 28 37 32 29 23 40 30 27 34 30 30 30 26 27 31 25 34 36 46 34 23 37 29 23 28 25 44 25 28 28 11 33 20 32 26 18 28 37 26 24 25 22 27 
17 28 25 12 24 34 18 21 25 23 29 27 23 22 28 29 33 25 8 25 27 29 27 29 32 29 28 25 28 16 30 36 33 20 16 37 23 30 7 26 29 28 22 17 33 7 31 31 39 26 28 33 27 40 31 23 34 26 32 35 34 26 16 22 26 33 24 27 25 24 27 18 28 27 29 23 10 26 31 14 29 24 12 28 23 28 24 15 24 24 20 23 18 24 39 22 30 15 34 12 19 27 28 33 31 25 12 21 24 27 27 21 21 34 31 21 24 37 22 25 27 23 23 21 25 29 23 24 25 26 20 21 18 6 26 32 12 25 21 30 21 30 32 25 15 11 25 33 29 30 11 31 30 26 19 18 46 28 23 25 30 19 23 26 27 33 31 30 11 37 22 14 39 36 22 23 29 28 22 23 22 26 16 26 24 32 19 28 0 25 13 34 32 11 27 4 27 33 18 21 23 37 23 34 28 27 30 27 24 27 26 30 37 30 24 30 16 17 33 21 18 21 21 36 25 17 34 34 16 21 28 17 26 21 30 21 21 41 26 14 15 38 29 26 31 16 26 33 18 26 18 28 19 28 25 27 30 16 36 27 14 23 15 29 12 26 26 36 26 19 36 31 23 27 28 17 28 19 31 18 17 30 27 21 27 36 18 32 28 32 39 20 31 23 20 24 36 34 21 26 32 15 20 24 31 28 13 28 34 29 33 18 38 16 22 23 32 30 26 20 22 37 25 35 25 14 31 33 30 19 16 17 25 18 29 21 27 29 22 28 22 36 29 26 25 28 35 31 29 26 36 23 38 16 28 23 17 41 24 22 25 19 33 21 26 28 29 20 33 32 28 28 26 21 35 16 31 20 26 22 25 24 26 19 20 21 19 28 38 31 24 31 26 21 37 18 27 24 33 28 35 28 29 23 24 18 29 27 48 26 34 24 31 22 30 13 22 22 23 40 16 28 27 20 34 33 23 24 25 37 26 32 26 21 32 25 5 19 26 33 20 22 24 31 20 23 35 29 8 22 29 24 33 23 4 19 22 24 30 20 27 13 40 31 15 23 23 33 28 27 25 19 18 22 33 43 29 20 32 22 22 26 13 32 13 24 19 31 28 24 20 14 30 21 37 33 32 28 15 20 
29 28 35 23 8 31 24 33 33 28 9 32 24 29 37 29 22 23 25 33 28 21 33 31 30 27 33 10 23 21 32 24 23 29 20 35 30 34 24 25 19 33 32 34 34 30 20 29 36 25 33 33 19 40 38 30 32 29 37 29 33 26 19 31 30 33 22 30 18 21 26 23 42 34 33 27 27 28 31 31 37 28 16 16 20 39 26 19 16 28 18 29 22 24 45 29 30 32 34 19 26 35 42 14 32 5 26 20 28 18 43 15 26 28 30 12 27 37 17 25 19 17 27 25 25 20 30 22 24 34 14 16 32 23 32 36 25 20 27 30 25 28 33 17 27 22 28 23 32 32 28 19 34 20 25 33 46 32 22 29 32 34 27 25 21 33 28 36 25 39 36 27 33 35 13 27 23 29 33 28 30 21 26 23 37 30 28 36 23 0 25 34 36 25 25 21 33 38 30 16 30 32 26 29 30 26 35 17 19 21 32 29 36 26 28 35 39 11 32 10 17 33 27 27 23 32 41 38 24 27 24 21 31 25 26 9 28 40 26 6 19 35 20 27 30 21 16 48 29 15 29 29 26 33 31 29 22 25 34 21 19 27 32 28 27 26 24 32 30 36 37 29 18 19 32 20 26 29 33 28 28 24 22 38 32 28 33 37 27 37 31 25 43 21 25 28 33 39 20 24 31 38 25 38 27 34 22 23 28 34 23 27 38 27 37 34 26 43 22 8 22 31 28 35 25 26 23 30 33 25 29 28 31 33 34 21 31 42 27 31 26 35 32 17 29 33 35 19 34 29 40 13 33 26 35 24 24 46 28 29 20 35 23 25 37 27 28 22 33 36 28 27 25 28 25 33 33 30 29 13 31 20 32 23 24 28 24 20 33 33 35 33 25 33 38 22 30 22 24 29 32 27 26 35 22 23 27 28 55 26 29 28 23 27 21 30 24 26 22 37 23 45 27 27 22 32 12 31 28 40 25 37 30 38 27 27 22 19 20 38 29 31 22 23 25 17 34 33 19 32 28 23 32 12 27 16 27 37 21 22 32 24 40 32 32 32 14 35 28 24 27 24 25 28 41 45 26 20 28 26 20 21 20 38 24 23 11 18 24 16 26 31 33 21 31 25 30 30 27 24 
31 35 31 30 24 38 30 33 39 35 16 36 31 35 31 22 29 27 32 20 32 23 40 38 31 26 40 17 30 28 39 31 30 36 27 36 33 34 31 25 26 40 39 27 41 32 27 32 43 28 39 38 26 38 32 37 36 32 41 36 35 26 25 38 32 44 29 14 25 28 33 30 48 34 30 31 34 35 38 29 34 34 23 23 27 43 33 26 23 31 25 36 29 26 52 36 36 39 30 24 32 22 42 21 21 12 33 27 35 25 34 23 33 35 37 28 29 30 24 32 26 27 29 32 32 27 36 29 31 36 25 23 39 30 31 43 25 27 34 37 33 35 40 24 34 29 35 30 34 32 35 26 41 26 32 40 44 39 31 36 36 32 34 28 27 40 33 31 26 33 12 27 44 43 19 34 34 22 17 29 30 28 33 15 37 37 35 23 25 37 0 36 24 31 22 28 17 42 30 32 41 39 32 35 37 33 41 24 26 27 43 36 43 33 35 41 35 22 31 17 24 8 33 34 26 39 30 40 30 30 31 17 37 32 33 16 33 44 25 13 26 40 23 30 26 28 23 33 31 22 36 15 33 26 38 36 29 32 43 28 26 29 39 31 34 33 27 37 33 25 40 33 25 26 16 26 23 36 37 18 30 34 38 21 30 35 39 43 34 26 30 32 48 28 20 35 25 34 27 31 24 39 32 32 37 37 29 30 34 32 30 28 36 29 34 41 33 37 38 15 29 38 35 28 32 30 27 37 37 32 28 35 38 29 41 28 28 49 33 36 32 36 26 33 32 35 32 26 41 36 38 20 40 31 48 17 19 36 31 36 27 42 30 32 30 17 24 33 35 43 28 25 31 28 32 27 39 17 19 20 38 27 39 30 31 20 31 27 40 40 40 38 32 40 32 29 37 29 31 36 43 34 33 36 28 26 34 35 60 33 35 35 22 32 19 37 31 31 29 48 25 34 34 20 29 39 19 37 35 38 32 43 28 28 23 34 29 19 26 45 36 37 28 30 32 24 41 32 26 37 19 26 36 19 29 22 33 29 27 29 39 28 47 22 39 21 20 29 35 31 34 31 36 35 33 47 32 27 32 34 27 28 33 32 31 30 18 34 34 23 33 38 19 28 33 29 36 37 24 31 
31 41 39 26 31 35 32 34 32 37 43 40 36 31 42 38 42 34 22 39 21 34 25 41 39 43 36 37 37 30 44 48 38 34 30 44 37 43 21 32 43 42 36 29 43 21 38 41 51 37 24 40 34 40 40 37 29 40 36 47 37 35 30 26 40 27 38 41 39 35 41 31 36 41 37 20 24 28 45 28 43 35 26 40 34 42 26 29 38 36 26 37 32 35 53 36 41 29 11 26 33 41 42 23 28 39 26 35 38 33 35 27 35 45 42 27 18 45 36 34 34 37 27 33 32 43 37 19 28 39 34 35 32 20 32 28 26 39 35 39 34 39 33 32 29 25 39 44 27 42 25 27 20 40 33 32 40 37 13 39 43 25 36 37 24 42 40 32 25 41 36 27 49 26 35 37 39 30 36 37 36 40 30 36 38 41 33 40 14 39 27 0 45 25 30 18 24 37 32 35 33 47 17 29 42 41 26 41 34 41 39 43 40 21 18 44 30 31 42 34 32 35 35 47 35 31 37 34 30 35 35 31 35 29 37 33 35 40 39 28 29 42 32 40 33 30 40 40 32 39 32 33 33 32 26 41 43 30 40 39 28 37 29 40 26 30 32 43 37 33 42 40 37 36 30 31 35 33 31 32 31 44 41 35 41 25 28 46 19 33 40 32 45 37 30 25 46 39 31 37 38 29 34 38 13 42 27 38 43 38 18 32 38 30 36 37 34 44 37 32 31 49 33 43 38 24 23 47 42 33 29 31 39 32 42 31 35 33 34 41 33 40 23 32 39 28 40 42 40 33 48 37 52 30 37 25 31 45 30 36 29 33 44 34 40 30 31 25 19 36 34 21 20 27 20 30 45 34 26 36 39 33 40 20 33 35 32 33 48 45 38 44 32 35 42 31 34 33 43 28 38 37 17 29 30 32 40 38 59 36 46 38 36 34 32 27 36 36 32 43 30 42 41 30 46 35 36 33 32 47 40 28 38 35 30 27 19 33 35 46 24 26 35 38 34 37 46 43 22 36 39 34 39 36 18 31 36 38 39 34 41 27 47 31 29 37 36 37 37 38 39 33 28 36 42 47 29 34 43 35 28 28 27 46 27 38 33 33 39 29 34 28 37 30 46 37 43 30 29 32 
34 35 21 30 18 32 29 23 34 26 16 29 23 31 30 29 29 30 29 21 29 27 30 34 37 2 25 17 22 18 34 31 30 30 27 39 29 33 29 32 26 40 23 31 39 29 14 36 37 25 33 33 26 42 42 27 33 36 17 35 30 25 10 32 31 33 29 28 19 26 27 20 39 34 32 28 32 31 38 10 25 34 23 23 25 36 31 21 21 30 25 36 28 27 52 25 27 29 26 18 28 35 45 21 30 12 28 27 33 25 40 15 24 33 27 22 26 35 24 24 17 17 27 24 25 27 21 23 21 35 14 23 32 28 7 35 24 27 28 29 23 32 32 15 34 29 35 30 10 22 33 14 35 22 32 35 20 38 22 33 28 31 26 28 23 30 33 36 28 29 39 26 33 35 18 29 23 31 18 27 29 28 31 28 41 34 22 28 22 37 27 33 0 22 9 26 33 18 12 15 31 31 26 34 34 33 35 24 18 26 22 26 33 27 34 33 38 11 7 17 14 34 26 30 30 37 39 35 28 25 18 23 29 21 20 16 32 41 33 13 25 37 27 28 28 18 23 38 14 22 27 36 23 30 38 33 26 31 41 28 16 19 37 33 31 33 26 26 27 38 38 33 25 26 31 19 21 34 32 17 15 24 21 31 25 35 34 35 24 34 26 22 47 22 19 29 38 33 17 22 33 37 23 35 27 38 28 22 37 27 30 27 43 14 32 39 31 42 29 15 21 37 22 33 28 27 24 37 31 24 28 25 38 30 31 23 30 48 25 32 32 33 18 27 36 11 28 26 31 29 39 20 40 12 39 26 18 45 27 29 27 33 25 24 34 33 26 22 34 35 27 1 24 15 32 26 40 16 31 20 36 27 37 24 23 33 21 27 40 37 29 27 22 39 35 21 30 26 31 27 39 24 31 35 28 30 25 21 49 31 34 30 30 32 15 27 23 28 19 44 29 47 29 28 29 34 19 28 29 37 22 31 18 35 25 32 27 16 29 21 30 32 21 21 18 22 31 40 26 18 33 30 29 19 26 15 25 23 26 23 38 29 28 31 24 33 19 25 27 29 31 21 26 33 41 45 28 22 26 24 26 16 24 28 25 30 18 38 22 23 33 34 35 20 29 32 29 33 22 30 
20 17 31 33 30 35 29 27 18 24 26 17 21 31 40 22 27 28 21 31 21 29 16 32 40 32 30 25 30 28 21 34 29 33 33 31 31 23 24 23 25 46 32 30 27 28 25 32 32 18 21 34 25 36 20 39 30 30 30 38 34 15 25 33 28 33 27 33 19 27 24 28 17 27 32 20 23 29 34 20 24 27 29 29 26 39 31 32 31 15 24 32 23 23 45 33 33 36 34 1 28 41 30 37 28 40 26 29 29 29 26 15 22 35 37 10 18 39 34 35 33 17 40 24 26 38 36 23 25 31 14 28 10 19 32 31 30 32 24 37 28 30 30 31 32 32 22 29 35 31 28 27 35 32 30 35 37 23 20 37 37 25 36 28 31 39 26 19 28 38 26 27 48 33 27 28 38 29 28 25 19 33 29 29 37 32 20 27 21 35 31 33 36 0 28 25 31 31 28 31 12 29 24 25 34 16 23 29 16 34 32 20 37 31 32 31 35 26 37 35 24 27 32 40 26 33 23 27 9 24 24 31 21 23 26 34 12 37 34 26 29 42 23 21 28 26 21 47 28 20 20 34 36 29 36 33 37 29 30 18 26 33 32 29 30 34 30 32 33 32 31 31 30 30 21 12 26 32 30 27 30 24 37 34 29 39 35 33 24 31 36 20 37 22 25 29 36 31 27 26 22 20 21 13 27 31 26 20 31 31 28 7 38 29 35 44 33 45 20 33 34 40 30 37 28 8 30 35 35 12 34 35 34 34 27 21 30 38 23 29 25 35 23 15 32 29 36 36 41 30 29 36 50 22 17 24 6 41 37 18 18 37 34 34 36 23 26 29 32 37 17 18 27 33 30 29 20 26 17 33 14 31 28 24 30 34 29 36 37 37 35 33 23 32 36 31 31 24 26 25 28 34 32 29 28 26 29 24 37 32 34 26 32 23 25 26 21 28 29 33 30 41 27 9 40 40 37 27 29 44 32 25 33 34 25 32 26 26 29 22 31 33 29 34 22 26 41 30 29 28 38 33 36 17 23 27 23 28 31 33 18 24 29 28 24 35 28 34 39 30 31 19 7 33 41 48 36 20 28 29 26 29 2 38 6 17 31 38 24 32 31 22 29 33 29 36 37 31 27 23 
31 39 40 40 27 46 41 48 35 40 48 48 32 36 49 36 39 40 28 45 37 37 44 43 49 44 45 42 42 42 43 41 40 46 43 47 46 39 40 39 36 50 45 22 48 41 37 32 49 32 38 41 41 50 46 36 32 46 45 44 44 31 36 38 42 55 39 40 35 33 38 40 56 32 40 27 43 29 45 34 39 33 45 33 32 50 27 27 33 35 25 46 39 30 62 34 44 48 38 33 33 48 50 47 48 44 40 41 35 35 32 30 38 48 51 31 34 38 44 30 40 41 45 32 33 37 45 22 35 45 38 33 46 39 31 43 42 37 34 35 32 40 41 38 26 39 45 40 34 36 44 23 43 39 32 41 58 38 36 49 42 41 29 38 32 38 40 39 41 41 53 43 51 47 30 43 49 30 42 34 35 38 39 35 47 42 44 38 37 46 42 39 43 42 0 37 47 46 38 35 41 43 40 41 40 43 40 34 30 38 46 50 43 35 52 47 30 37 38 27 38 38 44 39 40 39 57 44 26 38 40 30 43 39 42 26 40 52 43 38 45 41 37 44 36 33 33 57 36 32 36 42 32 46 40 39 39 42 45 38 40 10 39 34 44 25 31 48 40 39 42 37 35 36 37 37 22 42 44 36 39 42 41 41 33 45 40 44 38 46 43 37 42 38 38 28 45 52 35 25 43 50 37 44 45 43 39 34 44 35 40 35 37 38 33 51 35 44 41 25 27 46 45 36 34 29 40 47 41 30 46 40 48 40 42 35 38 49 39 43 31 49 39 36 46 35 40 36 47 38 45 30 50 31 54 25 37 46 30 40 37 36 40 30 44 31 34 28 39 38 33 41 37 6 34 36 50 35 33 30 51 36 49 23 29 40 41 21 50 43 40 49 19 32 37 27 39 34 41 37 43 48 38 38 29 32 28 39 64 45 46 36 40 27 33 18 35 34 33 48 35 48 41 38 39 36 29 38 37 46 46 42 32 26 37 28 38 32 36 45 36 38 34 42 38 37 55 50 36 37 34 29 46 29 39 33 39 41 38 25 45 41 51 34 48 44 31 37 33 36 37 36 36 45 48 49 37 34 44 33 27 25 39 52 27 40 43 34 40 40 43 35 44 26 47 37 42 31 23 31 
22 24 21 25 20 30 14 26 21 19 30 23 23 18 27 25 30 21 4 21 23 25 23 25 28 25 24 21 24 12 28 32 29 16 12 33 19 26 3 23 25 33 28 13 29 20 28 27 39 25 24 29 23 36 27 19 30 22 28 37 30 22 12 18 27 29 20 24 21 20 23 14 24 23 25 22 6 22 36 10 25 20 8 24 19 24 30 11 20 22 16 19 14 24 35 25 26 11 32 8 15 32 24 29 30 26 8 17 20 23 23 17 17 35 27 17 20 33 18 21 23 19 19 17 21 25 34 20 21 31 16 21 14 2 22 28 21 25 17 26 17 26 32 21 11 24 21 29 25 28 7 27 28 22 15 14 44 24 24 21 26 15 23 22 23 29 27 26 7 34 33 23 35 33 18 19 25 24 18 19 23 26 22 22 20 28 15 28 13 21 26 30 28 7 23 0 26 29 14 17 19 33 19 32 24 23 26 23 20 23 31 26 33 26 20 26 21 13 29 18 14 18 17 32 21 13 30 30 12 17 27 13 22 17 27 17 19 42 22 10 11 34 25 24 27 12 22 29 19 22 14 25 15 24 21 23 26 12 33 25 10 19 11 25 25 22 22 35 27 15 33 27 23 23 24 19 24 25 34 14 25 26 23 17 23 32 14 28 24 28 35 16 27 19 16 26 32 30 17 22 29 27 16 20 27 24 9 24 30 25 29 14 34 27 18 36 28 34 22 16 18 39 33 31 25 10 27 29 30 19 25 25 21 14 25 17 23 40 18 30 18 32 25 22 27 24 31 27 25 22 32 19 34 12 24 19 13 37 24 18 21 15 29 21 29 24 25 24 33 32 24 25 22 18 31 12 27 16 22 18 21 20 22 21 20 17 15 24 38 27 20 27 22 17 34 18 23 20 29 27 31 24 25 19 20 17 25 23 44 22 30 20 31 18 26 9 25 18 19 36 12 24 23 16 30 37 20 20 21 33 22 28 24 17 28 31 1 15 22 29 16 18 20 27 16 24 31 25 21 18 29 28 29 20 17 20 18 20 26 16 24 9 36 27 11 19 19 31 24 23 21 15 14 18 29 39 25 16 28 18 18 26 9 28 9 20 15 36 24 20 16 10 29 17 33 29 28 24 11 16 
33 37 39 21 28 42 25 36 34 30 29 31 33 38 42 30 37 10 37 32 30 28 33 30 26 33 35 29 13 20 38 38 38 30 28 31 36 32 34 31 34 50 32 35 43 29 14 34 46 26 37 35 29 44 38 30 28 35 36 44 31 24 20 30 23 43 28 32 29 29 34 22 41 35 22 29 36 33 46 31 38 34 24 34 28 40 34 22 19 37 29 35 30 31 51 24 40 29 26 25 35 40 30 40 4 31 30 29 22 30 34 18 29 36 31 14 27 45 31 18 15 22 35 29 27 32 40 33 23 27 24 28 34 35 38 37 34 32 30 41 25 34 42 13 31 35 37 38 38 39 34 33 34 40 31 30 52 40 28 36 38 28 38 30 32 44 16 39 27 36 44 36 43 41 14 23 33 29 32 37 28 29 26 24 32 36 27 41 29 29 37 44 36 24 31 33 0 37 24 27 32 41 32 30 30 36 34 32 28 22 36 34 35 25 36 38 43 21 26 25 27 31 28 30 35 26 13 34 25 27 31 26 31 30 33 24 35 31 20 16 27 45 32 29 18 20 29 16 29 30 27 38 26 32 40 31 24 38 46 36 18 38 30 31 32 34 33 39 39 42 39 16 26 33 33 20 34 29 40 29 34 29 33 44 26 42 31 35 27 9 26 24 41 32 29 39 34 43 30 34 37 44 28 37 32 40 35 32 40 28 33 30 46 33 39 45 33 52 22 23 32 46 22 44 30 28 25 29 20 26 31 38 37 27 33 25 20 47 27 19 32 36 32 19 41 36 37 28 33 35 33 28 44 33 37 26 26 45 39 38 30 44 35 35 45 35 16 32 40 35 26 33 25 19 35 23 44 35 34 25 34 34 38 34 35 29 23 30 45 35 42 40 35 37 45 33 36 28 19 29 44 33 34 32 31 33 37 31 49 25 30 31 38 28 15 31 31 29 32 49 30 51 31 29 37 43 27 40 34 46 35 36 37 38 15 35 34 28 32 39 28 29 22 19 24 34 35 41 34 39 37 35 38 27 33 16 30 38 22 31 40 25 44 39 38 33 15 38 34 32 29 23 27 34 46 46 37 24 29 26 29 33 22 46 26 35 21 41 25 26 32 36 40 34 22 30 30 32 33 28 
33 23 34 35 34 38 22 30 33 20 45 13 34 28 43 25 40 27 21 34 28 32 29 27 45 34 39 38 35 29 27 38 41 33 28 35 32 27 20 33 37 28 33 28 42 26 35 36 42 21 36 39 31 41 40 9 38 31 44 39 39 24 29 31 31 38 36 28 24 27 27 31 41 30 34 27 23 25 47 26 21 27 24 30 26 32 38 15 12 27 26 36 26 29 51 27 35 28 33 25 25 36 36 35 35 42 23 32 32 31 38 20 18 42 43 33 25 42 35 33 19 22 35 25 31 33 39 28 31 34 19 29 29 19 37 33 22 28 25 34 29 39 21 17 23 37 29 41 38 37 24 34 36 29 23 17 52 36 27 37 34 32 34 38 30 37 34 32 24 36 39 24 51 30 31 24 42 25 31 26 26 26 27 23 35 41 16 24 27 38 30 42 32 24 25 17 38 0 25 28 31 30 31 32 28 40 38 40 29 21 36 16 39 29 30 27 33 30 39 33 30 35 25 40 36 30 34 38 24 32 34 5 23 26 36 32 28 36 39 27 27 38 33 23 30 29 30 46 31 38 23 39 5 41 34 27 18 29 35 30 27 28 28 32 29 22 23 42 31 32 33 34 31 15 31 14 32 30 31 31 33 29 34 34 32 38 31 29 31 45 37 33 39 27 33 34 33 46 27 35 39 42 17 37 32 37 26 21 22 32 40 23 34 32 35 42 29 40 39 31 30 41 43 40 15 27 19 32 38 24 25 34 38 31 42 32 32 43 19 31 25 24 28 38 42 25 35 33 42 31 33 36 51 28 41 20 30 44 35 24 29 32 39 32 16 27 28 30 38 43 24 33 29 26 28 25 44 31 27 26 38 16 37 29 31 28 32 34 46 31 37 38 29 29 19 29 32 33 37 37 33 40 32 33 21 34 38 32 56 22 43 24 41 24 29 24 22 22 29 38 29 41 39 28 45 42 22 24 30 35 38 40 37 32 27 34 18 7 14 34 29 31 26 23 25 35 44 35 34 33 33 28 27 35 21 29 19 5 39 31 34 17 27 32 28 36 32 32 36 30 25 32 26 33 45 54 33 32 33 30 25 29 26 44 26 28 28 35 29 30 33 18 40 32 34 32 32 27 26 24 
31 37 40 36 34 42 33 36 34 18 40 35 24 32 33 34 45 36 30 29 28 30 27 27 44 32 26 29 10 29 35 41 39 36 31 38 30 30 31 33 35 43 25 31 27 26 37 30 38 30 34 32 35 49 44 27 34 29 40 41 29 22 11 29 32 34 35 35 20 31 28 26 40 37 37 27 34 23 45 29 38 31 27 36 30 37 35 28 25 31 30 39 27 28 55 25 35 39 27 6 29 36 41 48 33 41 36 36 33 36 37 16 16 21 28 37 25 40 40 15 31 18 35 28 24 41 37 24 20 36 15 34 38 30 37 31 27 38 35 38 26 42 33 29 34 35 40 39 34 34 35 30 31 35 34 27 49 34 23 29 38 29 33 31 34 35 34 30 35 34 38 29 34 36 31 33 24 23 37 28 26 36 19 27 46 44 33 37 24 40 29 38 30 28 23 28 34 41 0 3 35 32 27 32 35 28 35 33 19 25 29 38 32 33 37 25 39 12 23 36 33 29 36 42 24 37 38 34 28 22 29 29 21 32 31 35 35 49 38 31 24 48 33 38 33 30 30 48 32 29 32 36 23 41 41 38 31 32 41 34 35 32 39 21 36 33 27 37 29 41 38 42 35 31 31 29 13 22 33 20 31 25 9 43 34 40 31 27 38 43 33 34 44 23 22 30 37 36 31 33 39 39 26 40 28 41 29 23 38 30 34 30 45 30 24 42 19 40 36 34 30 43 36 38 29 29 32 26 32 33 31 41 41 37 37 32 31 44 17 33 29 36 30 42 30 23 22 42 34 22 36 29 47 31 45 18 21 44 34 38 23 43 35 33 35 25 31 23 35 41 24 31 30 29 35 29 44 35 27 37 26 29 40 25 32 32 27 29 29 42 40 38 27 40 40 30 23 36 44 26 41 43 36 33 25 36 36 28 42 22 40 37 39 36 27 27 24 33 33 41 29 50 39 32 38 44 38 34 21 47 41 37 30 35 30 36 29 20 30 36 27 29 30 35 27 10 32 28 32 31 32 27 39 36 28 25 17 40 39 25 37 28 43 30 37 35 32 30 36 34 36 33 30 36 42 52 31 32 29 27 23 32 30 47 27 22 29 42 25 25 36 37 36 29 37 27 38 25 14 27 
28 34 37 36 31 39 30 37 31 15 37 32 32 29 44 31 43 34 31 26 25 27 24 24 46 29 31 31 7 26 32 38 36 40 38 35 27 27 30 30 32 44 22 28 24 23 37 27 47 27 35 29 32 46 41 24 38 26 37 38 26 19 23 26 30 35 33 32 29 28 26 23 41 34 34 24 33 20 42 26 35 28 35 33 27 34 32 27 33 28 30 39 24 25 55 22 32 38 24 3 26 34 38 46 35 38 34 33 30 33 34 28 13 18 25 34 22 37 37 12 28 30 32 25 21 41 34 28 17 34 27 31 35 29 34 28 29 35 32 35 26 39 41 26 31 35 37 36 31 33 34 27 28 32 31 24 46 31 24 26 35 29 30 28 33 32 31 27 32 31 35 31 40 37 29 36 36 20 34 34 23 33 16 24 43 41 30 35 25 37 26 35 27 25 20 27 35 38 25 0 32 35 28 29 32 25 32 30 30 22 26 35 29 30 34 22 36 24 20 33 30 26 33 39 21 34 35 31 25 19 26 26 18 29 28 32 37 49 40 28 21 45 30 35 30 28 27 45 29 26 29 33 20 38 38 35 37 36 38 31 32 29 38 18 37 30 24 34 26 39 35 39 33 32 28 26 10 19 32 31 28 37 6 41 31 42 28 24 35 42 30 32 41 30 24 31 34 33 28 30 36 40 31 37 38 38 33 34 43 27 31 32 42 27 21 39 16 37 34 31 27 40 44 35 28 26 32 23 37 30 32 40 41 34 34 29 28 41 14 34 26 38 27 39 27 20 19 39 31 19 33 26 45 28 42 15 31 41 31 35 20 41 36 30 32 22 28 34 34 39 21 28 30 26 32 27 41 32 24 34 23 26 37 29 29 29 24 26 26 39 37 35 24 37 37 27 20 33 41 23 38 40 33 33 22 33 33 26 39 19 37 35 38 33 24 24 23 30 30 38 26 48 36 29 35 41 35 31 18 45 38 34 31 32 27 33 28 28 35 33 24 26 27 32 24 7 29 40 32 28 29 24 40 33 29 22 14 38 37 22 34 25 40 27 34 32 30 27 33 31 33 31 27 33 42 50 33 29 31 27 20 29 27 44 24 19 26 39 27 22 37 34 37 26 38 24 35 22 11 24 
34 36 39 31 31 29 29 27 34 21 14 30 39 35 39 17 15 16 21 26 30 27 30 29 31 20 34 28 39 19 40 32 35 22 33 36 33 28 26 18 31 34 30 35 30 26 13 37 29 13 33 26 38 43 39 36 25 32 35 44 30 25 26 28 23 41 15 22 11 23 19 21 37 22 37 20 26 26 48 28 34 34 31 32 22 43 37 34 34 34 27 22 29 11 38 30 21 28 23 21 32 30 36 37 34 28 29 28 34 26 40 23 19 42 45 28 27 27 22 34 25 31 37 20 18 28 31 15 31 26 28 24 33 25 25 31 18 28 20 40 24 33 45 23 30 30 40 35 25 19 30 32 27 33 18 26 39 26 25 34 25 29 39 29 28 27 30 32 30 26 41 20 45 32 20 25 39 26 25 34 29 29 24 25 29 35 33 31 19 23 32 43 33 23 18 23 33 34 30 33 0 39 26 35 22 39 35 29 34 28 34 33 34 33 39 28 35 27 25 33 32 33 27 28 31 30 41 32 30 20 30 27 24 31 31 32 35 44 25 29 26 40 28 28 35 19 9 42 26 8 28 40 32 31 38 21 34 18 40 37 17 28 32 24 31 32 30 30 26 32 32 34 26 31 27 19 29 27 34 26 25 38 39 28 22 32 30 30 30 35 25 23 37 14 28 21 33 42 28 14 35 34 18 36 33 27 15 30 34 24 30 30 40 24 31 42 26 36 38 31 31 46 21 25 20 11 34 23 38 25 22 36 24 29 32 24 27 40 20 33 32 42 32 33 37 26 25 27 32 25 34 25 49 30 38 21 23 36 32 37 29 25 35 37 38 28 33 21 20 32 27 20 24 24 32 29 41 25 30 21 37 32 25 16 36 30 22 37 41 25 33 30 30 31 32 34 26 27 32 36 38 32 28 27 28 20 17 30 48 41 33 32 37 34 14 32 31 16 30 43 19 41 24 24 32 44 35 37 24 35 40 37 36 35 33 37 24 29 36 39 26 28 21 29 23 40 38 28 27 34 27 30 37 5 23 15 20 30 28 25 29 31 43 27 34 25 21 22 37 26 19 22 22 21 40 43 33 23 35 25 26 29 25 37 27 31 31 41 31 33 19 30 42 33 28 33 29 22 29 19 
36 26 43 36 33 43 14 43 33 23 36 16 32 33 48 32 46 30 34 37 31 30 32 31 47 37 35 36 38 34 30 36 44 41 33 33 35 30 33 26 40 42 36 34 46 29 35 35 45 30 39 42 28 42 43 34 35 34 46 46 39 27 36 27 34 41 34 39 27 32 33 35 50 38 29 30 36 22 50 32 24 32 29 41 31 44 40 32 37 32 25 41 23 28 42 27 37 41 31 12 30 41 46 41 35 32 26 39 24 29 42 23 21 45 47 30 28 40 33 39 41 25 38 11 34 31 41 31 33 33 22 27 32 32 33 22 34 31 23 31 38 42 24 39 32 35 41 44 36 36 36 29 22 40 21 29 36 33 28 16 39 24 37 31 27 34 39 35 37 34 42 36 30 33 34 27 38 23 34 29 29 32 30 35 44 44 19 27 29 27 33 39 35 36 23 30 31 25 28 31 40 0 32 35 12 34 41 40 27 36 16 19 36 22 41 30 36 37 42 37 34 33 17 38 29 28 37 39 37 31 35 30 26 32 37 36 34 42 42 33 32 34 26 26 30 37 28 47 20 37 29 40 30 36 46 38 43 37 36 31 36 33 41 34 32 31 28 38 34 42 33 43 29 36 18 17 35 9 34 39 35 32 37 44 21 46 29 32 36 40 36 36 43 30 29 25 45 42 29 38 26 44 20 39 35 40 34 24 43 23 38 29 43 34 32 44 28 48 40 35 36 48 43 38 36 28 38 41 41 27 38 37 43 29 43 33 18 35 22 1 30 41 33 23 35 28 33 27 47 17 31 40 49 34 45 18 34 43 38 27 29 45 40 33 37 24 36 37 37 42 27 28 30 18 40 21 42 38 20 24 32 29 44 32 34 39 33 34 44 42 41 39 32 38 22 32 18 36 35 37 34 44 37 17 26 29 39 35 43 35 44 38 46 37 26 30 25 33 31 39 28 51 39 37 32 36 39 27 16 38 42 43 37 36 36 40 31 32 35 42 25 27 27 31 14 38 51 23 32 36 32 27 30 36 24 21 22 8 33 37 33 29 30 29 40 43 35 30 35 35 36 35 35 40 43 53 23 32 34 33 24 31 30 50 34 28 33 38 32 30 38 21 43 35 37 30 35 24 29 10 
24 24 29 25 14 18 25 24 27 22 30 32 21 20 38 24 31 17 21 29 4 24 29 27 28 34 19 20 20 26 28 37 21 33 28 33 30 28 20 16 32 34 30 25 36 20 21 25 38 20 7 25 18 23 29 29 33 29 19 30 31 20 21 29 30 30 29 26 23 18 28 28 41 27 28 3 23 27 38 18 30 18 25 33 17 34 30 16 25 19 9 27 23 18 43 23 27 28 21 17 17 31 26 32 11 29 19 29 29 24 27 19 20 33 25 10 1 28 34 19 22 21 31 16 17 26 28 23 29 22 18 22 25 19 15 27 18 26 18 24 24 31 30 20 26 24 32 31 18 25 24 10 27 25 16 27 37 32 23 34 26 8 21 21 7 27 23 15 24 24 29 10 43 33 18 26 22 13 26 24 24 27 24 19 34 33 24 23 13 33 17 28 33 24 13 17 7 20 23 22 16 32 0 30 29 25 9 36 19 26 30 34 30 24 21 29 29 22 27 19 22 25 28 33 19 30 20 31 18 25 20 21 18 12 22 29 26 38 22 22 26 25 16 25 24 26 23 23 23 24 20 32 25 15 36 28 31 29 25 22 24 20 28 24 25 25 15 28 26 18 35 23 24 31 14 16 23 27 33 25 22 28 28 20 29 33 31 31 23 16 26 30 42 22 13 28 29 27 25 30 21 28 19 35 29 32 26 23 38 25 28 21 21 21 32 36 30 28 20 28 16 32 16 26 23 17 26 31 25 19 22 29 29 30 28 14 26 33 21 26 16 37 6 15 25 19 23 31 37 22 32 33 38 20 26 8 15 39 22 25 14 32 27 19 36 23 22 16 27 30 22 18 3 19 30 29 31 24 10 19 23 19 30 24 18 24 26 31 33 32 29 29 30 32 32 16 23 25 26 11 23 32 23 12 13 19 29 26 43 25 34 25 19 27 22 26 24 23 27 28 25 27 29 13 31 35 21 22 21 36 30 11 21 21 21 31 18 23 30 29 27 29 18 26 22 29 29 27 21 26 22 17 29 21 17 21 21 25 26 30 32 20 35 25 28 29 19 20 22 21 26 29 11 26 32 41 12 22 30 25 11 11 11 36 15 24 27 34 27 29 24 25 25 15 29 20 26 29 22 15 
29 34 34 26 22 37 10 22 20 34 35 30 26 38 43 31 35 25 30 27 26 22 35 31 40 29 36 36 35 30 38 37 40 31 32 34 25 28 33 27 36 35 34 30 36 30 33 30 38 27 36 35 19 35 35 36 31 30 32 41 38 20 30 14 32 49 24 33 20 22 28 25 44 36 25 25 36 18 43 27 32 28 38 36 21 20 27 21 38 31 27 31 25 25 44 28 38 41 37 14 35 37 20 40 37 31 32 36 20 19 40 32 32 40 39 26 23 38 29 24 34 25 36 13 27 21 37 24 33 36 34 17 37 32 29 24 27 21 13 29 28 40 35 32 19 25 17 40 32 33 37 31 24 34 11 36 48 35 25 40 33 26 26 26 35 32 29 32 3 37 31 29 48 38 29 38 40 30 24 27 24 22 30 32 41 42 33 35 26 28 19 33 36 27 27 30 33 27 35 30 27 30 29 0 33 31 38 36 24 32 40 33 32 9 40 37 38 31 32 35 26 27 13 28 24 24 38 40 24 27 31 32 34 28 33 34 28 45 34 32 34 30 21 32 27 30 18 44 32 28 25 34 32 27 45 33 36 27 29 33 28 37 35 29 28 18 33 39 31 41 30 34 19 32 20 23 30 33 38 30 31 32 36 40 33 28 16 36 29 31 33 32 35 23 31 27 42 40 29 25 28 41 31 35 33 36 24 28 39 35 40 29 30 30 29 35 24 37 36 33 21 43 39 36 26 23 28 43 38 24 31 34 33 25 36 30 19 37 30 31 34 41 28 31 30 33 37 38 42 19 32 34 45 25 32 25 21 39 27 35 25 36 17 24 33 20 25 30 34 35 22 29 25 14 40 22 34 29 22 14 29 33 34 25 23 37 26 21 34 37 18 39 34 25 30 21 20 34 25 31 27 36 27 30 31 24 28 29 45 26 42 30 38 30 22 26 29 28 31 32 24 50 39 24 41 26 37 29 18 36 34 39 29 34 32 28 31 33 31 37 12 14 22 27 27 35 43 37 22 31 38 34 34 25 30 19 29 22 35 33 34 5 43 25 32 33 30 36 27 25 31 33 22 30 30 46 21 32 34 29 29 22 17 45 21 24 33 34 30 17 28 28 36 20 36 36 30 20 30 12 
35 27 38 24 23 34 32 34 35 25 33 32 20 29 42 22 41 23 22 33 29 27 30 28 35 27 33 32 38 30 31 37 38 29 21 35 29 32 21 14 34 41 28 31 34 27 33 23 36 18 32 33 16 37 40 34 28 28 37 39 29 26 30 30 30 38 22 27 18 20 26 23 42 27 22 27 24 26 49 28 36 28 17 31 19 42 31 20 29 25 33 29 23 16 42 28 25 29 19 12 26 35 40 40 32 34 26 27 29 17 40 21 23 44 39 25 26 28 36 28 32 27 28 11 25 19 30 22 21 31 24 15 32 20 32 22 25 19 11 33 26 30 29 30 24 23 39 38 27 24 25 29 22 35 9 32 35 33 21 30 30 32 30 19 32 32 27 29 25 22 41 27 44 34 27 19 43 11 30 24 30 20 22 27 34 32 31 36 22 29 34 37 34 25 11 18 31 25 32 31 32 28 25 28 0 38 34 34 15 25 32 35 33 25 29 32 37 31 32 36 32 32 35 26 17 31 39 34 28 23 27 22 28 28 29 35 22 43 32 28 20 36 14 41 18 26 16 47 30 26 32 39 30 40 34 26 35 25 31 28 28 21 29 22 26 23 24 26 24 33 33 31 17 32 12 32 30 25 29 31 29 34 37 33 32 37 31 34 24 40 24 30 40 21 25 25 36 38 17 34 20 35 22 36 36 34 22 19 39 23 26 17 35 28 35 33 31 42 32 34 25 41 37 26 27 28 26 41 35 28 29 38 31 28 34 21 20 35 24 29 26 35 31 30 23 28 21 15 35 17 33 32 48 29 37 6 22 40 31 28 23 33 34 28 34 21 24 28 25 35 28 16 28 17 28 23 32 30 8 12 39 17 32 23 27 31 24 31 32 30 29 27 30 30 35 25 18 24 23 25 29 41 25 5 22 17 27 24 43 23 40 29 42 25 23 27 20 21 19 34 26 42 27 29 39 28 30 31 16 35 40 34 27 35 30 28 19 24 31 35 28 29 27 24 30 38 43 35 20 34 20 15 27 35 25 30 24 30 33 34 28 27 41 26 29 31 28 18 31 23 24 29 27 28 45 46 37 20 28 27 30 20 27 44 27 22 30 34 25 27 26 28 39 24 34 18 33 27 25 10 
25 28 33 20 28 34 26 29 33 31 34 28 29 18 36 25 35 25 16 26 27 25 32 25 31 24 23 27 28 24 32 42 32 28 24 36 27 36 15 32 28 36 24 25 33 15 29 30 35 23 31 21 34 36 39 31 24 26 31 38 18 28 24 30 17 41 32 27 28 19 13 22 36 32 18 26 18 28 39 22 27 22 20 34 18 36 32 23 32 30 20 22 7 28 38 17 30 23 37 20 15 26 36 21 19 31 20 29 13 35 35 23 29 42 29 22 24 23 22 27 20 30 28 27 13 37 31 29 9 21 27 14 26 14 29 35 20 18 29 23 25 29 34 18 23 19 29 31 32 36 19 27 38 34 27 22 42 17 31 28 30 19 29 20 19 26 26 31 19 34 10 22 42 37 29 31 33 29 23 31 30 19 18 23 25 31 27 27 8 33 21 36 22 19 29 12 15 32 26 29 31 40 31 27 27 0 33 32 27 27 28 31 21 30 32 37 24 25 29 29 26 22 29 39 24 17 28 23 24 18 30 25 28 7 30 29 29 42 25 22 13 40 21 26 31 24 26 31 12 28 4 29 27 24 33 26 29 24 37 33 22 19 23 29 20 26 26 38 31 27 36 30 16 25 30 17 29 21 30 26 25 37 35 29 13 33 26 40 26 24 36 22 32 28 24 32 33 38 20 34 31 23 28 32 27 27 21 31 32 15 35 26 36 24 30 31 31 38 32 28 24 40 33 21 31 22 30 37 29 15 24 25 24 18 31 23 30 37 24 29 20 42 29 27 30 33 23 29 37 25 42 28 38 24 36 24 25 45 26 29 27 27 38 27 34 28 29 28 32 31 28 23 22 27 31 24 39 28 26 30 33 20 25 27 26 28 23 30 31 30 27 30 34 29 31 24 26 23 34 15 35 36 24 23 24 20 37 30 51 34 28 10 29 28 30 21 22 21 22 40 24 36 29 28 27 35 31 20 24 31 34 35 32 29 28 27 13 27 24 38 28 30 19 20 6 31 33 28 16 30 32 32 30 25 12 13 29 31 27 28 17 21 42 31 23 19 20 36 27 22 24 21 26 21 41 42 24 22 35 17 22 19 21 40 21 32 27 33 31 32 19 22 26 23 33 30 27 27 23 26 
21 15 24 16 23 24 16 25 28 19 26 23 27 25 32 27 22 23 12 24 14 20 20 21 27 26 10 28 24 20 19 35 28 24 19 32 22 26 11 7 30 32 21 16 28 11 20 16 36 25 18 16 9 14 33 20 26 21 10 36 32 22 20 24 27 37 22 23 18 9 23 20 32 18 26 13 14 23 35 13 27 9 16 27 8 25 21 19 23 21 17 18 19 23 34 21 29 19 31 13 22 31 32 23 25 27 16 25 21 25 18 19 17 32 16 20 11 19 25 25 15 18 27 12 8 27 23 16 23 30 18 23 22 10 17 23 16 27 19 30 23 33 32 13 19 15 23 34 20 31 15 20 23 16 17 18 28 24 26 25 20 18 27 12 17 33 16 25 15 34 26 18 39 27 20 23 32 23 21 26 26 28 15 20 28 32 15 24 4 29 17 34 24 15 19 8 30 11 14 17 24 36 23 27 21 31 0 28 25 18 23 26 33 22 28 26 20 21 31 21 17 25 19 31 10 21 32 30 20 16 11 16 22 3 13 20 18 34 21 18 19 30 7 30 23 19 16 32 22 15 22 31 16 26 27 22 24 20 27 24 18 13 19 15 16 28 20 19 17 9 28 31 25 26 5 21 14 18 26 20 21 25 23 11 20 33 22 28 14 30 27 23 35 21 22 22 30 36 19 22 13 19 16 28 28 23 17 29 32 16 19 22 26 20 24 27 24 33 25 19 22 38 27 17 26 9 17 30 16 23 20 21 20 22 29 24 25 33 18 19 7 28 16 25 16 21 18 26 28 18 32 24 42 15 30 18 21 32 28 16 24 23 18 25 27 14 24 22 19 33 24 9 23 20 21 20 35 19 1 20 29 27 21 17 24 25 19 24 40 26 21 20 25 25 30 22 19 27 31 2 27 25 14 22 18 10 25 17 44 16 29 28 29 21 16 17 26 17 21 32 16 18 30 21 22 26 23 27 17 27 25 2 30 12 23 22 9 18 25 30 22 24 23 19 23 24 20 24 12 21 28 27 20 12 8 22 18 16 28 21 24 11 37 19 19 20 21 30 28 12 20 22 19 17 23 38 22 23 21 24 19 17 17 31 17 28 23 28 18 28 15 18 34 21 30 25 31 21 15 18 
20 20 25 6 21 25 18 16 20 23 29 27 14 15 31 12 27 25 8 25 13 19 27 22 32 29 27 25 23 16 24 33 6 20 16 30 23 22 7 24 2 32 16 17 33 24 30 23 37 8 16 33 26 31 31 23 27 22 26 38 28 14 16 14 19 27 24 28 24 14 22 18 28 17 29 12 10 26 34 14 23 14 12 17 13 28 27 15 24 14 16 23 18 18 39 16 30 15 21 12 12 21 28 33 20 27 12 21 24 21 27 21 21 32 31 19 10 37 22 25 22 18 23 21 25 28 17 17 25 21 20 15 18 6 24 30 25 19 21 27 16 11 21 20 10 5 11 6 15 24 11 19 32 26 19 18 40 28 19 20 21 17 17 26 16 30 21 19 11 31 31 19 34 28 22 23 29 22 22 18 18 20 10 26 22 13 19 22 17 25 26 32 27 11 22 4 16 27 13 16 18 32 9 24 28 27 18 0 24 27 20 30 30 9 18 30 25 17 18 21 18 22 21 35 25 17 29 32 16 21 27 17 26 21 29 20 15 27 26 14 15 25 24 26 28 16 22 32 12 26 18 26 19 24 14 27 30 16 32 17 14 10 15 19 23 9 10 35 22 19 27 12 17 2 22 17 24 13 25 18 11 25 22 21 25 26 16 31 21 25 35 20 26 17 20 18 36 34 21 25 14 31 20 24 24 27 13 23 34 27 6 10 21 10 22 33 32 28 26 19 22 40 19 35 8 14 25 33 16 17 28 29 25 18 29 21 22 38 22 24 12 22 15 24 31 16 30 26 29 21 28 20 38 16 28 17 17 31 18 21 21 19 30 15 20 28 26 23 27 26 16 24 8 22 8 16 31 20 18 21 25 3 26 13 14 21 19 21 32 31 24 31 26 16 21 12 22 5 32 19 30 28 19 21 8 21 28 24 46 26 33 24 28 11 30 13 16 22 23 35 16 28 27 15 33 30 23 17 20 35 26 20 20 21 28 28 5 19 26 21 12 14 13 26 18 23 35 29 2 22 23 18 27 23 21 13 22 24 30 20 21 13 28 29 15 23 23 27 27 17 25 19 13 22 30 37 21 20 25 17 18 20 13 32 13 24 15 33 21 17 20 14 29 21 31 29 19 28 15 20 
23 23 25 32 24 32 23 31 27 10 32 21 5 24 33 20 26 17 26 31 20 23 19 18 29 24 18 20 34 21 27 28 33 34 27 25 22 17 25 25 29 41 23 24 36 27 18 34 43 22 26 24 27 31 30 36 32 21 26 33 33 14 18 21 17 30 30 29 25 17 13 12 31 31 28 19 28 15 37 21 29 17 26 28 16 33 31 25 22 23 25 35 23 20 51 23 29 33 23 15 21 34 37 39 18 33 21 31 23 28 29 16 8 34 24 20 17 32 29 32 23 23 27 20 16 22 34 22 24 21 20 23 24 24 29 23 25 27 28 30 15 25 14 21 25 31 31 33 29 28 23 22 31 26 29 30 42 32 19 27 28 24 34 30 27 27 17 31 25 26 33 26 41 23 12 14 31 15 28 9 18 23 17 13 35 27 24 32 20 37 21 32 22 14 15 22 30 27 27 30 23 13 23 24 25 28 28 27 0 20 26 24 29 28 29 17 32 19 29 22 25 29 26 29 28 24 27 24 21 8 26 15 13 23 28 21 26 41 23 26 29 38 25 28 26 11 24 40 28 23 20 36 32 33 32 29 28 30 39 26 22 24 33 22 29 25 19 34 21 26 37 26 20 25 23 19 22 20 14 20 28 30 36 28 29 33 23 19 24 36 28 15 36 21 20 26 23 34 20 26 28 34 7 27 31 33 27 4 32 21 30 21 34 27 26 41 21 41 17 20 29 35 26 30 23 17 28 38 24 24 26 30 37 25 23 16 28 37 9 14 15 21 22 25 34 15 25 31 35 26 23 23 45 16 29 10 7 36 26 24 23 37 20 32 30 17 31 28 27 39 16 23 24 17 32 22 34 20 19 25 26 21 34 23 14 18 13 26 40 33 29 27 19 31 32 29 27 19 33 10 37 33 22 28 17 28 29 9 51 29 28 30 35 26 19 29 5 25 22 42 21 35 22 20 30 29 24 26 25 28 33 19 28 29 30 31 23 17 24 26 19 21 21 27 22 29 28 36 28 22 24 19 20 20 22 15 9 21 20 29 32 23 33 22 27 28 13 22 23 20 27 14 18 30 37 47 32 15 14 16 15 24 14 36 18 31 20 34 10 22 34 26 40 28 33 22 29 17 23 19 
27 32 18 24 21 30 8 20 12 31 37 24 29 27 32 9 34 23 20 31 24 20 31 26 36 27 27 30 29 28 36 35 35 29 27 34 29 26 19 24 31 34 26 28 34 19 28 28 35 16 15 32 17 30 19 34 24 28 27 34 27 18 28 13 19 31 22 25 17 20 23 23 40 25 23 23 22 16 41 25 29 26 23 28 19 18 25 14 11 26 24 29 23 14 42 26 23 27 17 12 24 33 34 34 14 33 21 25 18 17 35 13 29 34 33 23 21 26 27 27 25 15 16 11 24 19 23 21 26 23 12 15 27 18 27 22 21 19 11 33 23 28 32 23 18 23 15 35 26 20 23 29 22 28 9 30 45 32 19 34 26 24 30 24 29 28 26 27 17 20 22 23 31 32 27 27 21 9 28 19 22 11 28 2 32 30 27 32 12 28 25 30 34 23 9 16 27 25 30 29 26 23 23 28 25 30 17 34 24 0 38 27 30 8 29 29 28 9 32 32 24 27 11 26 22 22 23 32 3 25 26 4 23 20 28 31 26 35 30 26 26 28 19 21 26 25 16 43 18 27 23 34 30 23 32 24 17 25 24 29 26 19 27 26 24 17 22 32 27 26 29 26 17 14 18 12 29 31 24 29 17 22 35 28 27 26 15 34 27 27 22 29 34 20 23 25 12 28 26 19 26 27 28 33 25 24 22 14 21 29 24 22 29 16 27 33 22 36 33 30 24 36 24 24 25 22 18 29 30 18 15 29 31 23 32 19 19 32 19 24 24 23 26 28 28 27 19 37 29 17 32 32 43 25 31 4 20 37 31 31 22 22 32 28 31 18 24 20 23 31 20 26 17 12 26 22 32 28 18 12 28 15 32 22 23 7 22 20 32 28 32 33 28 24 29 25 18 22 23 19 22 34 25 28 20 22 22 27 43 21 30 23 36 22 20 24 15 19 24 27 22 35 25 23 38 27 28 28 16 34 32 19 31 29 29 19 17 6 13 33 11 13 14 25 25 33 37 34 20 31 18 13 32 24 16 8 21 16 33 31 26 3 38 23 27 31 28 16 30 23 22 28 21 28 29 42 19 18 26 24 24 20 16 43 20 22 28 25 22 16 26 26 33 24 34 16 22 18 23 10 
26 35 35 35 33 37 37 43 21 36 50 41 38 36 44 34 46 40 31 28 23 32 36 41 47 42 36 38 41 31 39 36 40 43 39 33 34 25 30 40 39 51 35 40 49 30 35 46 46 30 33 39 42 39 54 42 33 33 45 44 36 17 35 15 35 49 39 45 35 33 31 34 43 35 36 22 33 43 40 24 33 33 35 37 32 47 45 36 35 38 28 40 25 35 56 35 41 38 36 35 33 44 45 39 36 48 32 31 31 22 35 32 38 37 41 32 20 41 40 39 38 34 41 35 31 43 46 30 27 39 31 32 38 29 34 45 35 36 37 41 36 43 47 36 20 34 44 43 37 43 34 29 40 33 35 40 53 35 22 45 37 27 41 38 33 44 36 34 30 43 28 29 53 35 30 38 41 32 32 28 21 37 36 38 43 45 38 36 23 48 36 43 40 34 32 27 33 46 31 34 42 39 26 27 44 18 35 39 33 38 0 40 39 36 40 45 39 36 44 38 28 40 40 46 40 35 45 41 32 36 34 33 23 25 36 37 44 49 41 36 31 35 39 33 38 29 33 49 30 36 22 36 38 41 48 43 41 39 33 41 30 30 38 37 35 19 34 42 38 26 43 38 34 41 38 24 28 39 40 31 40 41 40 28 31 51 41 41 38 42 45 33 36 38 32 36 48 41 31 36 40 38 37 47 44 45 36 30 50 33 43 40 31 39 39 46 41 38 35 36 36 46 42 39 43 31 40 25 42 26 38 39 42 36 43 27 40 41 31 39 31 39 25 37 46 38 41 45 45 41 31 41 56 26 51 27 32 49 42 36 28 42 38 39 49 45 36 35 44 40 19 41 29 38 45 39 37 30 34 38 16 38 43 31 38 41 33 41 47 48 45 43 25 26 31 36 42 37 48 33 31 38 38 31 32 38 39 27 67 36 46 28 38 31 36 36 31 39 33 36 34 35 40 39 45 47 40 36 40 49 36 37 40 29 35 42 28 30 42 42 39 41 26 38 24 32 45 46 31 32 41 36 43 40 27 20 37 47 38 27 35 32 49 42 38 37 31 39 42 36 42 32 37 39 40 51 36 33 32 35 30 31 36 42 29 27 41 47 28 42 37 29 40 35 50 39 34 38 29 34 
29 26 26 43 25 35 34 38 35 23 34 16 18 35 35 25 36 30 37 36 31 35 32 31 42 37 31 31 31 34 30 41 39 40 29 38 35 30 38 36 35 36 36 36 44 38 31 45 45 21 38 37 38 44 46 39 41 34 38 42 44 27 29 34 34 41 36 30 27 30 30 24 43 30 35 30 34 28 43 32 24 29 37 40 29 44 27 37 37 35 29 33 37 19 49 36 38 31 29 27 32 38 44 39 40 30 26 39 30 40 42 23 21 44 37 29 28 38 39 36 36 25 44 33 29 20 39 31 35 34 22 38 32 37 42 36 29 42 33 34 27 40 24 34 29 42 40 39 38 25 36 37 44 27 32 43 47 38 30 40 31 35 18 41 28 33 30 33 36 32 42 31 40 33 23 27 42 28 33 29 29 37 30 33 37 42 19 27 31 44 33 40 35 26 28 35 41 39 28 31 35 33 34 35 30 42 40 39 37 31 39 0 42 39 39 30 36 30 42 35 36 39 37 27 39 34 37 44 26 35 38 30 26 37 40 34 37 42 36 31 34 42 36 26 39 35 30 53 33 29 34 43 35 46 44 29 43 39 38 35 35 37 45 32 32 33 31 46 32 42 36 41 34 37 29 17 35 33 34 22 33 32 37 34 33 40 17 32 29 46 41 39 45 30 24 36 43 38 32 25 37 46 20 39 35 40 36 24 44 33 36 32 45 32 39 54 32 47 39 33 37 44 39 36 20 25 27 44 37 27 33 37 35 35 35 35 35 46 22 33 28 43 33 34 45 28 31 36 45 34 36 35 49 17 43 23 23 44 19 27 32 36 42 16 43 30 37 37 28 27 27 36 32 29 38 31 46 21 30 35 40 34 40 32 15 38 25 21 51 33 42 41 32 35 22 13 35 34 43 23 36 45 35 32 30 38 28 33 59 42 39 43 40 37 32 41 25 24 33 41 32 51 41 32 43 36 37 27 38 38 44 35 21 45 39 28 36 32 36 46 32 15 29 37 27 35 41 43 39 23 35 32 30 26 24 26 22 8 31 41 42 29 11 34 40 41 24 28 43 33 27 38 30 36 46 38 33 34 36 28 28 32 28 48 23 31 33 34 32 33 40 21 37 36 37 35 37 30 29 32 
30 19 36 28 30 34 28 24 35 24 31 28 26 33 40 25 35 13 18 30 27 28 27 32 28 17 31 32 31 32 23 32 18 19 15 29 19 31 23 15 28 31 27 33 38 23 29 34 26 26 30 23 31 42 36 34 22 18 30 41 34 26 23 32 20 39 12 24 8 20 16 21 40 35 16 17 26 29 44 25 17 32 27 35 19 41 33 26 23 32 24 19 28 25 35 27 30 31 37 18 30 5 25 29 33 27 25 31 33 23 37 20 22 42 35 25 24 36 27 34 22 29 29 17 15 25 29 12 29 24 26 21 31 22 22 28 15 25 17 30 24 37 34 20 28 27 37 32 22 33 27 29 28 35 15 34 36 38 28 31 30 26 33 30 30 33 27 14 27 40 35 17 42 37 17 22 36 29 27 22 27 26 21 22 23 39 21 6 16 23 26 41 30 23 15 20 30 31 21 24 29 26 23 31 24 39 28 26 31 23 31 31 0 31 30 25 29 24 22 32 29 32 31 32 28 27 38 28 26 17 27 16 27 20 19 31 35 38 22 28 30 23 25 31 12 32 6 39 29 33 28 38 30 38 39 23 29 15 37 35 30 25 29 30 25 27 28 27 30 29 38 23 23 20 24 24 20 24 27 27 28 36 30 31 25 34 25 29 26 39 29 36 34 11 29 18 32 39 25 34 10 31 21 34 39 24 12 17 27 24 32 30 19 27 31 39 28 20 35 30 31 43 36 34 17 30 30 47 27 26 19 30 21 28 27 28 14 41 23 27 30 35 29 30 34 23 25 29 42 22 27 22 34 27 35 24 20 38 29 20 29 35 32 29 42 31 10 18 34 29 25 17 25 21 34 17 38 27 23 18 37 21 22 13 33 27 20 30 38 27 30 27 33 28 15 31 23 31 29 30 35 36 25 29 26 17 37 30 48 28 30 34 21 29 18 29 18 18 27 40 16 38 35 26 29 39 34 20 21 44 37 30 33 32 30 31 21 18 19 36 30 23 22 18 29 31 39 25 24 31 29 24 38 34 17 20 17 34 25 35 26 26 42 24 31 22 18 36 36 23 21 35 24 18 42 40 35 28 29 25 26 26 25 34 29 28 30 17 31 26 16 30 24 30 25 29 30 24 21 16 
26 25 32 33 13 34 31 34 11 30 32 35 25 37 42 22 26 27 26 27 26 13 29 38 38 29 32 33 28 30 29 40 33 33 36 37 24 29 29 29 29 26 25 26 33 32 24 39 30 18 27 28 32 29 26 39 23 23 36 42 35 21 25 5 26 48 26 27 22 27 22 32 42 27 29 25 30 20 40 28 23 19 32 27 26 41 18 20 37 36 26 32 18 16 48 27 29 37 28 24 34 35 34 37 31 37 27 30 24 12 39 28 28 39 40 17 23 29 33 23 31 32 31 25 24 33 36 20 26 30 29 25 33 28 34 35 29 29 25 28 26 31 34 29 10 32 38 33 36 24 33 32 30 25 23 30 43 28 26 35 30 27 25 35 26 31 26 23 32 31 32 31 43 37 25 31 38 21 29 18 25 30 25 34 34 33 28 26 27 32 32 32 27 33 21 26 29 37 27 21 18 32 22 31 27 22 29 27 23 33 35 28 30 0 43 35 34 26 31 31 32 28 34 30 33 28 29 33 15 29 24 36 25 27 26 30 33 39 32 26 30 25 30 23 28 24 20 45 31 19 26 26 37 35 40 26 27 29 23 26 28 31 37 29 26 9 32 32 31 36 21 28 27 28 28 14 27 28 33 29 30 39 27 33 24 37 7 31 23 37 34 28 26 25 31 26 44 43 33 16 34 37 27 37 38 37 26 23 35 26 32 28 21 29 31 39 26 28 27 29 20 44 32 27 17 14 28 34 32 16 29 33 34 24 33 26 30 31 21 29 25 34 28 22 39 33 30 29 42 12 35 34 44 24 23 16 12 41 26 26 18 27 33 23 35 22 26 26 25 30 23 24 19 27 34 33 27 28 24 26 20 25 34 21 22 31 33 12 37 30 35 33 36 16 21 20 13 25 33 30 21 35 32 29 30 30 19 22 38 33 39 29 29 21 24 35 24 21 24 26 15 45 35 15 34 27 33 20 11 37 40 31 28 39 25 19 27 34 27 28 3 5 16 31 28 28 43 37 29 30 30 25 40 16 23 10 27 32 33 31 28 26 35 27 30 36 26 27 26 30 24 27 13 31 21 37 31 28 27 27 28 30 8 43 12 17 30 25 23 8 29 19 27 19 36 28 24 22 28 24 
36 29 37 33 25 37 30 34 29 31 34 29 30 13 43 20 36 26 20 36 28 23 34 34 41 30 24 35 36 28 33 35 33 32 28 32 34 35 19 28 29 46 36 29 25 33 34 43 41 20 32 22 26 44 41 35 25 33 37 50 19 27 28 23 34 9 25 30 30 23 30 23 40 29 19 27 22 35 50 26 33 23 24 29 22 39 33 25 33 26 23 32 23 26 48 32 31 27 33 23 24 27 40 38 29 30 24 33 29 30 39 25 33 45 30 29 25 44 34 28 21 29 35 22 14 38 29 30 10 33 29 30 30 18 35 33 37 34 30 25 26 24 29 19 22 32 37 33 38 34 23 34 33 37 28 30 49 21 32 37 33 30 30 21 27 28 30 32 23 41 41 34 45 36 30 35 41 31 33 30 31 29 30 24 35 26 31 28 29 26 42 37 37 23 28 16 39 36 26 29 34 40 32 37 30 39 31 27 28 26 37 32 22 31 0 42 37 29 35 34 24 34 33 36 37 29 38 24 28 19 31 26 37 32 33 33 28 40 35 13 27 37 38 35 15 28 28 38 21 29 30 37 31 40 37 29 30 28 32 29 26 27 27 31 27 21 22 39 24 31 33 25 32 29 29 26 34 33 41 30 23 36 35 33 32 34 28 32 28 44 32 32 38 29 32 36 34 42 21 31 27 43 32 36 22 35 25 31 29 34 33 23 33 22 34 44 34 40 38 32 25 52 41 42 32 6 23 44 29 21 29 35 34 30 34 25 17 46 33 30 21 43 30 34 40 39 24 24 41 17 30 34 50 28 40 26 29 34 31 30 25 31 42 28 45 37 13 12 33 32 29 30 20 28 35 20 43 32 32 31 37 15 26 31 27 29 24 27 44 33 22 35 32 28 33 25 18 18 42 16 39 34 28 34 20 30 34 31 43 29 32 27 41 23 21 25 32 31 23 44 25 40 39 31 28 40 36 15 16 43 32 33 33 33 12 34 17 28 35 33 32 26 17 21 32 36 34 29 29 34 34 35 35 26 33 22 34 26 38 32 33 25 40 36 27 34 31 37 31 26 27 31 29 31 44 43 32 32 36 27 25 31 25 44 25 35 18 39 32 23 29 26 41 24 35 31 25 30 27 21 
18 29 33 41 32 39 27 35 32 20 24 32 25 25 27 21 25 26 28 36 30 24 27 28 41 30 27 34 27 29 33 36 39 23 35 33 28 27 31 25 35 44 33 32 37 36 23 21 39 23 38 34 27 35 40 40 35 31 35 16 31 24 28 31 33 21 25 32 21 25 29 23 42 32 31 29 24 25 32 31 13 25 36 38 24 32 32 20 29 32 22 32 35 21 48 27 31 32 33 23 30 35 35 40 41 32 27 38 37 31 37 29 18 35 42 14 27 37 20 23 32 31 31 29 26 33 35 25 22 36 28 29 33 30 35 33 28 33 30 17 22 33 30 30 34 40 34 34 25 29 31 36 36 10 28 36 35 33 29 37 35 24 25 30 11 20 32 24 32 36 39 30 47 39 30 24 38 25 35 32 28 34 27 24 33 35 31 16 29 27 31 32 32 25 25 28 38 36 17 20 10 36 31 34 20 36 40 38 23 36 36 35 30 28 12 0 39 29 31 23 30 36 30 38 28 40 43 25 29 19 31 26 23 30 29 34 33 35 35 25 36 25 25 19 27 29 19 50 30 18 33 43 36 29 45 19 35 28 29 35 27 33 39 32 28 33 28 37 31 39 29 34 31 30 23 10 28 30 37 29 29 38 26 38 32 42 29 29 32 33 35 33 46 24 28 31 34 42 31 24 31 37 17 30 34 32 25 27 37 32 37 28 42 28 29 47 24 45 24 33 20 18 31 35 27 18 35 33 33 22 32 33 34 32 32 24 18 36 19 35 23 44 32 19 34 25 35 25 42 29 31 34 46 24 37 20 26 44 26 30 26 35 43 23 40 27 25 24 30 34 26 16 21 28 39 21 35 28 19 26 34 27 35 26 22 29 24 26 43 35 34 38 25 39 25 20 30 27 30 28 27 40 30 25 26 28 27 32 55 34 38 29 36 35 24 37 28 26 33 32 24 48 30 7 40 41 25 16 28 44 38 42 28 36 24 33 29 28 29 42 29 27 18 33 33 24 46 38 37 6 34 29 36 15 27 25 19 38 34 35 34 22 38 32 22 26 27 32 26 28 29 32 5 31 47 45 16 23 37 23 24 15 22 47 26 33 24 27 33 22 29 28 34 19 33 32 26 20 29 28 
1 14 33 28 33 23 31 18 34 20 29 31 27 32 30 30 32 27 24 27 15 26 21 25 26 34 35 26 38 31 14 34 33 36 18 31 28 27 23 28 29 40 22 15 24 23 30 24 44 30 35 36 30 40 41 8 32 27 37 19 33 24 25 29 35 30 32 29 26 8 31 23 34 34 26 29 26 18 15 30 26 8 28 26 7 44 22 22 26 31 21 25 22 28 41 22 36 31 22 12 29 37 44 40 31 32 28 36 21 28 31 22 18 18 41 31 27 29 23 25 17 24 32 24 28 30 35 30 24 33 21 26 31 22 39 24 24 30 21 30 25 35 36 33 31 27 38 33 28 28 27 29 28 36 28 30 46 23 24 26 19 20 26 33 30 33 15 37 27 35 35 21 40 26 23 24 34 25 24 32 28 31 16 24 32 37 16 29 16 37 29 34 32 21 25 20 28 38 30 33 25 35 28 26 26 25 37 27 25 28 26 27 32 24 32 27 0 26 33 20 33 23 34 37 21 18 36 29 25 19 12 19 23 15 14 19 32 35 20 26 28 29 28 34 28 32 26 44 27 25 19 30 25 43 29 25 26 32 36 31 30 32 31 26 28 33 27 20 20 35 35 30 28 26 26 25 15 19 31 17 31 31 38 37 24 38 31 29 15 37 33 36 33 29 19 23 34 33 26 34 34 20 17 33 34 28 29 29 31 26 21 27 25 32 26 39 16 32 26 18 22 21 38 27 14 8 18 40 34 25 24 27 27 19 34 27 28 19 19 18 6 38 32 36 27 25 34 29 34 19 33 23 39 26 38 20 18 39 26 15 25 35 33 25 33 20 26 27 37 35 26 30 31 28 23 24 40 30 22 23 23 27 28 31 24 29 24 36 26 34 19 21 28 37 37 22 20 29 34 27 35 24 13 24 25 2 19 32 45 20 34 29 17 20 22 29 28 25 22 40 24 44 33 22 32 25 22 29 18 37 41 39 27 37 25 17 21 21 25 34 27 29 30 21 21 7 45 27 24 32 32 27 29 22 20 26 19 23 27 20 30 29 38 25 31 19 20 31 20 11 28 35 20 29 45 39 33 26 35 26 23 19 23 47 22 28 27 23 31 32 27 30 14 21 34 32 38 20 16 23 
29 29 36 24 29 33 30 31 37 26 35 28 27 20 40 27 35 24 18 34 19 26 27 27 32 27 34 33 35 28 33 41 36 24 19 37 35 35 19 26 33 40 27 29 40 19 36 40 26 25 22 23 33 38 36 35 22 36 34 39 32 27 28 34 20 22 23 29 8 23 16 26 40 34 32 17 22 33 35 26 36 23 15 34 22 40 31 16 13 23 24 27 21 29 43 27 33 27 30 21 17 24 40 36 21 37 24 31 27 34 37 4 30 44 39 25 16 42 32 34 22 6 26 20 15 36 28 12 23 24 3 28 30 18 29 31 24 32 28 32 14 31 36 20 27 23 37 37 32 37 23 25 31 30 26 30 43 31 11 25 30 23 35 34 22 35 30 29 23 39 34 25 22 24 28 26 12 20 31 31 29 26 21 27 36 33 31 25 12 36 25 40 25 23 26 16 22 34 28 31 31 35 15 35 29 29 24 31 22 25 31 31 35 31 27 25 28 0 32 33 26 32 33 43 34 27 30 35 28 25 35 20 33 27 33 33 29 37 26 26 18 40 31 31 31 28 25 38 23 33 24 36 31 30 37 28 19 20 38 26 26 24 27 34 24 26 19 38 23 29 41 32 23 19 27 28 34 24 29 30 22 13 36 31 33 28 30 37 30 31 33 28 38 11 28 18 37 38 25 29 29 27 29 34 16 32 17 26 26 35 36 24 36 21 34 35 31 39 35 32 31 41 31 40 17 22 20 45 36 26 26 29 29 28 34 24 27 41 31 33 21 24 21 30 37 33 25 31 39 26 36 27 48 28 35 23 29 38 28 30 29 31 23 33 38 35 29 11 38 29 27 24 18 30 33 26 41 32 25 29 37 20 30 13 32 32 27 25 45 32 29 34 34 28 34 30 27 25 36 26 38 35 28 27 17 25 32 31 52 23 38 25 27 28 33 25 27 23 27 43 21 38 35 28 29 32 35 22 25 36 34 26 36 32 30 32 17 8 18 37 32 34 22 26 26 35 43 33 20 31 34 32 28 35 16 24 17 33 35 32 31 25 39 24 27 27 28 35 37 26 26 27 26 26 30 40 27 28 17 15 15 26 25 39 25 36 29 33 13 21 24 26 24 30 25 27 30 29 27 19 
27 32 27 28 11 25 28 28 33 21 35 32 16 24 25 24 37 28 22 27 22 22 30 29 36 31 18 21 15 28 36 34 34 28 23 34 24 26 23 30 30 35 30 33 32 23 29 33 30 20 26 27 37 42 40 32 26 32 29 28 30 18 3 27 24 26 27 21 12 19 20 23 36 29 30 21 26 26 39 25 29 27 19 38 18 37 33 14 17 27 26 31 25 20 47 18 37 31 19 11 21 28 38 34 25 31 25 35 31 26 40 8 19 26 33 15 19 28 35 17 26 10 20 17 19 33 14 16 25 28 7 32 31 22 33 28 19 36 24 22 18 35 25 24 31 27 35 34 28 15 27 7 28 23 29 32 47 35 15 29 21 26 19 32 24 23 26 29 21 22 38 21 26 28 23 22 16 24 24 20 22 30 24 24 34 37 34 29 16 30 29 26 29 25 24 20 26 30 5 8 28 24 19 28 27 33 28 35 11 29 34 35 37 22 29 28 32 4 0 33 29 34 31 36 29 31 34 35 30 19 30 24 24 28 32 32 27 39 30 30 22 36 35 23 30 22 23 42 9 31 28 40 28 34 34 26 23 24 36 30 26 28 31 26 26 30 23 38 22 33 33 36 27 23 24 14 18 27 25 12 8 17 14 24 18 32 29 30 26 35 35 26 40 15 14 22 34 28 29 28 32 31 18 36 20 31 21 15 30 20 26 22 36 7 29 32 24 37 25 31 14 30 35 26 21 26 24 31 24 17 23 27 33 32 26 27 31 41 20 25 25 28 24 20 35 26 21 35 33 23 32 31 39 18 38 19 13 40 20 22 24 35 27 17 40 28 28 15 27 28 20 28 19 28 28 21 41 22 29 29 31 24 30 17 16 29 24 29 34 30 33 38 30 32 28 14 24 29 31 21 34 39 24 30 21 29 27 20 47 27 37 23 31 32 30 29 16 21 31 39 24 42 33 25 33 36 35 26 22 36 37 30 11 36 31 34 21 12 22 31 25 27 16 30 11 15 37 33 24 24 26 28 31 31 20 10 20 32 31 30 33 23 38 26 31 30 24 18 20 22 24 25 23 26 34 39 23 26 21 19 19 9 23 43 27 27 31 37 17 25 28 30 28 13 29 29 24 27 19 23 
29 27 29 28 28 21 28 24 31 18 25 23 14 26 33 26 12 13 18 23 26 23 24 26 22 17 27 25 33 16 31 36 29 19 21 27 20 25 23 15 25 31 27 27 25 23 10 19 26 22 30 23 27 38 36 20 22 19 28 19 27 20 21 26 20 30 12 22 8 11 16 14 33 31 28 17 26 20 43 25 31 20 28 36 10 39 25 9 6 25 23 19 22 22 35 23 30 25 31 17 23 30 33 29 27 25 26 25 24 8 34 20 16 35 33 25 23 32 27 19 22 18 34 17 15 10 26 12 25 24 23 6 26 22 22 27 15 10 17 24 17 30 23 20 26 27 36 29 22 28 21 29 24 29 15 23 36 32 25 31 22 24 21 15 28 27 18 29 22 34 26 17 42 29 17 22 34 23 25 18 24 11 21 22 28 32 18 31 16 20 29 28 28 16 15 20 30 29 27 30 25 22 23 19 22 16 32 25 9 21 31 26 34 24 30 25 32 22 22 0 29 30 24 17 13 27 36 29 24 17 14 22 21 17 16 28 22 30 16 22 26 32 10 25 24 16 6 39 26 5 20 37 16 28 35 21 12 15 30 25 14 25 29 18 17 25 27 22 20 29 34 23 8 27 23 16 17 24 23 22 28 25 36 31 22 32 31 27 18 32 22 20 34 11 24 18 30 29 21 25 31 31 15 29 28 24 12 13 35 24 31 17 28 27 28 24 26 33 26 28 16 21 18 31 17 24 13 20 27 19 19 29 21 26 25 21 26 34 17 21 24 30 28 30 19 23 25 24 29 22 31 22 23 20 33 18 16 36 22 28 14 35 29 19 30 17 22 18 31 29 22 17 21 19 29 26 23 24 19 3 30 28 22 13 18 27 15 33 23 25 25 23 27 28 32 16 23 24 14 19 30 29 16 27 25 13 28 18 45 30 30 18 13 31 11 29 14 16 23 35 16 38 21 22 29 27 2 28 21 31 37 28 24 32 21 19 21 24 27 28 27 29 18 26 20 35 37 23 24 25 27 27 23 2 20 12 17 29 25 22 26 24 35 22 25 22 18 30 22 14 19 19 20 18 42 40 31 20 23 18 23 11 18 34 22 13 27 25 19 29 16 28 36 15 25 30 26 22 18 16 
25 25 32 21 27 35 22 25 24 22 27 15 24 30 27 23 32 16 17 26 25 17 16 30 31 20 21 13 24 4 20 25 27 22 23 36 28 29 16 18 23 34 26 26 35 16 25 32 28 22 27 19 25 28 28 25 25 27 20 40 16 21 23 28 23 32 15 27 11 20 19 6 25 31 24 17 19 17 39 23 32 20 19 34 19 22 17 22 25 23 20 22 14 20 38 26 13 24 29 9 27 24 32 32 23 23 14 30 19 26 26 14 20 33 13 13 22 22 28 27 18 16 30 20 11 28 29 15 7 27 13 16 18 15 25 31 18 20 14 25 9 18 33 16 24 20 29 18 25 25 20 29 31 35 18 23 36 24 21 29 31 25 29 14 21 28 27 27 15 26 31 20 43 25 17 26 35 21 29 28 25 21 20 16 29 20 18 25 9 34 22 29 20 8 18 13 20 21 20 23 17 28 25 29 27 24 29 21 19 25 30 12 19 23 28 28 25 23 25 28 0 27 12 30 26 23 31 21 15 11 19 18 25 8 21 27 20 34 25 22 11 29 23 25 28 4 9 35 14 8 13 33 21 16 28 26 27 18 29 26 2 28 24 31 21 30 26 27 13 28 35 19 18 23 21 16 11 23 29 14 23 23 29 30 15 36 27 31 10 20 32 8 37 14 13 21 24 27 3 29 21 24 19 21 24 26 15 23 34 17 20 15 35 22 22 32 23 32 22 26 24 42 33 20 20 16 18 23 23 20 22 11 24 24 17 9 30 38 21 27 18 26 27 18 32 26 21 37 17 19 35 17 38 25 25 18 14 38 30 26 20 28 25 27 32 19 27 21 29 32 23 20 20 11 22 23 28 29 17 21 22 24 25 16 26 21 7 26 33 30 30 28 8 30 33 24 20 12 29 13 32 10 25 28 24 20 32 14 45 29 23 30 33 31 21 22 24 21 5 37 19 37 15 14 25 26 30 32 24 23 8 24 21 30 26 18 14 20 26 30 26 27 21 22 8 30 17 28 17 31 31 26 15 22 13 15 20 20 25 25 24 17 23 24 24 25 18 28 28 23 24 7 12 21 40 41 26 8 19 10 22 21 10 21 14 25 22 24 15 22 19 20 34 23 28 28 29 19 12 19 
27 28 32 36 16 32 22 26 31 27 26 35 30 33 23 28 36 22 27 12 24 23 35 32 23 26 32 19 31 29 32 28 27 28 24 28 25 26 31 23 33 33 36 19 43 31 30 31 35 24 34 32 25 44 38 29 28 24 39 43 38 18 17 32 29 36 21 6 17 29 25 26 40 26 22 23 33 27 41 21 26 30 25 30 28 35 28 28 25 23 25 28 31 26 44 32 37 35 28 20 30 14 34 31 28 33 33 36 29 28 26 15 31 32 38 20 21 37 34 33 29 19 35 26 24 30 38 21 31 31 21 26 33 30 25 37 17 30 26 38 29 41 39 27 35 35 32 37 28 24 35 30 37 24 24 37 44 36 23 38 28 24 30 28 25 32 36 23 18 31 41 19 40 35 11 31 30 28 9 31 22 30 30 21 29 40 37 15 24 29 32 28 38 23 24 28 34 40 22 24 35 35 27 27 29 33 34 31 25 19 40 35 37 27 27 33 27 18 31 24 25 0 25 37 26 33 37 34 22 22 33 18 29 33 35 23 25 36 17 16 28 32 23 27 18 29 15 29 29 29 34 7 25 41 37 28 31 24 43 26 27 21 38 28 30 35 19 35 29 17 36 32 28 28 8 18 15 33 36 10 36 26 30 19 34 39 31 35 32 34 33 33 40 20 12 27 31 26 27 26 16 39 30 34 29 33 21 26 35 32 35 20 28 35 26 44 33 29 30 22 30 45 38 35 26 28 19 33 36 24 21 36 30 21 36 28 20 45 25 36 28 31 18 25 32 29 30 29 41 31 32 27 37 23 40 23 11 38 23 29 28 37 30 29 34 29 16 25 35 35 20 25 23 26 33 19 41 9 17 23 31 29 31 22 32 26 27 22 35 32 33 36 33 37 24 30 32 35 34 35 41 35 34 28 26 26 29 28 56 27 27 37 14 24 24 37 27 27 29 46 25 26 31 32 36 34 26 29 30 44 33 36 20 20 15 26 29 20 27 39 30 29 20 24 31 30 42 24 32 29 11 32 36 26 26 14 25 35 19 24 31 20 39 24 39 31 12 27 36 32 26 32 30 27 31 46 30 33 24 30 26 29 25 24 26 33 21 26 26 18 25 37 11 29 34 35 28 29 16 25 
31 30 33 28 31 29 26 31 31 23 29 26 25 25 35 22 37 32 24 20 22 13 28 29 36 34 35 25 36 32 34 33 36 32 32 30 21 30 23 15 32 32 33 31 30 23 32 24 42 18 25 27 17 41 36 35 18 20 32 43 25 22 29 32 27 40 31 22 27 24 23 18 36 27 12 21 23 5 45 28 32 24 28 34 23 36 29 20 28 24 14 30 15 16 46 27 25 31 28 14 22 24 41 34 29 25 19 23 7 29 38 24 21 38 37 24 19 31 16 23 26 26 23 21 19 31 31 23 30 31 23 22 25 22 30 32 23 26 23 28 21 29 34 24 27 25 33 36 28 24 27 28 23 34 21 30 36 25 26 37 30 13 25 20 25 31 26 33 24 31 38 25 38 34 23 31 27 23 17 19 25 27 27 19 33 31 27 25 16 27 29 32 32 19 23 20 25 33 29 32 29 36 18 31 27 35 27 31 23 19 37 29 19 27 33 30 32 26 26 30 32 16 0 24 18 11 38 29 22 14 28 21 26 15 25 29 26 45 33 26 21 17 15 34 16 29 25 37 20 35 12 23 31 33 35 26 34 28 35 27 30 25 31 23 28 26 20 27 25 33 37 30 24 19 13 25 23 30 25 22 30 33 38 33 20 37 29 23 22 34 20 33 26 22 18 29 29 32 26 34 21 29 28 22 34 35 26 27 26 22 27 26 38 29 16 39 11 32 34 28 20 45 34 29 27 11 28 41 34 23 26 33 32 12 29 20 18 36 22 29 22 36 24 29 24 28 29 33 36 27 28 27 32 24 36 18 23 26 26 31 26 30 35 23 20 7 29 29 25 25 23 17 21 23 29 21 29 21 9 24 33 20 31 24 22 24 19 36 39 30 30 28 32 33 34 20 28 23 35 29 35 27 29 17 18 18 36 27 50 24 36 29 30 28 9 28 16 21 28 40 11 42 26 26 33 38 26 27 26 36 40 29 26 36 31 30 21 23 18 38 30 27 23 14 14 37 41 34 24 30 27 27 28 32 20 21 22 33 31 35 25 21 40 12 31 27 24 27 26 27 24 32 24 28 45 36 30 19 29 22 16 27 21 40 25 25 31 36 28 33 27 27 27 19 23 25 31 7 22 20 
19 32 39 39 29 25 30 32 36 19 34 12 20 33 32 32 43 26 29 36 19 27 23 27 43 33 28 35 35 30 32 37 12 31 20 29 31 26 32 29 8 46 32 33 24 18 31 38 46 31 22 37 31 38 43 26 33 30 34 37 34 23 27 30 25 33 37 37 33 10 31 29 36 34 28 18 21 19 33 28 39 26 36 37 9 40 24 31 28 28 24 34 31 29 50 30 34 40 32 24 30 38 41 31 26 37 33 37 23 36 33 25 17 36 39 25 16 15 26 34 35 28 37 29 29 35 36 23 25 29 31 34 33 31 30 26 33 38 33 39 32 37 29 34 30 38 37 12 33 37 32 25 37 36 31 33 50 35 26 36 21 23 33 34 22 36 17 30 34 35 42 25 50 28 27 23 37 24 33 27 25 10 26 32 34 39 15 38 27 40 30 43 31 23 24 29 22 35 30 33 31 40 15 31 28 33 24 38 27 33 35 15 33 39 24 26 18 28 38 31 32 32 33 0 32 27 33 39 32 28 30 21 22 27 32 30 25 37 37 32 37 31 29 22 30 33 31 38 36 30 28 39 27 30 46 27 34 27 34 31 34 16 40 31 16 29 28 31 22 33 32 22 7 27 27 13 31 29 22 35 33 35 39 35 34 46 32 28 17 31 34 33 42 30 28 29 42 42 29 31 35 38 16 36 38 21 24 31 34 29 38 30 27 36 28 34 25 34 28 29 31 39 31 36 30 25 21 45 26 34 27 38 36 28 40 29 32 37 18 20 24 35 21 30 29 24 34 40 37 28 32 34 48 30 40 19 29 40 34 33 27 42 34 26 34 21 33 29 37 40 23 31 10 30 40 14 43 34 23 31 32 28 37 24 29 27 30 27 44 40 34 32 28 36 37 28 29 31 39 25 32 41 15 27 26 20 34 31 54 33 27 39 34 35 23 38 32 33 23 37 25 42 36 28 43 26 33 35 34 43 40 26 36 29 34 18 30 23 26 35 28 30 31 30 30 25 43 40 35 32 33 28 35 33 31 30 18 23 29 38 23 25 26 26 36 21 22 31 31 13 34 32 26 33 46 51 25 29 28 33 24 26 25 46 29 27 29 24 31 31 31 17 32 30 24 31 39 21 18 28 
35 34 34 24 33 36 25 31 18 27 16 29 24 33 43 31 41 34 25 28 32 33 22 35 41 31 29 29 38 30 38 34 40 30 31 22 29 34 30 25 36 31 32 30 35 30 24 6 47 29 37 35 27 25 43 26 26 28 33 39 29 26 26 26 30 43 33 30 29 9 28 28 43 38 20 24 31 25 46 23 24 28 28 34 20 35 23 25 34 32 22 33 9 27 49 32 36 38 30 17 30 38 46 36 30 33 30 27 15 28 32 24 25 46 35 29 29 34 24 28 17 28 30 22 27 30 35 19 31 29 25 16 36 29 36 25 31 19 11 33 31 34 33 15 31 23 32 33 10 35 34 32 24 35 20 24 44 19 31 36 32 21 30 30 35 36 16 35 31 33 27 33 44 19 24 30 34 22 25 28 30 21 26 31 33 36 23 27 23 39 34 37 35 26 22 27 32 34 28 31 32 32 35 29 11 38 24 34 19 29 22 32 35 27 35 34 35 22 36 35 27 24 28 37 0 19 39 25 32 27 19 32 30 22 21 34 33 37 35 26 29 30 25 38 28 20 27 45 28 34 20 31 28 41 43 26 26 26 17 35 28 32 33 5 27 30 28 27 7 33 29 30 18 27 23 29 22 29 24 30 29 35 37 35 29 43 28 36 16 40 24 24 34 27 26 25 40 40 28 35 31 32 24 25 38 17 33 23 34 31 37 28 26 28 33 33 31 33 29 33 25 41 32 32 32 28 20 39 34 28 26 37 35 20 37 25 30 27 26 19 26 33 18 34 6 11 32 26 18 13 40 30 40 25 43 17 26 29 31 35 26 42 32 28 19 27 26 25 34 33 28 27 32 28 38 31 32 29 19 23 38 28 32 20 27 29 29 37 32 36 30 28 28 37 36 25 14 28 34 21 17 37 14 16 26 28 38 21 39 34 23 25 34 28 25 26 24 32 29 22 31 42 31 29 41 32 25 27 27 28 35 26 33 34 25 24 28 29 26 45 24 26 29 21 22 38 39 35 20 31 31 26 32 31 27 25 26 34 28 33 19 20 43 15 13 20 21 29 30 12 30 23 27 32 42 44 36 24 26 19 24 20 28 41 32 33 28 30 22 33 30 34 35 24 35 29 37 27 23 21 
22 19 28 17 20 24 18 20 22 20 18 28 21 14 28 19 31 24 13 9 20 18 23 21 28 28 28 14 28 21 23 31 29 21 21 28 10 27 12 15 25 28 22 20 30 12 29 24 32 19 25 26 17 38 29 26 21 9 28 35 23 21 21 23 26 31 23 11 18 13 23 21 33 28 15 22 15 25 36 19 24 13 17 25 12 28 27 20 21 13 3 19 4 17 35 22 26 20 20 11 11 19 33 23 24 14 14 26 10 18 31 14 18 27 26 13 24 20 5 24 22 16 26 10 18 20 28 17 24 22 13 11 20 11 30 21 12 15 12 20 18 18 30 23 20 16 25 28 28 19 16 24 21 29 10 19 36 14 21 26 20 2 26 20 16 23 20 28 16 23 27 14 35 27 16 24 16 12 6 25 25 16 16 12 22 20 16 20 5 30 18 23 26 16 12 9 28 24 18 21 25 26 25 24 24 32 27 26 16 10 26 30 36 18 22 21 21 19 32 19 23 5 21 27 18 0 33 19 13 17 26 14 23 4 14 18 20 34 22 15 10 32 15 23 19 21 17 26 9 24 1 12 22 33 30 23 27 17 32 16 19 14 20 23 17 22 9 27 21 22 32 19 13 22 13 14 12 19 27 15 22 23 27 24 10 27 23 29 20 37 23 25 15 16 7 23 22 21 20 29 21 20 17 24 23 24 18 20 29 12 26 15 30 21 23 28 28 30 23 17 21 37 27 18 22 13 24 30 23 12 15 22 21 1 30 9 21 32 19 23 11 33 15 18 24 25 22 25 34 16 26 22 21 21 33 7 16 28 27 20 20 24 32 24 31 22 21 20 26 28 23 17 15 18 27 21 31 14 9 13 30 16 22 18 23 17 20 25 28 27 23 27 29 26 28 21 17 12 24 26 30 29 18 6 7 17 28 25 42 24 25 20 19 24 24 18 19 18 22 35 20 31 15 22 31 29 21 16 15 28 31 29 15 25 20 24 10 16 21 34 21 23 12 17 3 26 30 25 13 27 16 16 27 21 9 10 13 26 24 25 14 13 29 14 20 24 17 19 24 16 21 24 20 18 36 39 21 8 27 14 5 16 18 29 18 23 20 30 23 23 16 19 16 20 30 19 20 24 13 9 
27 32 40 30 31 37 19 33 25 17 31 32 34 27 41 29 34 19 26 22 28 27 30 24 35 30 31 27 7 29 32 41 36 34 34 38 23 30 25 28 32 41 35 33 34 23 23 37 39 25 28 29 30 43 27 39 20 22 37 43 26 22 23 35 32 44 27 24 29 26 36 30 38 34 14 27 28 27 39 29 31 26 30 36 25 34 31 31 28 26 16 32 17 30 47 32 38 33 33 17 24 32 37 36 13 27 27 33 9 31 40 27 31 40 25 1 25 33 18 12 24 10 39 16 21 33 34 25 17 35 26 24 31 24 35 24 25 28 25 33 31 31 33 22 29 27 38 36 35 32 29 27 27 41 23 24 44 27 22 39 33 15 36 28 29 36 3 26 29 36 33 26 40 35 23 32 29 25 19 35 26 29 29 25 35 33 29 33 18 38 29 36 28 21 25 22 9 30 25 28 19 39 26 32 17 23 30 39 29 23 39 35 29 30 35 34 34 24 20 32 32 18 22 39 31 13 0 31 16 26 38 27 28 17 27 31 33 40 29 25 21 39 28 28 27 28 28 25 22 27 14 25 35 36 43 36 33 30 37 29 27 27 33 34 30 28 22 40 28 35 38 25 26 21 23 19 25 32 27 28 28 17 34 37 23 32 36 42 24 18 30 32 28 24 20 27 35 34 28 30 31 33 30 28 20 37 30 33 28 25 35 28 40 27 26 39 27 42 11 30 34 45 31 31 30 15 32 23 29 19 28 35 34 14 34 22 29 40 32 6 24 28 28 6 37 36 31 32 37 22 36 35 34 31 24 20 13 41 32 33 33 37 27 34 36 23 25 31 39 27 24 25 28 23 37 32 35 27 22 26 21 22 35 26 33 30 31 26 41 40 36 40 37 35 37 31 23 25 6 23 35 42 31 19 20 30 33 26 48 19 38 33 31 30 24 31 18 31 30 40 29 44 28 16 35 36 34 29 21 41 40 32 28 38 24 32 23 29 20 29 33 35 25 16 16 33 29 38 26 37 29 29 39 24 22 23 26 30 31 25 27 26 36 27 31 34 24 32 36 29 34 31 14 31 34 38 34 21 21 27 18 29 9 42 13 33 26 38 17 22 29 32 28 33 20 24 33 29 26 15 
32 26 31 35 27 31 23 30 31 27 35 33 33 21 37 18 33 31 14 18 27 25 33 28 32 35 34 23 32 22 30 42 36 26 22 37 29 35 13 33 35 40 27 23 39 30 32 37 43 14 34 39 33 34 37 29 34 32 38 47 36 27 21 28 31 39 30 28 28 20 27 24 34 23 34 29 16 31 43 20 29 20 18 23 19 34 34 15 12 20 26 29 24 28 45 35 36 21 27 18 18 36 34 31 21 36 18 27 29 33 26 19 27 36 37 23 30 42 28 31 29 26 29 27 31 35 32 24 27 27 23 26 24 12 25 36 28 30 27 33 22 28 37 30 16 34 31 39 28 35 17 37 37 24 25 24 53 34 29 31 27 25 33 32 25 34 27 36 17 42 37 30 44 34 15 28 34 31 15 24 31 26 31 25 30 30 25 32 23 31 25 17 33 17 27 10 36 39 22 25 29 38 29 31 28 33 36 33 29 23 37 36 36 31 30 36 31 22 39 28 24 28 26 42 31 23 30 0 22 27 29 23 32 26 31 27 28 36 26 20 21 31 35 31 31 14 30 35 27 32 23 32 25 34 31 27 18 22 43 23 20 21 21 25 29 15 16 37 28 17 33 27 28 33 34 22 21 34 39 24 26 33 31 19 32 28 24 37 27 38 44 18 32 23 23 30 34 37 27 32 31 37 26 30 30 33 19 29 40 34 33 23 27 25 28 44 32 34 20 26 28 49 40 40 29 20 19 39 31 23 25 35 31 24 35 19 28 50 28 30 18 24 24 28 37 29 41 32 35 29 41 29 44 22 34 27 23 37 34 27 27 25 23 31 39 33 29 30 36 41 29 34 22 27 34 22 37 26 31 28 31 9 32 25 30 27 25 32 43 21 30 37 32 22 27 28 30 22 36 33 41 34 25 29 14 27 35 12 54 27 31 24 35 17 33 19 30 22 29 46 22 26 25 26 40 32 30 23 31 43 32 22 31 20 34 34 11 25 32 27 26 28 19 33 25 32 41 35 31 28 33 34 36 30 27 18 28 30 23 26 34 19 34 35 21 29 16 38 34 23 25 17 24 28 31 49 30 18 17 23 28 29 19 38 19 30 25 40 13 30 26 20 34 27 37 38 25 28 21 26 
34 29 38 30 37 38 30 29 9 31 38 37 26 39 37 34 35 37 26 37 28 34 34 35 41 37 24 31 28 34 33 48 42 38 33 45 36 37 25 21 39 42 23 30 41 25 29 30 46 32 12 30 23 27 34 34 21 35 24 49 46 29 30 38 38 50 36 31 32 23 34 33 46 32 40 27 28 36 48 27 26 23 30 25 22 39 35 33 37 35 31 32 33 37 48 35 43 33 44 27 36 36 44 37 39 34 30 39 35 39 32 28 29 42 30 31 25 33 39 33 29 32 34 26 22 41 33 29 37 31 31 34 36 24 31 37 26 38 32 39 24 36 35 27 33 29 37 43 34 43 29 34 28 30 31 28 42 29 29 33 34 32 40 26 31 42 30 33 29 30 31 28 41 37 33 35 43 36 34 30 28 39 29 34 42 38 27 29 18 43 22 47 35 29 33 22 36 25 28 31 26 34 33 34 35 30 14 41 21 32 37 40 47 36 41 38 34 31 41 35 31 30 33 45 24 35 37 35 0 29 23 30 34 17 25 34 32 44 35 32 33 44 21 35 37 22 30 41 28 29 31 37 30 20 41 36 38 34 21 37 32 27 33 29 21 42 34 31 31 23 42 29 36 40 19 26 26 32 35 34 27 39 37 25 34 47 36 40 28 24 41 26 49 31 31 35 42 45 33 36 27 25 28 42 42 37 31 25 45 30 33 35 40 26 37 41 35 44 38 33 35 51 21 31 34 22 29 36 30 26 30 35 34 36 41 27 35 29 30 33 21 42 30 36 30 35 32 38 42 32 43 38 56 29 31 31 20 46 41 30 30 37 32 38 41 28 38 34 33 28 26 23 34 34 35 34 48 33 15 34 28 41 34 30 35 39 33 38 49 40 34 32 39 39 38 35 33 30 42 16 19 39 28 36 32 24 39 30 48 30 40 35 43 19 30 31 26 31 35 24 30 32 33 23 36 40 37 29 31 41 39 16 39 26 37 36 23 32 39 36 36 38 31 33 33 38 34 37 26 35 36 40 34 26 22 29 30 30 32 31 38 25 43 33 33 34 25 43 41 26 34 25 21 31 37 39 36 26 35 25 33 30 16 45 20 29 37 40 31 35 29 32 41 34 44 37 39 35 27 32 
23 23 21 25 24 33 27 23 24 20 29 13 22 30 25 12 30 27 23 34 26 25 22 28 33 20 30 21 32 31 27 34 25 35 30 35 32 27 22 29 21 35 28 23 33 19 28 38 37 19 27 28 31 35 22 28 34 31 18 37 25 20 22 31 22 34 30 28 20 28 28 4 23 28 28 15 25 25 37 26 30 29 26 32 27 37 26 17 14 21 26 32 17 17 48 29 22 30 20 7 27 33 36 37 22 30 22 28 23 35 32 16 18 34 36 16 23 29 32 33 27 18 19 30 20 36 26 24 16 26 15 24 16 21 25 33 19 27 24 33 7 29 31 25 25 24 28 25 28 23 26 32 41 31 28 32 38 27 22 33 29 26 32 27 29 31 32 25 20 23 32 21 34 35 16 24 24 12 31 26 24 28 27 5 35 31 16 31 15 31 26 30 18 6 12 19 33 19 30 32 15 30 26 30 28 22 29 19 17 23 36 16 28 28 29 27 31 12 25 28 30 32 30 36 32 27 29 16 15 0 19 7 23 17 21 27 18 38 27 29 23 37 29 23 32 15 24 44 21 23 14 31 24 35 33 27 20 31 35 24 29 22 30 29 27 24 25 27 30 30 33 30 25 17 27 14 22 30 31 12 20 25 38 32 23 38 33 29 19 33 25 19 41 23 14 30 15 28 12 22 28 26 17 19 28 27 28 21 24 25 25 13 36 19 30 35 29 37 21 26 30 39 36 27 27 14 21 38 34 18 18 32 30 28 15 17 22 41 19 31 27 25 28 21 38 25 22 37 32 29 33 15 39 28 23 7 12 40 33 24 22 33 24 31 35 27 30 23 26 41 22 19 27 9 27 21 26 31 23 31 20 18 34 25 31 10 5 24 41 31 30 28 29 31 33 29 21 23 32 22 33 40 33 30 23 30 25 13 43 24 32 26 38 26 29 21 22 22 14 38 27 39 26 12 34 33 30 32 34 29 38 23 22 29 29 27 20 9 16 28 29 31 25 30 16 29 40 36 21 33 21 16 21 20 19 19 19 19 24 28 24 22 27 26 27 38 17 19 36 31 25 18 10 31 42 46 34 19 18 8 25 28 8 28 12 23 30 26 14 20 29 18 35 29 34 19 33 27 23 29 
21 27 27 16 24 32 22 17 25 8 27 23 19 22 32 24 28 15 12 22 18 21 17 16 27 22 23 29 32 19 31 26 34 24 20 23 20 15 11 23 30 32 21 21 37 11 25 32 32 20 28 25 25 39 35 15 28 19 32 31 26 12 20 19 26 28 25 23 14 16 22 20 32 29 28 17 14 13 35 18 28 21 16 26 18 32 28 14 28 21 23 18 22 18 34 21 24 19 21 16 19 31 32 34 27 29 16 25 28 26 27 10 6 32 29 25 15 19 26 17 24 12 27 18 17 33 27 18 18 30 9 25 22 10 27 21 16 28 18 22 23 32 28 22 19 15 29 34 27 26 15 24 29 25 23 18 36 24 17 25 28 22 19 28 26 25 23 29 15 24 26 18 39 30 19 12 33 13 26 26 16 24 15 21 28 34 4 31 4 26 17 26 20 15 13 8 28 32 22 25 13 30 21 22 20 31 25 29 17 27 24 26 27 21 26 15 20 21 25 25 22 19 25 28 26 21 36 28 20 16 0 21 11 3 2 25 25 23 21 18 19 37 23 22 24 20 22 37 22 21 22 26 13 31 29 19 33 20 37 24 18 22 19 20 16 23 17 8 19 23 32 32 27 25 21 13 3 18 25 22 21 19 31 25 28 33 21 17 21 35 26 24 34 17 24 24 31 36 14 27 29 19 5 28 22 23 17 21 32 20 28 22 33 20 14 27 19 30 30 24 14 33 29 17 21 18 6 33 29 17 12 21 20 22 29 22 26 33 7 26 19 30 20 30 29 13 23 32 33 21 21 25 38 18 32 8 21 34 20 26 21 23 29 17 25 15 22 24 27 28 14 19 23 19 30 20 29 22 17 26 29 19 21 19 16 25 19 24 33 26 11 9 17 25 29 14 22 26 37 15 35 32 21 25 15 16 29 22 47 20 29 23 31 26 17 17 16 17 16 40 19 32 29 10 31 37 27 24 20 27 30 27 22 25 28 29 9 23 24 32 17 19 20 28 23 27 33 24 12 21 22 17 34 18 8 22 7 15 27 24 25 17 37 20 19 25 20 20 20 19 20 23 8 17 35 27 31 22 23 24 13 26 17 36 17 28 18 35 19 20 15 18 30 13 22 20 28 15 4 17 
28 28 33 30 29 33 24 25 28 31 40 35 34 23 38 20 35 33 16 29 29 27 35 22 40 37 36 33 34 24 32 38 41 28 23 35 31 27 15 35 37 33 32 25 37 21 37 31 45 16 31 38 33 46 35 31 36 34 40 43 34 33 24 29 26 40 32 23 28 22 22 26 36 25 30 31 18 30 42 22 31 22 19 25 21 34 35 10 7 22 28 31 24 30 47 22 32 23 29 20 20 31 36 30 30 38 20 27 30 33 35 29 29 45 39 28 32 42 30 32 31 31 30 27 30 35 34 26 26 29 28 31 26 14 34 38 17 23 27 35 24 34 39 33 18 36 31 41 33 36 19 39 37 24 25 26 51 34 31 32 29 27 34 34 25 38 29 38 19 36 38 19 46 36 27 23 37 25 26 26 35 21 26 18 30 36 27 32 25 33 38 41 35 19 25 12 38 41 26 29 26 39 31 40 23 35 33 35 32 16 36 35 35 24 31 38 33 25 34 30 26 30 27 42 33 25 33 39 19 28 35 0 34 29 37 29 23 31 34 22 22 33 31 35 26 24 26 41 29 34 26 34 27 36 33 22 13 24 40 25 22 23 23 27 31 17 18 42 30 27 35 29 29 10 34 26 32 29 32 26 28 38 35 29 34 33 26 31 29 40 34 28 34 25 28 32 28 42 22 34 36 39 28 32 32 35 21 30 17 34 35 18 29 27 30 37 25 35 34 28 29 45 40 40 25 22 14 41 33 25 20 37 33 26 37 28 28 46 30 32 20 19 35 33 39 34 33 34 37 31 33 31 46 24 36 20 25 39 35 29 29 27 39 32 41 32 24 25 39 43 35 32 24 28 36 24 39 26 31 28 33 11 32 27 31 23 27 34 48 26 32 39 34 24 29 29 32 28 39 32 38 36 27 28 16 29 37 35 56 17 41 19 36 19 32 21 31 17 24 43 24 36 34 23 42 37 32 25 32 45 34 35 36 29 36 29 13 2 9 29 27 29 21 32 28 34 39 30 33 30 28 29 38 31 29 24 30 32 35 28 29 19 36 36 23 31 28 32 35 25 20 27 21 28 40 51 30 27 33 25 30 24 21 40 21 32 24 35 35 31 28 22 38 28 39 32 27 23 23 26 
28 38 36 31 39 48 42 29 35 31 44 28 37 45 40 27 25 38 38 40 41 40 37 38 48 35 39 36 28 8 42 49 40 45 45 46 27 38 37 44 36 32 41 33 43 34 29 51 52 34 38 43 46 32 37 43 42 26 33 46 40 35 30 42 37 49 43 39 35 35 40 19 38 43 36 30 40 36 42 35 43 35 41 15 34 52 40 32 29 36 40 47 32 32 63 39 37 44 35 22 42 36 51 38 37 45 37 43 34 45 47 28 29 45 43 31 38 44 43 33 42 33 34 40 35 48 33 34 31 40 30 39 31 36 40 42 26 42 18 48 22 44 46 40 40 30 43 40 43 38 41 43 45 46 43 45 53 39 37 45 44 39 42 18 44 46 28 40 35 30 47 28 49 50 31 35 39 27 37 41 39 43 35 20 46 46 31 37 30 43 41 45 33 21 27 34 48 34 45 47 30 45 41 40 39 37 40 34 32 38 45 31 43 43 44 38 41 27 40 38 39 43 43 45 47 38 44 31 26 15 34 22 0 32 36 37 33 45 42 38 38 52 44 38 32 30 37 41 28 38 29 46 39 20 48 38 35 46 38 27 33 37 40 43 42 39 40 42 42 45 48 45 40 32 42 29 37 38 46 27 27 40 53 47 38 49 44 40 33 24 40 34 53 38 29 40 30 43 27 37 41 41 28 34 43 42 43 36 39 40 40 28 50 26 45 50 41 44 36 36 40 48 37 42 42 24 36 44 45 33 30 47 45 39 30 32 34 46 30 31 33 40 43 36 53 36 37 43 43 44 44 30 54 37 38 22 27 55 43 39 30 48 39 40 45 38 30 34 41 49 37 34 38 24 42 36 41 41 38 41 35 33 35 35 39 25 20 39 49 42 45 43 40 46 46 37 36 38 47 37 36 48 31 43 38 43 40 28 58 33 47 37 45 38 30 36 37 37 29 41 42 54 41 27 49 48 40 46 45 44 47 38 37 44 37 41 35 24 31 43 40 42 35 38 31 34 47 38 27 43 36 31 36 35 34 29 30 34 32 21 39 37 42 41 37 41 25 34 46 38 36 33 25 46 57 60 49 34 33 23 36 35 23 43 23 29 40 41 29 35 44 33 50 39 44 34 43 38 38 39 
18 29 26 13 21 31 19 22 26 24 27 24 24 23 29 24 34 26 9 26 25 30 28 30 24 30 29 26 29 17 31 37 32 21 17 29 24 30 8 27 28 29 18 18 34 8 31 32 40 27 29 32 28 41 32 24 32 27 29 36 29 22 17 23 24 34 25 20 25 16 20 17 29 28 30 24 11 27 32 15 30 25 13 29 15 29 25 16 25 25 21 15 19 25 31 18 26 16 33 13 20 28 29 32 32 26 13 22 25 28 28 22 22 35 32 22 22 16 23 26 28 24 24 22 24 30 24 22 20 27 21 22 19 7 27 32 13 26 22 31 20 31 33 26 16 12 26 32 30 31 12 31 31 27 20 15 42 29 24 22 27 20 24 27 28 34 23 31 12 36 23 15 36 34 23 24 30 25 23 24 23 27 12 18 25 33 20 29 1 26 14 35 31 12 25 5 28 30 19 22 24 38 24 29 20 28 31 26 25 28 22 27 32 28 25 31 17 18 34 22 19 22 22 37 26 18 35 29 17 13 23 18 27 0 25 22 22 42 18 15 16 37 30 27 32 17 23 34 19 27 19 29 20 29 26 19 31 17 37 28 15 24 16 30 13 27 27 31 27 20 34 32 24 28 29 18 26 15 23 19 18 31 28 22 27 30 19 33 23 33 38 21 32 24 21 25 28 35 16 27 33 16 21 25 32 20 14 29 35 29 32 19 33 17 23 24 24 31 27 21 23 38 26 14 26 15 27 30 31 20 17 18 17 19 26 22 24 30 23 26 23 36 27 27 26 29 34 32 30 18 36 22 39 17 29 20 18 42 25 23 26 20 32 22 27 29 30 21 34 33 21 29 27 22 34 17 32 21 27 23 26 25 18 20 21 22 16 29 39 23 25 23 27 22 38 19 19 25 34 26 36 29 21 24 25 13 30 26 44 27 26 25 32 23 31 14 23 14 18 41 17 29 28 21 35 34 24 25 17 24 27 33 27 22 33 26 6 20 27 34 21 23 25 32 20 24 36 21 9 23 25 25 34 24 5 20 23 25 31 21 22 14 38 32 16 24 24 32 29 19 17 20 19 14 34 44 29 21 29 21 23 27 14 33 14 25 20 32 27 25 12 15 31 22 38 32 33 20 16 21 
19 25 27 14 22 30 20 23 23 6 25 25 25 20 30 22 26 13 10 27 16 19 15 14 25 20 30 27 30 17 29 24 33 22 18 21 18 13 9 21 29 30 19 19 35 9 23 30 30 18 26 23 23 37 33 15 26 17 30 29 29 10 18 17 24 26 23 21 12 14 20 18 30 27 26 15 12 11 33 16 26 19 14 24 16 30 26 17 26 19 21 16 20 16 32 19 23 17 19 14 17 29 30 33 25 27 14 23 26 24 25 8 4 30 33 23 13 17 24 27 22 10 25 16 15 31 25 16 21 28 7 23 20 8 25 19 14 26 16 30 21 30 34 20 17 13 27 33 25 24 13 22 27 23 21 16 34 22 15 23 26 20 25 26 24 23 21 27 13 22 24 16 37 28 17 10 31 11 24 25 14 28 13 19 26 32 2 29 2 27 15 36 18 13 11 6 26 30 20 23 11 39 19 20 21 29 23 27 26 25 22 28 25 29 25 13 18 19 25 23 20 17 23 26 24 19 34 26 18 14 19 19 9 1 0 23 23 36 19 16 17 35 21 20 22 18 20 35 20 19 20 24 11 29 27 20 31 18 35 22 16 20 17 18 14 21 15 27 17 21 30 30 25 23 19 11 1 16 23 20 19 17 29 23 26 31 19 15 21 33 24 22 32 15 22 22 29 34 17 25 27 17 3 26 20 21 15 30 30 18 26 20 31 18 12 25 17 28 28 22 24 31 27 15 19 16 25 31 32 21 18 19 18 20 27 20 24 31 5 24 17 28 18 28 27 11 21 30 31 19 19 23 36 18 30 6 19 32 26 24 19 21 27 23 23 13 20 22 25 33 12 17 21 17 28 18 32 22 15 24 27 17 19 17 22 23 17 22 38 24 26 24 15 23 28 20 20 24 35 25 33 30 19 24 13 14 27 20 45 28 27 26 29 24 15 15 14 15 19 38 17 30 27 8 29 35 25 22 18 25 28 25 28 23 26 27 7 21 22 30 15 17 18 26 21 25 37 22 10 19 20 15 34 16 6 20 5 26 25 22 23 15 35 18 17 23 18 18 30 17 18 21 6 15 33 25 29 20 21 22 11 24 15 34 15 26 16 33 17 18 13 16 28 23 20 18 26 13 2 15 
27 28 30 14 14 33 15 24 24 25 31 35 22 23 32 20 34 27 16 28 21 19 34 30 36 28 25 28 29 24 32 15 14 28 24 32 31 26 15 29 10 40 24 25 36 28 27 31 37 16 24 34 29 39 31 31 31 30 32 31 36 18 10 22 27 33 26 22 19 22 27 26 36 25 25 20 18 23 41 22 29 22 20 24 21 30 35 17 23 22 23 31 26 22 47 24 35 23 29 16 20 29 33 31 26 27 20 29 25 29 35 8 23 38 39 18 18 36 30 20 30 17 28 23 26 31 25 23 31 29 14 23 26 14 32 32 26 27 23 25 23 19 29 28 18 13 19 14 23 29 19 10 31 26 21 26 48 36 22 28 29 25 22 34 24 28 29 27 16 32 28 27 33 35 4 29 23 21 25 26 22 23 18 14 29 21 21 30 21 32 16 29 34 19 21 12 24 33 21 22 26 31 17 20 22 31 26 8 18 12 28 38 34 17 26 32 33 11 26 29 26 24 18 33 33 25 35 40 15 26 17 16 22 20 19 0 23 35 30 19 23 33 31 18 21 24 20 40 20 34 26 20 27 32 22 21 29 24 36 25 22 18 23 27 23 17 18 25 30 27 28 20 25 10 30 11 20 21 32 19 19 24 28 29 25 32 24 34 29 33 34 28 34 22 21 26 24 35 29 31 22 36 22 32 27 34 21 22 30 27 14 18 29 18 30 41 26 36 28 27 17 33 27 34 16 22 23 41 24 17 27 30 33 26 29 27 23 44 18 32 20 30 23 23 36 24 31 34 37 29 32 4 46 21 36 16 20 39 23 29 11 27 14 20 28 25 19 22 31 31 20 31 16 19 16 24 39 25 26 24 29 11 34 21 19 19 27 29 30 25 28 26 34 24 29 17 30 13 34 27 34 36 27 27 16 29 34 27 52 26 20 26 27 18 27 21 23 24 31 39 21 36 33 23 40 23 31 25 28 43 34 28 25 29 18 31 13 18 22 29 20 22 13 27 18 29 43 37 10 27 27 25 35 31 22 7 24 28 12 28 29 15 36 30 23 31 5 28 23 25 19 27 21 30 38 42 29 26 28 24 19 12 21 37 21 32 23 37 24 25 28 22 24 16 36 28 21 22 21 22 
30 27 38 29 31 35 26 27 35 31 35 31 31 30 38 31 40 34 23 27 22 29 18 35 32 38 18 13 30 31 31 26 39 28 23 23 29 15 22 21 36 34 27 32 35 24 25 30 36 27 32 33 23 34 39 30 32 28 30 40 36 21 21 34 30 32 33 21 18 21 26 33 39 36 27 21 25 21 44 27 36 27 19 35 20 33 19 22 31 3 20 31 16 27 47 27 38 30 29 25 27 29 43 39 21 34 14 36 22 17 28 14 29 33 41 13 19 32 31 29 32 16 30 27 25 35 37 22 27 32 13 16 20 21 33 37 18 20 29 32 34 18 40 30 30 28 34 39 34 25 26 28 28 36 27 28 42 26 21 25 31 19 31 26 28 33 28 33 26 32 31 20 39 34 15 30 33 21 24 34 25 21 28 25 29 20 27 30 17 36 25 29 40 24 29 19 32 31 20 23 31 28 25 29 33 35 34 34 29 23 20 34 35 31 28 35 33 22 37 28 28 15 29 40 24 26 30 32 26 29 23 24 33 16 25 27 0 34 26 29 22 42 21 31 32 14 30 44 21 33 13 22 26 40 40 32 37 30 21 6 29 31 30 29 27 31 26 31 31 29 41 19 18 29 19 22 26 31 39 25 34 23 29 31 22 36 33 36 12 29 34 8 39 21 13 28 24 27 31 31 21 32 28 35 24 26 27 33 36 24 33 17 38 33 27 34 27 36 20 26 26 42 33 30 27 27 29 43 23 24 22 34 33 27 33 9 27 41 29 29 25 24 24 18 30 35 31 37 42 33 21 31 38 29 36 24 25 39 32 28 22 34 23 29 36 23 30 26 27 39 23 23 27 30 34 30 32 24 15 28 33 25 32 23 27 30 23 35 33 36 34 32 25 36 38 26 34 12 29 33 41 38 26 23 24 24 34 12 43 30 31 28 29 29 25 28 31 29 25 42 24 38 15 28 39 28 28 32 32 40 36 22 21 32 29 20 20 26 28 32 33 32 24 29 15 30 45 18 25 35 26 26 34 30 21 18 27 28 23 35 6 26 28 25 30 31 16 28 32 24 30 7 26 28 40 50 33 8 17 26 22 21 21 39 25 22 22 26 13 31 28 29 26 25 32 28 32 23 17 26 
30 34 30 31 14 28 31 31 36 24 14 35 19 27 28 27 40 31 25 30 25 25 33 15 29 34 21 24 18 27 38 32 37 31 26 34 27 29 26 33 33 38 33 36 35 26 32 36 33 23 29 30 40 45 43 35 29 35 32 31 33 21 6 30 27 29 30 24 15 22 23 26 39 32 33 24 29 29 42 28 32 30 22 41 21 40 36 17 20 30 29 34 28 23 50 21 36 34 22 14 24 31 41 37 28 34 28 38 34 29 43 11 22 29 36 18 22 31 22 20 29 13 23 20 22 36 17 19 28 31 10 35 34 25 36 31 22 39 27 25 21 29 28 27 34 30 38 37 26 18 30 10 31 26 32 35 49 38 18 32 24 29 22 35 27 26 29 32 24 25 41 24 29 31 26 25 19 27 27 23 25 33 27 27 35 37 33 32 19 33 32 29 32 28 27 23 29 33 8 11 31 27 22 31 30 36 31 38 14 32 37 35 40 25 32 31 35 7 3 36 23 37 34 39 32 34 37 38 33 22 33 27 27 31 31 35 30 0 23 33 25 39 38 26 33 25 26 45 12 28 31 43 31 37 37 29 26 27 39 33 25 31 34 29 29 33 26 41 25 36 36 30 30 26 27 17 21 30 28 15 11 20 17 27 21 35 32 33 29 38 38 29 43 18 17 25 37 31 26 31 35 34 21 39 23 34 24 18 33 23 29 25 39 10 32 35 27 40 28 34 17 33 38 29 24 29 27 34 27 20 26 30 36 35 29 26 34 44 23 28 28 31 27 23 38 27 24 17 36 26 35 34 42 21 41 22 16 43 23 25 27 38 30 20 43 31 31 18 30 31 23 31 22 31 31 24 44 25 32 32 34 27 33 20 19 32 27 32 37 33 36 41 31 35 31 17 27 29 34 24 37 33 27 33 24 32 30 23 50 30 40 26 20 35 33 32 19 24 28 42 27 45 32 28 36 39 38 29 25 39 31 33 14 39 34 37 24 15 25 34 28 30 19 33 14 18 40 30 27 27 29 31 34 34 23 13 23 35 34 33 36 26 41 29 34 33 27 21 23 25 27 28 26 29 37 42 26 25 24 22 22 12 26 44 30 30 17 40 20 28 31 33 31 16 32 32 27 30 22 26 
13 26 22 22 20 24 24 30 29 28 9 26 28 26 31 29 43 30 18 22 10 27 28 33 6 35 32 25 33 19 30 23 27 29 20 11 33 12 17 27 36 38 29 27 36 17 13 14 41 25 20 34 29 33 40 33 37 35 32 31 30 4 23 28 21 36 30 28 23 20 28 21 37 34 33 9 20 30 27 11 26 20 16 37 19 34 32 19 22 25 15 33 22 24 49 30 28 25 23 22 23 36 32 36 23 35 19 28 28 30 37 19 26 24 28 23 7 35 17 26 25 21 27 22 26 32 33 27 22 25 18 28 25 16 21 33 22 32 24 30 24 30 34 23 25 21 31 33 18 22 21 16 33 23 22 28 48 32 9 29 28 14 28 29 20 30 27 21 17 29 32 16 43 22 17 27 28 19 19 30 8 27 26 23 12 32 28 29 10 35 23 30 35 21 19 14 20 33 28 28 29 39 13 14 32 35 22 34 26 25 30 27 34 23 27 35 26 24 34 31 15 31 27 29 27 27 32 34 20 18 26 21 24 23 26 31 31 44 0 24 19 31 27 28 30 16 24 36 20 23 25 38 29 28 35 31 28 26 27 28 17 26 25 28 22 31 21 34 28 29 38 31 24 31 25 19 25 29 27 18 27 28 34 31 25 39 28 33 25 29 25 20 26 26 19 33 14 28 18 23 27 25 25 34 31 25 23 30 38 27 30 27 27 26 32 33 28 34 22 30 23 33 21 33 30 19 29 38 35 25 25 26 32 28 30 14 31 31 26 30 18 26 12 28 33 19 28 27 32 28 18 30 44 13 38 14 19 43 29 27 20 29 25 26 36 32 28 22 33 37 6 29 16 25 32 26 41 17 21 25 33 25 36 28 25 28 20 35 38 35 32 35 23 31 32 23 29 24 36 24 25 25 25 18 19 28 26 14 48 32 31 25 25 31 14 23 31 26 20 30 26 38 27 26 40 34 33 28 27 37 23 24 27 31 27 29 15 17 30 29 26 28 21 29 23 19 32 33 18 19 28 23 29 33 14 15 27 18 25 24 27 19 36 29 25 31 18 25 29 23 29 19 24 32 43 48 25 20 19 25 17 18 23 29 17 34 29 35 15 31 30 24 31 22 28 21 29 32 22 21 
35 22 35 32 12 36 33 34 34 33 26 26 27 39 38 24 43 27 28 29 28 15 27 25 42 31 32 24 27 15 26 36 35 33 34 41 39 34 27 29 31 45 37 37 43 24 36 41 39 20 31 30 13 39 39 28 34 38 31 48 27 26 31 28 33 43 26 29 22 31 29 17 36 29 28 27 30 22 49 33 34 31 30 39 30 33 20 22 36 25 31 33 25 18 49 29 24 35 30 20 36 35 43 42 34 34 25 34 30 33 37 25 31 38 24 16 25 31 32 25 13 27 40 27 22 35 38 26 18 33 24 27 29 26 36 38 29 31 25 30 20 29 36 11 33 31 40 29 36 26 31 34 38 24 25 34 47 31 31 40 32 32 27 25 25 33 38 38 26 33 36 31 49 36 28 32 44 23 32 34 30 16 31 27 36 31 29 36 20 31 33 34 31 19 23 24 31 32 31 20 28 38 24 34 29 26 33 29 25 35 36 23 30 23 39 34 36 32 33 37 11 37 23 32 35 34 36 32 26 22 30 29 32 19 32 33 22 40 36 0 22 39 32 36 24 15 20 46 25 19 24 42 24 27 38 28 22 29 40 28 13 33 35 31 31 32 36 37 24 39 39 30 29 30 30 27 22 34 38 25 32 34 26 35 26 39 30 41 21 31 31 19 48 25 24 32 35 38 14 18 32 35 30 32 35 36 26 29 37 28 30 26 44 31 33 40 28 43 26 37 22 50 40 29 23 27 23 34 34 25 29 22 35 35 28 20 26 47 32 29 29 37 30 21 41 37 32 44 28 30 39 28 49 26 36 18 25 43 28 23 31 29 36 25 37 24 22 32 27 36 28 31 27 22 32 29 39 30 26 28 25 29 36 27 24 32 18 14 44 32 40 38 19 39 38 22 31 23 32 24 41 21 36 31 34 31 21 25 56 20 34 31 43 37 26 33 30 23 16 44 17 48 26 25 36 29 39 37 32 34 19 35 30 41 21 21 25 31 29 34 26 28 32 17 19 27 28 31 28 32 32 27 26 33 24 26 26 31 36 36 28 28 34 29 35 36 29 29 28 34 26 18 23 32 44 39 30 19 30 21 33 29 21 32 25 36 5 27 26 10 30 31 45 21 35 30 36 24 23 26 
25 15 33 30 32 24 31 31 35 20 31 37 25 27 37 31 33 34 26 22 16 31 22 26 39 32 37 27 38 34 19 35 34 34 19 35 23 32 25 28 30 41 33 16 28 25 31 37 42 27 38 38 30 41 41 30 20 22 27 34 36 24 26 29 26 38 33 24 29 9 22 28 35 34 14 28 28 24 39 30 27 9 30 27 8 41 23 20 27 26 16 30 3 26 43 27 38 33 33 13 24 32 43 30 32 27 27 36 9 29 32 24 31 40 39 26 26 33 18 23 18 29 36 23 30 31 39 25 30 30 26 10 31 24 33 25 25 14 22 28 26 31 34 35 29 27 38 27 31 32 29 30 34 33 23 32 38 13 28 18 20 15 25 33 29 31 16 38 26 36 33 22 32 27 24 26 29 25 19 32 27 15 27 25 33 33 29 30 18 29 31 32 37 21 25 22 31 28 31 34 31 36 32 23 27 37 38 28 23 23 37 40 35 24 29 33 24 27 31 21 34 18 34 38 31 13 37 19 26 30 28 20 30 17 27 20 30 37 33 27 0 30 28 36 29 33 27 39 22 26 14 25 26 46 30 26 27 30 42 29 32 27 33 34 21 28 22 36 21 35 43 27 12 21 26 27 25 30 27 28 32 36 39 37 23 39 31 36 16 40 33 31 28 24 20 28 35 34 28 34 34 33 30 34 36 29 30 27 28 25 22 25 26 32 27 28 29 33 27 19 20 36 39 31 27 9 20 41 31 23 26 33 32 14 32 22 20 43 32 19 7 39 28 30 34 32 35 30 47 27 33 24 34 24 38 20 27 41 26 16 26 37 34 23 38 26 27 28 35 27 25 30 28 31 24 23 41 27 22 24 35 22 29 26 22 26 29 36 27 36 36 37 29 31 36 20 28 25 35 30 40 25 14 19 20 26 37 31 49 21 24 19 32 21 28 20 18 27 28 45 30 44 28 28 33 26 23 29 28 34 42 35 28 28 26 23 23 22 20 35 27 29 25 16 16 31 43 32 26 29 29 29 26 23 22 23 25 33 28 21 13 26 42 27 33 20 21 32 26 12 30 30 26 31 45 38 34 21 33 13 18 15 23 42 23 29 28 29 29 32 29 32 29 19 29 27 33 26 17 22 
33 24 29 26 20 34 14 26 34 23 36 21 25 26 34 30 40 18 23 29 21 27 31 31 33 22 27 30 19 26 28 37 23 24 20 34 24 30 26 20 22 34 32 32 40 15 34 33 31 28 32 14 23 27 41 18 27 23 35 37 34 24 12 28 25 28 17 26 13 25 21 26 39 29 21 20 29 22 46 18 22 25 28 33 24 24 32 23 26 25 15 24 24 29 40 27 26 34 28 18 23 10 24 34 34 32 2 32 24 23 29 17 21 24 35 24 18 34 31 24 13 19 6 17 6 25 23 17 29 29 16 21 8 25 27 28 20 25 17 31 27 31 34 11 23 25 21 26 27 24 30 16 28 28 15 26 41 25 22 36 30 25 28 30 29 32 32 19 7 31 38 22 35 35 22 27 25 28 26 27 21 26 26 25 28 23 19 11 19 28 29 20 29 22 20 23 32 31 14 17 28 31 25 27 29 29 26 20 20 28 36 24 5 23 19 30 32 13 9 33 22 20 17 32 27 28 42 31 27 22 15 21 26 18 17 32 32 38 27 17 21 0 25 31 17 26 11 30 18 30 26 27 14 31 34 28 22 20 33 17 24 25 34 31 28 29 21 23 31 21 39 28 23 22 24 22 18 29 32 21 17 26 23 23 27 32 30 6 25 35 29 30 39 16 23 23 35 18 25 30 15 34 20 35 29 29 17 22 32 9 26 29 24 16 15 31 28 25 34 31 23 39 39 32 10 25 21 35 32 26 24 33 26 29 32 27 19 41 22 29 23 37 23 29 33 28 16 34 19 23 32 27 39 20 39 23 22 40 29 25 9 37 36 26 26 21 15 23 23 34 19 22 27 18 28 22 38 24 23 18 27 23 27 18 25 30 25 31 28 32 22 24 20 29 20 23 24 25 29 28 31 32 29 29 19 22 33 27 49 30 25 31 26 31 23 30 23 23 27 36 18 30 37 25 20 41 32 25 22 40 30 27 20 23 16 33 24 21 24 40 26 28 24 17 20 24 39 30 22 26 31 29 37 33 20 19 22 26 30 31 31 9 35 26 34 26 23 27 29 27 26 29 23 23 35 42 25 30 30 28 17 18 24 36 28 8 22 22 26 27 21 26 29 22 30 23 32 24 5 16 
31 30 29 27 32 29 19 30 21 21 19 26 25 35 31 20 41 21 25 31 26 13 25 25 21 34 30 27 38 32 29 33 36 33 33 25 30 28 24 15 32 32 34 32 38 24 27 9 42 18 26 26 17 28 30 28 26 29 36 39 25 22 29 24 27 40 31 27 27 12 23 31 42 27 20 25 24 26 45 26 27 29 29 37 23 29 26 20 22 28 25 31 12 16 47 22 29 32 28 14 32 35 41 39 25 32 29 23 18 28 35 23 19 40 35 29 23 32 27 23 20 25 27 22 28 30 16 22 31 31 22 19 35 23 37 28 25 22 14 28 34 37 34 18 29 26 26 36 13 24 28 32 27 34 20 27 36 22 19 25 30 24 25 5 26 31 19 37 28 31 30 27 39 22 25 25 32 20 28 19 26 22 28 13 34 39 17 30 17 27 22 32 33 27 20 21 29 36 31 34 26 34 22 32 14 41 27 31 22 11 25 28 38 19 35 28 33 20 31 32 30 27 22 24 3 22 34 28 14 29 13 15 24 16 15 31 25 36 34 29 31 33 0 32 16 23 27 45 25 34 23 34 26 34 35 26 28 29 20 31 31 30 32 8 29 28 30 21 10 36 32 33 21 25 13 23 16 18 27 18 24 32 40 33 20 37 26 30 19 38 20 27 37 30 20 28 23 34 27 30 21 21 18 22 35 20 27 25 32 22 27 20 29 23 27 36 28 36 32 30 20 41 35 30 27 28 19 40 36 23 25 33 33 23 37 28 18 30 20 22 27 34 21 34 9 14 30 29 21 16 28 27 43 24 38 15 19 26 26 24 29 33 35 23 20 7 29 28 25 33 24 17 25 23 29 21 29 28 9 23 39 26 34 23 22 18 30 31 35 30 24 22 30 35 36 20 17 31 34 22 20 27 17 19 28 3 33 24 42 20 26 28 37 31 9 28 26 21 29 25 15 45 34 23 32 35 26 30 27 21 38 29 28 36 28 27 22 17 24 34 22 24 25 22 23 37 39 37 23 30 29 24 13 31 21 19 20 27 31 35 22 14 39 12 16 23 24 27 26 15 24 26 21 30 40 37 30 27 29 22 26 20 27 44 30 30 27 33 25 27 28 28 38 19 23 27 33 27 17 21 
27 29 34 24 30 34 8 20 34 34 32 32 30 24 38 30 42 23 28 21 24 24 33 29 38 18 38 33 38 28 33 37 38 29 30 34 29 26 30 25 34 41 34 28 34 28 30 28 36 29 34 33 17 33 40 34 29 28 30 39 36 18 26 30 30 48 22 23 18 20 26 23 42 38 23 23 33 16 41 25 32 23 35 39 19 18 34 25 32 23 13 29 23 27 42 32 36 38 30 12 21 31 43 37 35 28 30 34 18 17 38 30 32 38 37 25 21 41 27 28 32 27 34 11 25 19 35 22 31 25 30 15 35 29 23 22 25 19 11 33 26 35 39 30 29 23 15 38 26 35 34 29 22 21 9 34 36 33 23 38 30 24 30 24 22 36 27 35 31 41 37 27 49 36 27 37 38 30 18 30 22 20 28 23 41 37 33 32 24 32 37 37 16 25 25 27 31 25 28 31 34 28 27 28 31 38 36 34 27 22 38 35 30 25 39 35 36 27 23 33 24 17 11 26 22 22 40 38 25 25 29 25 37 26 31 32 26 26 32 19 32 28 19 0 21 28 16 38 30 32 23 24 30 32 43 33 30 25 27 26 26 24 33 27 26 31 19 37 29 34 10 32 17 30 18 1 24 31 36 27 29 34 37 36 31 26 32 34 27 36 31 32 37 21 29 25 33 38 27 31 26 39 34 33 31 34 22 31 37 33 36 32 37 28 27 33 22 43 35 31 25 41 37 40 27 22 26 42 36 24 29 35 31 13 34 28 23 35 33 29 21 39 26 30 28 27 35 35 40 17 32 32 33 25 42 25 28 37 31 30 23 41 38 28 31 18 19 28 36 36 20 17 23 12 37 26 32 26 20 12 39 26 32 23 23 28 24 33 32 37 33 37 32 35 41 25 18 29 23 35 25 34 25 28 17 22 34 27 43 24 40 34 31 33 20 24 27 28 29 30 22 43 37 31 39 36 35 26 16 40 32 37 33 32 18 28 28 27 29 37 28 30 20 25 25 33 41 35 20 31 28 34 32 32 28 30 27 30 33 31 32 3 39 23 35 31 28 37 31 23 31 31 29 28 46 47 19 30 32 27 15 20 27 41 31 22 24 34 28 29 26 29 28 24 34 36 28 18 25 10 
28 28 29 26 19 33 19 31 23 32 20 25 19 30 37 20 32 29 27 29 19 31 20 36 41 33 19 21 34 25 32 20 33 35 24 17 39 27 26 27 29 32 25 32 38 25 19 36 42 22 26 33 28 37 30 34 10 39 30 40 22 19 29 24 29 42 28 31 24 31 25 27 28 26 4 18 29 23 42 20 29 25 27 27 30 29 21 25 22 26 24 35 29 20 51 25 34 34 28 12 27 39 40 25 25 16 28 20 29 28 26 24 30 33 37 21 16 36 28 35 30 26 27 22 25 30 29 28 28 33 23 26 21 25 25 33 30 30 22 36 27 34 28 28 29 17 26 33 28 28 30 25 33 31 20 37 37 32 18 29 34 23 37 24 23 36 31 29 26 31 33 25 30 26 23 31 32 20 26 30 17 22 19 13 38 36 28 32 19 11 32 38 38 11 20 23 29 31 33 27 23 34 22 23 31 27 28 28 27 11 29 28 37 19 36 34 35 20 38 21 24 25 22 21 30 33 34 21 14 24 30 15 32 29 32 20 23 45 37 17 30 39 27 32 0 25 22 45 24 21 26 32 30 34 27 30 28 31 35 29 23 30 34 28 31 28 30 38 35 32 36 35 28 25 25 23 20 22 31 24 22 33 33 34 17 37 13 41 14 38 17 29 41 27 26 30 23 37 24 30 33 31 29 24 36 35 28 25 32 19 34 18 36 22 31 41 29 43 31 19 32 42 27 35 21 19 29 36 25 23 26 35 37 21 27 23 2 43 28 33 29 34 21 26 36 29 30 30 38 28 15 24 41 22 28 15 17 35 31 29 24 33 34 17 38 25 32 31 28 17 15 29 25 23 36 5 31 26 21 23 25 26 38 25 28 18 17 31 43 34 39 39 27 35 27 32 29 28 34 24 33 24 36 27 28 28 33 23 48 31 39 22 34 33 6 32 26 25 26 38 25 41 36 20 33 30 23 26 27 37 32 25 34 20 31 22 24 17 24 26 22 11 25 6 27 28 41 32 22 28 29 24 29 22 23 19 31 27 31 33 29 14 33 21 34 38 24 27 38 34 28 28 18 34 40 28 28 29 28 28 26 27 13 38 17 28 22 28 24 27 32 26 33 31 20 17 33 25 21 21 
26 23 34 25 29 31 29 23 33 23 32 32 27 26 39 27 36 30 19 31 23 30 30 31 36 34 36 9 26 27 27 36 37 24 19 33 26 25 18 23 33 30 30 28 31 20 30 32 32 23 28 28 25 34 35 26 28 25 26 36 35 17 27 31 26 28 29 27 14 17 22 29 37 32 23 22 21 22 40 24 32 23 15 38 16 29 31 18 27 21 17 27 12 23 43 23 34 26 25 21 23 35 39 38 27 30 10 32 18 29 38 10 21 29 37 9 20 28 27 25 27 12 26 24 20 31 36 18 29 28 9 12 16 17 34 33 14 16 30 28 32 14 36 25 26 24 36 36 34 21 22 29 35 35 30 27 44 22 17 28 27 24 27 28 24 29 24 29 22 28 35 16 42 30 24 26 38 17 28 30 21 17 24 27 25 16 19 35 13 36 26 25 35 20 28 15 28 27 16 19 27 24 21 25 31 31 30 31 25 31 34 32 36 30 24 30 29 28 33 24 24 27 32 38 26 22 36 28 24 25 15 20 26 12 17 23 18 30 30 25 18 38 23 31 33 0 28 44 17 29 9 34 22 36 36 30 33 26 39 24 25 28 26 30 23 31 23 23 28 30 41 15 14 25 21 22 18 27 35 29 30 19 25 30 18 32 29 32 24 25 30 4 35 17 9 24 20 23 27 35 17 28 20 31 20 22 23 29 32 20 32 13 34 29 23 30 28 32 19 22 22 38 37 26 23 23 21 42 19 20 18 30 29 23 34 5 30 42 22 25 21 30 25 14 32 28 27 33 39 30 31 27 34 25 32 23 21 35 28 24 32 30 29 25 34 24 32 22 32 35 19 25 24 33 30 27 38 29 17 24 29 26 30 19 23 32 28 31 29 34 26 24 28 32 34 22 31 8 25 30 40 34 22 28 21 25 33 27 56 32 28 27 33 33 26 24 27 25 29 45 27 39 11 24 34 33 26 28 29 36 32 32 17 32 35 25 16 22 24 37 29 31 24 25 11 26 41 33 21 31 27 22 35 26 17 18 22 24 32 31 22 24 24 21 26 27 25 24 28 20 28 3 22 26 36 42 29 4 23 22 19 17 17 42 21 34 18 31 19 27 24 25 30 21 28 24 32 24 13 23 
27 34 30 22 24 28 22 18 31 27 25 22 30 29 34 22 29 7 12 24 21 26 21 36 22 11 32 30 31 26 38 36 26 13 24 27 29 28 17 9 22 25 21 27 32 17 23 28 20 24 24 17 30 37 30 31 16 28 26 35 32 20 17 26 14 40 6 18 2 14 10 15 34 32 28 11 20 29 41 19 32 28 22 31 13 37 28 25 25 28 18 13 22 28 29 21 24 25 31 12 26 26 27 36 28 35 22 25 27 17 31 14 25 37 36 19 18 35 21 28 16 24 30 11 9 19 28 6 23 18 21 15 27 16 16 22 9 19 11 33 18 31 39 14 22 21 31 26 16 31 21 23 22 29 9 28 30 32 22 25 24 20 30 24 24 36 21 23 21 34 32 11 36 31 11 31 30 23 21 25 21 20 15 16 25 33 25 27 10 35 23 37 24 17 9 14 24 25 21 24 23 37 17 27 18 33 26 20 25 19 25 25 30 25 31 19 26 18 16 31 23 26 25 26 22 21 32 27 22 11 21 18 29 24 23 31 29 38 16 24 25 35 19 25 26 26 0 33 23 31 22 32 27 32 33 17 25 9 31 30 24 19 23 27 22 29 24 21 24 23 32 30 17 22 18 18 24 18 36 21 22 31 30 25 19 28 27 36 21 33 27 30 28 5 23 12 26 37 19 31 26 25 26 28 34 18 6 28 35 18 26 24 31 21 27 33 22 27 29 30 25 37 31 33 11 24 25 43 34 24 13 27 15 22 24 22 27 35 25 24 26 36 23 24 28 17 19 33 39 16 34 16 42 21 29 18 14 32 23 32 23 29 26 28 36 26 24 12 37 23 19 11 20 15 28 20 32 21 22 12 31 23 16 7 27 21 14 30 32 21 24 21 28 22 36 25 17 25 23 27 29 33 19 23 22 11 34 24 42 32 24 34 28 25 24 23 29 12 21 34 10 32 29 20 23 35 33 28 15 40 31 28 27 26 24 28 15 20 27 30 24 25 20 20 23 31 34 19 18 25 23 27 32 28 14 14 11 28 19 29 20 22 36 18 25 16 12 30 31 17 15 29 18 12 37 34 29 22 29 19 20 20 19 28 23 22 24 34 25 31 10 24 33 24 19 26 28 18 22 10 
30 26 39 39 37 35 27 38 38 31 40 44 36 28 39 28 41 35 29 30 27 32 33 30 47 39 40 37 32 36 30 40 42 38 12 37 34 29 28 37 38 46 28 27 38 29 39 44 52 29 37 42 36 52 46 37 31 33 38 45 39 21 35 32 27 29 34 24 35 20 23 35 46 38 25 26 28 34 44 28 38 20 8 38 19 28 32 11 20 27 27 41 14 35 54 28 42 36 40 24 25 32 37 31 40 37 33 40 20 36 42 33 38 37 45 22 24 41 29 34 29 36 19 30 34 38 42 31 30 31 33 21 39 27 38 36 30 25 30 39 37 38 44 28 31 38 34 38 41 42 32 33 18 37 28 39 40 24 26 21 31 26 36 41 37 42 27 38 20 46 35 32 35 38 29 19 40 35 27 39 25 26 22 31 31 40 40 33 27 32 26 33 47 32 35 25 37 39 39 42 26 47 30 31 24 37 39 36 34 29 32 44 36 27 20 44 29 36 42 32 32 29 30 44 40 24 41 30 32 31 39 13 36 28 38 31 24 44 44 33 11 41 38 35 27 33 33 0 33 34 25 36 34 44 41 23 26 34 45 30 34 29 36 27 25 30 31 47 32 40 45 38 23 23 36 26 33 25 38 28 25 43 48 42 34 34 34 34 27 46 44 32 39 35 30 37 41 31 35 35 37 42 41 45 37 29 31 38 30 36 33 19 37 35 33 39 28 44 32 30 31 47 46 42 26 20 27 48 42 32 33 25 43 25 41 29 23 31 32 30 18 32 29 27 38 39 44 39 32 36 35 32 45 30 43 30 29 48 36 27 37 40 42 34 41 36 25 32 44 38 23 21 33 29 35 26 51 27 32 31 40 24 40 32 33 36 36 31 38 27 35 48 40 37 42 31 37 32 38 36 44 36 25 29 29 31 38 31 60 25 35 20 42 32 33 31 29 18 37 49 28 49 35 23 40 37 34 30 35 45 40 40 38 36 32 33 26 15 22 39 30 32 30 27 27 36 40 42 35 36 29 39 37 31 17 32 36 39 37 32 24 22 46 38 36 31 30 42 18 23 21 31 21 40 48 49 38 28 36 24 29 26 28 46 32 40 32 39 32 27 38 32 40 30 40 38 38 24 28 29 
33 33 33 36 19 34 22 32 32 29 39 34 25 24 33 15 41 21 26 33 26 13 35 35 36 25 32 38 34 24 37 41 28 27 34 40 15 32 25 23 24 39 35 34 41 31 37 41 31 11 29 27 31 41 43 36 30 40 37 36 34 24 22 26 28 45 20 27 16 27 24 29 42 20 29 25 29 30 47 31 23 27 30 31 26 32 37 20 36 27 17 27 27 16 43 24 29 38 27 24 25 35 41 40 33 37 35 39 32 31 45 27 27 42 38 23 23 37 34 20 30 29 35 24 23 33 29 20 34 24 26 29 37 29 30 26 23 33 25 28 32 35 34 28 28 35 29 28 30 24 29 15 35 31 23 36 44 37 29 39 30 30 25 34 29 30 34 34 34 31 44 25 45 37 25 31 35 34 30 32 28 25 29 27 34 37 25 26 24 34 35 29 30 29 23 27 29 38 27 27 31 36 22 34 25 34 31 34 23 33 39 37 37 25 40 33 38 23 28 39 34 31 25 27 36 35 42 39 34 25 21 29 16 24 23 38 33 30 30 23 24 42 33 14 25 34 14 45 0 37 28 38 34 36 42 24 39 23 38 30 36 28 35 22 17 30 23 29 31 37 24 36 31 36 31 5 24 32 37 29 23 36 33 33 29 37 28 38 34 38 38 38 42 19 31 26 37 45 33 34 38 39 26 42 33 30 20 27 46 31 34 28 42 22 34 46 29 41 33 37 17 38 32 35 25 27 27 50 35 11 27 30 29 27 34 32 25 46 12 37 25 44 28 28 30 31 30 35 35 30 38 30 47 24 40 29 28 34 26 34 15 34 40 23 36 32 23 26 25 34 26 25 10 26 36 28 39 28 29 26 32 26 30 21 22 32 28 34 34 30 32 30 37 33 35 20 31 29 37 24 36 37 32 30 21 25 36 32 56 38 36 29 41 34 31 36 28 21 32 41 15 46 38 28 33 41 41 26 29 45 42 33 28 40 22 33 28 31 38 44 24 26 7 31 30 34 42 33 32 30 32 31 40 34 26 1 25 29 29 37 32 17 43 32 33 29 26 27 23 30 24 37 26 26 42 37 25 31 37 33 19 17 31 42 31 36 28 37 33 30 24 33 42 19 33 32 15 25 25 23 
28 35 31 23 25 29 23 19 31 28 26 23 31 30 35 23 30 8 13 18 22 27 22 37 23 12 26 31 32 27 39 37 27 14 25 28 30 29 18 10 23 26 22 28 33 18 24 29 21 25 25 18 31 38 31 32 17 29 27 36 33 21 18 27 15 40 7 19 3 15 11 16 33 33 29 12 21 30 42 20 33 29 23 32 14 38 29 26 26 29 19 14 23 29 30 22 25 26 32 13 27 27 28 37 29 36 23 26 28 18 32 15 26 38 37 20 19 36 22 29 17 25 31 12 10 20 29 7 24 19 22 16 28 17 17 23 10 20 12 34 19 32 40 15 23 22 32 27 17 32 22 24 23 30 10 18 31 33 23 26 25 21 31 25 25 37 22 24 22 35 33 12 37 32 12 28 31 22 22 26 22 21 16 17 26 34 26 28 11 36 24 38 25 18 10 15 25 26 22 25 24 38 18 28 19 34 27 21 26 20 26 26 31 26 31 20 27 19 17 32 24 27 26 27 23 22 33 28 22 12 22 19 30 25 24 32 30 39 17 25 26 36 20 26 27 27 1 34 24 0 23 33 28 33 34 18 26 10 32 31 25 20 24 28 23 30 25 22 25 24 33 31 18 23 19 19 25 19 37 22 23 32 31 26 20 29 28 36 22 34 28 31 29 6 24 13 25 38 20 32 27 26 27 29 25 19 7 29 36 19 27 25 32 22 28 34 23 28 30 31 26 38 32 34 12 21 26 15 32 25 14 28 16 23 25 23 28 36 26 25 27 37 24 25 29 18 20 34 40 17 35 17 43 22 30 19 15 33 24 33 24 30 27 29 37 27 25 13 35 24 20 12 21 16 29 21 33 22 23 13 32 24 17 8 28 22 15 31 33 22 25 22 29 23 37 26 18 26 24 28 30 34 20 24 23 12 35 25 43 33 25 35 29 26 25 24 30 13 22 35 11 33 16 21 24 36 34 29 16 41 32 29 28 27 25 29 16 21 28 31 25 26 21 21 24 32 35 20 19 26 24 28 33 29 15 15 12 29 20 17 21 23 37 19 26 17 13 31 32 18 16 30 19 13 38 35 26 23 30 20 21 21 20 29 19 23 25 35 26 32 11 25 34 25 20 27 29 19 23 11 
21 24 29 16 24 30 22 25 29 27 30 27 25 26 32 23 37 29 12 22 25 21 28 28 27 32 32 27 32 20 28 40 28 24 20 32 23 32 11 28 24 32 21 21 29 11 34 35 31 19 32 25 30 39 35 27 20 22 27 34 32 24 20 26 26 37 28 23 24 15 22 20 32 28 14 27 14 24 35 18 23 18 16 32 14 32 28 19 28 26 16 18 3 24 34 21 29 19 33 16 23 31 32 30 35 27 16 25 9 31 31 25 25 38 35 18 25 19 18 23 24 27 27 23 17 33 27 25 23 21 24 10 22 10 30 31 16 14 25 19 23 31 34 22 19 15 29 27 33 32 15 23 34 30 23 18 38 13 27 25 26 15 25 30 15 22 22 34 15 36 26 18 39 33 26 27 29 25 19 27 26 15 15 21 21 33 23 26 4 29 17 32 34 15 25 8 31 28 22 25 27 36 27 23 23 31 34 29 23 23 25 30 35 28 28 33 20 21 31 25 22 18 25 35 29 13 38 19 20 16 26 21 24 3 27 25 25 38 21 18 9 36 28 22 32 20 22 37 8 30 0 25 23 32 29 22 33 20 33 29 18 27 19 30 16 28 22 34 27 23 32 27 12 21 26 13 25 18 26 22 21 34 31 25 9 33 22 36 22 36 33 24 28 24 20 28 31 34 19 30 34 19 24 28 35 23 17 27 28 11 31 22 32 20 26 27 27 34 28 24 20 36 29 17 27 18 26 33 31 11 20 21 20 14 29 22 27 33 20 25 16 39 28 23 29 32 27 35 33 21 38 25 34 20 32 20 21 41 26 25 23 23 35 23 30 25 31 24 33 27 24 30 18 25 33 20 35 24 22 26 29 22 21 23 22 25 19 32 27 26 28 26 30 25 27 20 22 25 34 29 31 32 20 19 20 16 33 29 47 30 24 19 32 26 27 17 18 17 21 36 20 32 28 24 31 31 27 26 20 27 30 35 28 25 30 23 9 23 20 37 24 26 15 16 2 27 39 24 12 26 28 28 26 27 8 9 25 28 34 24 13 17 40 27 19 26 27 32 23 18 20 23 22 17 37 38 20 21 32 13 18 15 17 36 17 28 23 29 29 28 15 18 29 19 29 27 23 23 19 22 
23 31 25 32 9 25 30 23 31 20 19 28 30 26 34 27 30 22 28 22 20 24 31 25 16 26 30 30 24 22 35 31 29 30 30 21 36 22 27 24 31 43 36 32 40 24 23 24 42 29 30 36 22 37 37 36 21 35 33 40 33 14 26 25 31 35 21 24 24 25 30 19 36 19 15 19 30 31 36 14 29 25 26 37 24 40 29 27 24 25 19 25 30 27 41 34 30 28 31 20 23 32 42 24 33 26 29 31 22 30 19 20 30 31 31 13 17 39 27 29 22 22 34 26 28 32 40 28 24 32 19 28 31 26 18 37 28 32 26 33 22 36 39 20 30 28 37 35 21 32 31 26 37 17 24 38 45 40 19 39 21 18 32 32 18 36 32 31 27 34 36 20 41 28 22 37 32 23 19 34 18 25 30 20 22 33 31 25 20 22 33 27 33 21 20 24 30 34 15 17 30 43 23 24 30 35 27 29 30 22 33 30 34 30 26 39 36 27 31 22 18 18 30 32 34 26 36 31 25 15 33 17 34 26 35 21 31 29 10 9 29 32 31 35 11 22 27 39 22 26 27 0 32 34 38 29 30 33 36 28 20 14 35 21 24 29 21 36 22 10 29 37 30 27 26 26 25 32 33 21 33 29 23 12 28 40 24 28 25 38 28 26 36 27 23 34 24 25 20 26 34 35 32 34 32 30 33 34 34 30 35 28 37 33 31 40 26 44 23 20 27 42 31 37 32 25 12 40 36 28 18 29 27 14 30 24 13 41 31 35 23 36 22 18 37 22 33 23 34 28 26 25 33 16 36 18 22 33 16 32 30 37 35 28 35 33 9 26 36 28 16 26 26 24 34 16 41 20 25 25 33 28 28 29 29 25 20 23 28 33 35 33 26 36 34 27 29 30 29 29 34 28 30 22 19 23 29 24 54 20 36 33 7 36 17 33 31 24 22 39 26 19 33 27 34 38 24 28 27 41 26 29 31 13 8 30 25 19 26 32 23 22 24 17 26 23 35 17 28 22 29 27 33 24 24 23 31 28 30 27 32 25 39 32 35 33 23 30 33 28 27 25 25 24 24 39 23 26 29 23 21 22 21 17 25 35 14 36 25 19 22 33 4 26 31 28 32 22 26 25 
34 40 29 34 31 42 40 43 41 28 44 36 34 38 41 30 53 35 30 30 30 39 37 36 45 42 34 37 40 29 44 46 46 42 38 43 40 35 29 42 42 50 37 39 47 29 45 50 49 26 33 43 44 49 49 4 38 39 41 45 41 32 35 38 30 34 40 35 36 33 26 27 45 35 32 29 32 33 48 21 36 36 34 45 32 47 42 35 32 41 34 36 21 24 52 32 38 37 36 30 39 43 31 48 37 45 34 43 27 45 41 33 26 47 38 33 27 37 36 28 42 35 43 38 35 49 44 32 32 34 32 28 39 28 40 41 34 32 39 37 30 38 43 40 37 33 47 43 43 32 33 36 49 33 41 12 56 31 22 41 38 33 43 37 33 40 40 41 33 39 44 36 55 35 29 32 47 33 29 45 21 33 31 39 39 40 39 39 22 47 35 37 40 29 33 26 33 42 40 39 38 53 26 40 35 45 35 42 40 37 41 37 44 33 25 35 33 36 36 43 25 36 37 44 45 31 46 37 34 34 42 38 31 21 43 43 41 54 39 36 27 47 42 40 40 29 34 49 26 33 18 43 0 41 29 34 38 38 51 44 27 42 37 37 34 42 37 50 38 41 45 39 30 39 40 31 35 34 40 28 35 42 45 41 27 41 40 37 35 42 45 33 46 39 30 38 44 41 28 30 38 37 25 42 44 41 35 44 46 29 43 36 47 37 39 45 39 52 43 42 25 47 42 35 10 31 39 27 40 29 38 36 38 32 38 29 40 51 27 43 34 43 23 38 47 33 38 48 42 37 41 38 52 23 46 28 29 49 33 41 40 41 47 32 48 35 38 37 33 45 34 41 29 32 23 20 49 27 36 42 43 39 39 33 37 43 28 42 45 38 46 44 33 43 45 38 38 32 49 37 49 35 38 37 35 34 33 36 63 42 42 37 45 43 37 35 36 29 30 54 38 50 35 35 49 49 38 39 37 45 33 37 38 35 37 41 27 27 38 51 36 38 33 34 20 40 42 42 30 29 28 23 40 43 26 27 27 45 37 29 31 35 48 36 37 44 30 35 31 36 32 32 33 35 53 51 38 28 41 31 33 33 31 39 31 46 23 47 37 38 33 36 46 37 47 40 41 35 36 37 
32 30 31 25 27 38 27 9 27 24 30 26 23 28 32 22 34 24 20 25 24 21 33 25 34 24 25 24 8 15 33 33 27 25 26 32 23 31 20 26 23 22 34 31 23 24 9 39 37 19 33 30 31 12 32 31 24 29 31 34 26 23 10 33 30 33 23 32 19 24 26 17 36 28 24 19 27 28 46 25 28 24 25 24 23 35 33 20 24 27 25 30 25 24 46 19 35 24 30 20 25 16 36 31 27 26 24 24 30 25 40 8 22 37 26 24 21 32 33 13 29 17 19 20 22 36 13 14 18 20 14 27 29 23 29 31 6 31 12 28 20 29 32 27 24 24 32 27 32 32 24 23 31 34 26 25 42 19 22 36 34 27 25 25 27 31 31 25 20 10 39 8 33 35 16 28 23 22 22 22 22 32 28 15 34 31 20 17 17 31 30 32 22 19 22 21 33 32 26 29 28 31 26 20 32 30 35 21 18 24 38 24 30 28 32 31 33 11 21 31 29 29 23 25 34 30 29 25 27 22 16 17 24 16 18 30 31 35 28 18 22 34 31 22 20 15 17 21 8 32 24 36 28 0 35 31 30 26 32 30 13 28 31 30 25 30 23 24 26 31 32 27 29 23 27 13 19 31 32 19 7 24 35 33 21 39 31 33 31 4 21 19 40 22 21 20 25 31 25 31 21 32 21 32 27 34 23 22 27 23 27 26 30 6 30 31 28 24 34 29 20 36 17 30 27 4 22 24 31 19 10 33 32 25 28 20 22 40 20 32 22 35 26 29 38 29 32 23 28 26 35 28 45 24 36 17 20 40 26 21 10 36 34 23 39 30 18 14 33 31 20 23 18 22 29 25 39 28 32 29 28 24 24 15 22 19 18 27 29 35 27 25 33 30 26 20 27 23 35 24 30 28 29 31 21 28 34 26 44 20 30 25 25 18 10 30 23 27 27 35 23 40 26 25 30 41 33 30 25 40 37 36 28 34 17 34 22 19 22 30 31 30 15 26 19 36 30 27 21 30 31 26 33 33 21 9 23 20 12 26 35 22 35 26 17 28 5 29 26 27 29 18 23 29 41 42 30 19 28 21 19 15 21 41 25 9 23 28 24 23 27 31 35 19 24 25 23 30 20 19 
24 32 47 33 32 41 28 41 34 30 35 33 34 42 45 18 32 33 32 35 33 30 39 33 42 37 40 31 16 22 36 33 33 32 36 41 34 37 34 35 29 41 35 15 43 32 16 39 46 28 37 38 41 46 42 31 36 33 38 39 33 30 29 29 33 50 32 39 28 26 34 24 43 32 33 31 37 29 38 37 40 26 37 26 25 43 27 29 26 41 32 39 22 32 41 35 21 31 37 11 39 43 52 49 34 41 32 31 28 28 44 27 28 41 34 31 33 41 37 21 35 34 38 10 30 30 32 26 26 37 31 26 36 33 42 21 35 30 29 43 25 36 43 35 34 32 38 33 42 33 38 28 21 43 35 33 46 32 35 39 37 31 26 31 34 41 33 43 35 27 46 37 48 44 23 34 42 35 36 38 34 31 29 33 47 38 36 43 34 37 35 43 36 26 35 31 30 24 27 30 21 42 36 39 26 36 39 27 29 31 39 29 38 24 42 37 23 30 29 20 41 35 30 32 33 32 43 36 25 29 33 29 33 33 35 19 38 45 36 34 30 47 30 29 31 22 26 46 27 25 31 39 29 34 0 39 32 35 46 30 20 37 42 34 34 33 37 41 38 43 32 30 28 29 17 20 36 32 43 32 26 41 36 42 28 38 31 29 33 38 28 26 47 31 31 24 42 41 32 35 25 43 27 39 42 24 32 33 44 30 33 33 43 25 40 43 35 50 41 18 34 41 24 39 33 24 33 32 34 28 39 20 41 32 35 27 28 34 29 15 24 14 38 36 39 35 39 29 35 16 41 23 43 39 43 30 32 46 4 33 28 46 33 38 40 31 29 32 41 35 32 27 27 24 34 31 43 42 33 23 40 30 42 27 37 36 25 35 43 43 42 42 39 40 43 35 17 30 34 32 44 35 31 31 35 25 38 33 42 28 30 38 33 20 17 36 34 36 33 49 32 52 33 18 32 35 22 40 15 47 49 41 29 44 33 28 32 29 36 42 27 29 24 35 26 30 38 43 29 43 43 38 39 22 38 18 29 29 31 20 26 32 40 36 33 35 24 36 13 29 37 25 16 38 45 46 39 26 33 26 34 30 28 48 22 27 35 34 34 31 36 38 37 34 31 33 32 31 34 9 
29 28 29 24 24 30 27 31 32 17 30 21 19 17 29 5 38 24 20 29 16 27 26 24 27 28 31 25 32 28 32 31 28 15 22 30 29 29 19 15 24 33 29 29 28 19 31 24 37 19 19 21 17 35 30 27 29 28 26 40 30 21 23 28 27 37 23 23 19 19 23 12 31 28 23 15 5 22 43 26 30 29 18 32 18 37 32 21 22 26 21 18 24 17 34 25 19 27 20 13 14 18 38 33 23 29 24 28 26 18 36 21 15 38 37 22 13 29 23 29 20 26 25 12 13 20 19 22 22 31 23 16 24 18 24 23 23 20 12 29 15 28 28 18 22 23 33 28 27 25 23 22 17 34 10 30 36 20 22 31 30 20 19 20 19 32 20 27 23 23 34 22 41 35 17 20 32 12 26 25 25 21 23 13 19 30 24 19 12 24 25 34 26 14 12 16 19 26 30 32 23 29 12 29 1 30 21 22 16 25 33 24 13 26 30 24 28 20 33 31 27 29 30 27 18 29 32 24 23 8 26 15 20 24 28 33 23 44 21 16 21 36 15 23 19 23 17 35 14 27 22 34 23 27 35 0 28 11 32 29 26 22 27 23 24 21 25 27 25 30 33 29 18 24 13 19 29 26 30 16 13 33 38 32 31 33 20 26 25 28 25 27 38 22 18 26 23 32 18 30 21 27 23 27 26 20 8 20 32 24 27 18 32 12 10 34 5 26 29 32 26 42 28 27 21 9 27 42 33 25 26 29 20 29 23 22 15 30 16 23 27 33 18 27 24 22 22 16 36 18 28 18 34 28 31 7 17 25 20 27 20 24 28 17 21 22 23 28 26 28 23 17 15 17 29 18 33 15 9 13 28 18 21 23 28 18 13 30 33 26 26 26 26 28 28 26 19 22 24 23 30 37 24 6 23 16 28 21 44 24 26 26 27 26 24 25 21 17 20 35 5 39 28 20 27 29 27 19 17 36 35 23 22 33 27 29 17 17 24 36 26 18 21 24 24 35 39 24 20 30 21 16 28 28 16 15 16 27 25 32 22 22 35 27 27 18 18 19 32 22 20 26 18 17 44 39 24 21 26 16 22 21 16 30 20 19 21 30 22 26 15 9 37 25 35 19 29 1 14 11 
39 32 41 33 32 34 34 12 31 26 32 32 33 34 40 32 29 22 30 17 31 23 22 33 37 26 27 35 35 15 36 31 33 26 29 40 31 35 24 24 29 44 19 32 37 29 36 38 34 28 35 25 31 39 41 39 28 30 35 42 22 32 24 30 34 30 21 32 33 19 30 26 43 37 22 30 32 25 49 34 42 26 29 43 18 42 23 28 36 34 24 28 11 26 44 19 19 37 38 27 32 30 42 38 43 35 34 43 17 32 32 27 26 47 33 33 28 32 26 31 24 31 29 26 17 34 35 28 13 38 28 18 32 28 31 35 32 22 25 36 29 36 41 22 35 32 38 33 34 34 28 28 37 37 24 35 42 21 36 23 30 23 33 24 30 39 26 35 30 37 41 34 37 37 23 10 37 31 27 34 35 23 13 27 40 38 28 31 22 34 35 40 40 28 24 26 39 36 26 29 37 38 32 31 33 34 37 27 31 31 23 35 25 29 21 35 38 25 21 37 38 26 37 40 32 21 49 27 33 22 32 29 31 25 34 36 40 18 31 28 31 40 29 39 31 36 31 41 26 32 22 33 35 27 34 32 0 22 43 37 36 34 37 18 24 34 30 36 31 41 46 35 20 29 27 30 32 16 35 33 29 38 35 43 28 43 32 37 16 31 40 39 36 27 28 34 37 41 9 26 35 37 25 33 37 33 33 29 36 30 26 35 36 28 36 36 31 38 37 35 28 44 44 37 33 26 1 47 33 31 7 39 30 22 37 30 25 50 27 29 24 41 33 38 37 33 27 35 31 31 38 23 42 32 43 26 29 46 34 33 26 37 33 31 32 27 29 33 35 35 33 26 35 30 28 28 40 35 23 27 39 30 31 29 30 32 27 22 35 36 38 36 29 36 40 28 32 30 38 19 41 42 24 27 28 26 29 34 57 38 32 27 36 37 29 28 26 27 11 46 25 50 36 34 31 32 38 36 30 42 46 39 32 36 32 24 27 31 28 45 28 30 32 24 21 36 37 34 29 37 37 35 34 29 26 26 27 28 31 35 21 32 46 32 32 29 24 37 34 22 30 38 32 27 46 46 30 29 39 21 26 23 30 41 30 36 33 30 35 18 25 36 33 27 37 34 14 27 27 25 
18 28 26 13 25 23 19 22 26 23 19 16 24 23 28 16 32 22 9 18 17 30 21 30 16 25 28 24 29 17 31 33 17 4 17 21 24 22 8 24 13 29 23 18 26 8 23 24 35 19 25 32 28 40 27 24 24 27 21 36 30 14 13 21 16 34 21 12 17 8 12 9 28 28 26 16 11 24 32 15 30 25 13 27 7 29 22 16 16 25 15 7 16 22 23 23 27 16 25 12 20 20 29 29 27 26 13 22 21 28 28 11 21 31 32 20 14 29 12 26 28 19 24 15 24 30 22 14 21 20 17 22 19 7 27 24 13 26 22 31 12 22 32 26 16 12 22 17 26 28 12 23 26 27 20 19 42 26 16 26 19 14 24 27 25 34 15 28 12 28 23 15 36 26 17 24 26 17 15 24 15 22 17 10 19 24 19 21 1 26 14 33 23 11 17 5 25 22 19 22 17 34 18 21 12 27 27 11 21 25 27 19 24 20 25 30 17 14 29 22 19 22 22 37 26 18 34 21 17 5 15 12 26 18 17 22 22 36 10 15 16 29 26 26 24 17 15 34 17 25 17 23 20 29 25 11 22 0 37 24 15 21 16 30 13 20 21 23 20 20 26 23 19 13 22 17 18 20 31 15 16 26 28 22 26 22 19 32 15 33 30 21 32 20 17 20 20 31 17 27 25 16 20 24 29 12 14 25 29 28 17 18 25 15 21 24 16 31 26 21 23 38 26 27 19 15 19 34 27 20 17 18 9 19 18 16 26 30 22 18 23 28 19 25 26 27 27 27 30 10 28 7 39 17 28 12 16 36 25 23 14 20 17 22 27 26 22 20 31 31 13 23 19 14 19 17 31 15 20 23 25 14 10 15 21 15 8 29 33 15 25 15 27 22 30 19 11 16 34 21 35 29 13 17 19 5 30 18 36 26 18 25 30 21 24 14 23 6 19 40 16 29 22 14 35 26 24 25 9 34 27 28 25 22 21 23 6 11 21 32 19 19 24 28 19 24 28 13 9 23 17 21 26 22 5 18 22 24 15 21 14 14 30 26 16 7 8 24 29 11 9 20 12 6 34 42 30 15 23 13 17 22 13 19 14 25 15 29 19 25 4 15 27 22 34 24 30 12 16 21 
23 29 17 18 16 34 21 19 27 10 29 25 21 22 26 22 30 17 14 17 20 20 19 18 29 24 25 22 26 14 30 28 35 26 22 25 22 17 13 25 31 34 23 23 39 13 27 30 34 18 28 27 27 36 37 17 30 21 30 33 26 14 20 21 21 29 25 25 16 18 17 16 34 27 27 19 16 15 37 6 21 23 18 28 20 31 27 16 17 23 24 20 16 20 36 23 23 21 23 18 19 33 31 25 19 31 18 27 22 28 29 12 8 31 23 20 17 21 24 19 26 14 13 20 19 32 29 20 17 25 11 23 24 12 29 23 18 27 20 24 19 28 30 24 21 17 28 28 29 27 17 26 7 18 22 7 38 8 17 27 30 24 21 24 19 27 25 31 14 26 10 20 41 30 14 14 33 15 14 28 16 26 17 23 30 30 6 24 6 28 19 27 22 17 15 10 15 31 24 24 15 32 21 24 22 33 27 31 19 22 26 22 29 23 20 17 22 21 27 27 10 21 22 30 24 23 28 14 22 18 2 23 13 5 4 27 27 25 23 20 21 33 21 21 26 14 19 31 15 18 13 28 15 24 31 21 23 22 0 26 12 23 21 22 18 25 19 10 21 25 31 29 24 27 23 12 5 20 27 13 23 21 30 27 22 35 23 19 20 24 28 18 36 19 15 26 33 25 13 18 31 21 7 30 24 25 19 23 34 22 30 23 35 22 16 29 21 32 30 26 16 35 31 19 23 20 8 22 31 18 14 21 22 24 27 19 26 20 9 28 21 29 22 25 30 15 25 33 26 23 23 27 40 8 34 10 14 36 22 28 22 25 31 19 27 17 24 26 29 30 16 21 17 21 32 22 31 12 19 25 31 21 23 21 18 21 17 26 35 28 13 11 18 26 31 16 24 22 34 17 35 20 23 27 17 18 21 24 49 22 19 14 29 28 19 19 18 19 15 40 21 34 25 12 33 36 29 24 22 29 18 29 23 27 29 28 11 12 26 34 19 21 14 28 15 29 27 26 14 14 24 19 25 20 10 8 9 17 22 19 26 16 33 22 21 19 15 22 22 21 22 17 10 19 37 29 24 18 25 20 15 23 19 24 19 30 20 34 21 22 17 20 26 15 24 22 22 17 6 19 
42 37 41 41 26 30 39 39 36 34 33 41 34 32 47 36 46 34 32 38 16 36 43 39 40 38 12 32 41 38 35 39 33 40 41 36 40 41 35 33 43 46 42 38 45 36 34 39 47 32 32 44 35 48 42 40 36 39 43 39 43 33 33 30 35 42 33 32 29 31 31 34 38 30 39 15 36 39 49 30 44 31 37 40 30 47 43 19 40 31 21 40 35 30 56 36 32 43 33 29 29 40 38 38 31 29 31 41 41 28 45 31 32 34 47 30 13 41 41 32 37 20 43 28 36 30 45 26 41 34 30 26 37 34 27 39 30 30 30 37 36 43 43 35 35 40 43 43 30 37 39 22 39 38 28 43 54 45 32 19 38 20 34 35 32 40 38 27 39 36 47 22 33 45 30 38 34 25 35 36 37 31 36 31 39 45 36 41 29 30 35 41 46 36 25 32 32 42 42 34 37 42 25 39 32 46 34 41 29 38 42 44 42 25 33 41 42 34 40 34 34 35 42 37 33 42 40 48 29 37 32 33 30 28 34 33 32 54 34 30 37 37 30 42 35 38 27 48 39 39 32 39 36 40 48 31 46 36 48 0 36 32 43 32 37 34 27 40 39 40 40 43 28 43 31 37 35 39 43 36 39 27 40 42 39 42 32 43 38 40 38 39 51 32 25 32 41 39 37 41 33 44 31 37 30 24 33 33 50 30 40 27 33 38 41 44 36 40 40 32 29 41 41 39 34 31 37 54 18 32 34 42 42 42 40 26 21 35 33 41 29 34 18 35 39 31 35 43 45 34 34 37 50 32 39 20 36 44 35 38 26 37 33 32 46 37 33 28 21 43 35 35 28 31 42 24 43 35 27 23 44 31 43 27 31 36 35 37 43 35 41 41 42 41 45 29 35 37 34 36 46 44 36 24 25 33 41 38 60 42 30 28 31 39 35 41 34 26 39 36 18 49 41 34 46 42 22 34 33 49 42 36 33 39 33 39 33 35 42 41 28 30 30 41 34 41 48 39 37 38 34 29 43 36 33 33 33 42 38 43 26 41 47 37 43 42 31 32 35 34 29 38 32 39 44 54 37 34 27 37 23 24 33 48 37 33 35 45 23 33 37 37 37 28 45 32 38 32 34 27 
23 23 30 25 28 33 27 23 24 20 25 13 22 28 25 21 30 27 21 30 25 15 22 28 33 20 30 11 22 2 27 34 25 26 21 35 26 27 16 25 21 32 28 25 33 19 23 34 34 20 27 28 27 26 26 28 28 25 18 38 25 19 22 31 28 30 30 29 16 19 24 4 23 29 22 15 23 15 37 26 30 25 17 32 18 31 26 20 23 21 19 29 14 18 45 25 22 28 27 7 25 30 36 30 22 21 12 33 17 31 32 12 18 31 36 11 22 30 26 25 27 14 28 26 20 33 27 20 16 25 11 14 16 19 25 33 16 18 12 23 7 16 31 25 28 24 28 25 28 23 20 27 33 36 31 27 38 24 19 30 29 23 27 12 19 26 26 25 24 24 32 18 43 32 16 24 33 19 27 26 23 19 26 14 27 18 16 31 15 37 26 27 18 6 21 17 30 19 18 21 15 26 23 27 29 22 29 19 17 24 36 16 28 28 26 27 31 21 25 26 26 26 10 34 28 21 29 25 15 9 17 16 23 14 19 25 18 32 27 22 20 27 25 23 26 2 24 35 12 23 11 31 24 14 33 28 29 28 32 24 0 29 28 31 25 28 25 25 30 30 33 17 16 21 23 14 20 29 31 12 21 21 27 32 13 34 27 29 19 18 30 6 36 19 11 26 22 25 12 28 19 26 17 19 22 24 25 21 33 15 25 13 36 20 25 32 21 34 21 24 22 40 31 28 25 14 23 38 21 18 20 32 30 22 15 7 28 40 19 27 23 25 27 16 34 25 29 35 15 32 33 15 36 26 23 16 12 36 28 24 22 32 24 25 30 17 30 24 27 35 21 19 22 9 27 21 26 30 19 26 20 22 32 21 24 19 5 24 31 32 28 26 29 34 31 22 30 10 27 22 30 35 24 27 23 27 31 13 43 27 21 29 35 29 19 21 22 23 14 35 17 39 13 12 34 33 28 30 31 29 34 23 19 29 29 27 18 18 25 28 29 31 19 24 6 28 40 35 21 32 29 24 21 20 19 13 19 24 24 28 24 26 26 22 24 29 17 26 27 22 26 5 10 28 38 39 24 6 18 8 21 19 8 28 12 23 20 26 14 20 26 18 32 21 30 26 27 17 15 25 
41 31 41 37 32 36 40 43 45 37 45 38 39 26 49 31 49 36 31 39 32 27 34 33 42 39 35 32 40 39 35 43 41 41 35 40 42 41 30 29 37 46 35 32 44 31 41 38 46 27 39 31 31 50 42 45 39 41 46 48 34 33 39 41 40 51 35 33 31 25 36 32 47 36 34 34 33 19 55 37 40 25 35 40 24 50 17 34 34 25 15 42 29 25 53 35 34 38 28 23 23 38 49 44 43 41 33 36 35 30 44 33 35 51 45 32 33 28 41 37 30 35 39 22 23 32 36 29 25 40 32 28 39 29 44 33 37 32 24 38 34 30 42 28 33 36 47 41 37 27 34 37 33 41 22 41 50 28 30 39 32 40 39 28 29 35 32 38 34 31 47 38 53 39 37 34 44 20 36 33 37 33 29 25 41 32 41 39 30 40 43 46 37 34 20 27 39 36 32 35 40 47 32 41 36 50 41 43 37 33 39 41 33 36 44 44 40 32 44 37 40 41 43 29 32 39 52 34 36 28 38 27 40 29 40 36 34 46 36 37 35 45 29 45 30 23 29 47 34 42 26 46 41 47 43 35 39 37 37 28 37 0 38 37 34 32 21 41 33 42 44 31 30 27 27 38 34 32 35 36 39 42 41 36 23 39 41 46 28 36 33 27 49 28 32 35 35 46 36 15 33 43 40 36 35 45 34 41 34 25 35 29 42 38 30 46 25 46 42 35 34 43 48 26 34 25 36 56 35 28 38 47 44 37 43 28 32 44 36 35 23 46 38 37 38 38 30 37 50 28 38 39 54 38 51 15 37 40 40 32 32 26 47 37 34 21 37 35 34 43 35 31 27 26 37 35 43 35 23 25 48 26 45 30 36 30 33 11 45 39 35 42 39 39 40 34 29 24 36 31 42 41 30 28 19 31 18 40 54 37 39 34 47 34 23 36 42 30 23 41 25 51 34 37 37 26 39 28 27 36 48 43 40 44 38 18 28 29 26 44 39 41 24 34 28 42 49 40 33 44 29 24 42 39 34 34 36 31 44 37 39 35 41 26 38 36 37 27 40 28 33 26 35 41 48 51 34 27 41 35 17 33 36 55 36 35 34 24 40 42 39 31 48 33 37 27 32 21 33 21 
34 34 35 36 34 36 36 34 38 31 43 37 27 37 35 24 42 38 30 35 28 15 40 39 41 42 39 20 26 32 38 43 30 35 30 42 37 34 27 34 26 41 40 25 42 31 26 43 33 20 31 30 36 45 45 37 37 36 37 47 38 26 24 32 33 39 37 29 25 28 29 34 44 29 31 27 29 33 48 33 25 34 26 36 27 40 37 22 36 32 28 38 23 18 51 26 31 37 30 21 34 37 47 42 35 39 21 41 29 38 49 21 29 40 44 19 25 39 38 22 38 23 37 20 31 40 31 29 36 33 20 23 27 28 39 31 25 27 35 30 35 25 36 36 31 35 47 30 39 26 31 34 31 36 34 38 48 33 28 39 32 32 27 39 31 33 35 36 33 33 40 27 47 39 32 33 37 28 32 34 30 27 34 37 36 27 27 28 24 38 28 31 43 27 36 26 31 34 27 30 31 35 24 36 25 36 33 37 25 38 44 39 37 27 35 38 33 25 30 30 35 36 39 42 37 33 44 39 34 32 23 31 34 23 25 29 29 41 35 25 29 47 34 39 27 11 36 47 26 35 20 43 33 39 10 24 42 35 40 35 30 34 0 31 19 36 34 31 33 40 39 26 25 32 27 30 26 37 39 31 25 30 36 35 29 39 34 39 35 36 38 15 45 28 20 34 31 34 37 36 28 39 28 40 31 30 32 29 39 31 37 24 45 24 34 41 29 43 29 28 19 49 34 37 29 33 29 42 30 13 29 30 40 34 45 16 29 44 30 25 32 24 30 24 32 36 32 37 44 26 40 33 45 26 42 31 31 43 14 17 17 36 40 25 45 35 25 33 27 36 28 36 12 34 38 32 46 30 28 33 34 33 41 30 24 41 35 36 36 32 34 32 39 35 37 22 27 19 35 32 38 39 33 30 32 35 38 34 52 38 36 31 43 30 27 35 30 23 39 43 17 49 22 28 36 43 32 28 25 22 43 35 28 43 24 35 27 33 31 47 30 32 9 33 22 37 45 44 32 32 34 33 42 32 28 27 30 31 40 30 32 35 35 32 34 38 33 29 23 31 26 14 26 37 47 39 27 15 34 33 30 28 27 51 31 37 29 39 30 32 35 33 41 21 38 34 17 25 24 19 
35 29 31 36 30 38 20 32 13 35 40 37 30 42 40 33 36 35 39 31 28 36 36 40 50 27 24 35 44 28 33 45 44 41 33 46 38 38 38 36 40 26 27 26 42 38 34 40 48 39 32 30 29 31 51 38 25 37 42 37 40 30 34 30 42 48 34 29 30 23 38 30 49 36 35 27 33 28 41 20 30 23 40 29 22 30 37 31 31 40 31 41 32 37 54 38 37 46 45 24 39 37 50 45 39 36 36 44 30 29 36 32 33 46 30 28 25 45 33 34 29 24 38 23 22 31 46 33 31 35 35 27 42 37 32 34 34 31 23 39 28 40 39 27 35 35 27 42 35 41 42 34 32 32 21 32 52 33 33 37 34 30 36 36 33 42 30 39 39 34 35 34 45 41 28 39 44 37 28 34 32 32 40 38 36 42 31 33 31 44 42 43 39 32 34 35 40 37 34 37 33 38 33 38 29 47 34 38 25 36 37 28 41 37 44 42 34 35 32 31 24 33 23 38 34 28 48 39 34 33 27 34 38 30 29 30 38 39 44 37 35 40 31 42 38 26 28 46 29 29 29 40 34 40 44 28 31 37 25 41 26 42 45 0 38 34 36 35 35 43 45 33 29 40 30 33 30 43 39 27 40 31 43 45 38 38 44 41 30 44 43 30 43 33 29 37 46 43 27 32 38 39 32 45 34 36 34 29 46 40 36 37 40 39 31 45 33 47 38 29 31 39 41 43 38 23 32 44 30 34 38 32 43 29 41 31 39 33 34 33 21 42 30 33 40 36 32 40 13 29 44 34 49 22 48 32 28 49 37 30 35 43 41 34 14 30 36 39 33 32 30 38 35 24 38 36 44 26 32 24 45 41 38 34 33 43 31 43 44 32 35 36 32 41 42 31 30 34 35 16 23 33 28 34 35 34 35 31 55 35 19 39 43 23 32 22 30 38 29 28 26 52 37 30 36 40 20 33 28 46 32 36 37 30 37 38 36 26 41 46 40 42 32 33 31 41 34 41 32 28 34 41 38 26 35 30 34 36 36 29 38 15 39 35 45 34 29 44 25 26 26 29 28 40 48 43 31 30 35 29 33 32 33 38 31 34 42 44 31 39 38 37 42 30 46 39 40 29 29 22 
42 42 41 31 38 46 39 38 31 34 33 36 38 43 16 38 46 34 38 41 39 38 28 42 42 33 45 34 39 37 46 48 47 37 41 29 40 41 37 35 43 48 39 47 45 37 31 39 47 39 43 39 37 44 48 33 40 39 48 42 36 33 33 25 36 47 33 44 29 16 32 34 45 48 34 38 38 32 49 30 39 44 40 40 30 38 30 36 40 43 36 40 26 41 56 39 45 45 47 24 43 46 53 38 31 29 39 34 29 28 38 31 32 34 47 38 36 45 32 39 38 20 37 34 31 30 42 33 38 40 33 26 38 36 38 32 36 30 18 43 37 43 47 36 30 30 49 47 41 48 41 39 31 36 36 31 51 32 32 43 42 35 41 35 37 46 23 42 38 50 34 38 56 26 37 38 46 27 38 28 37 31 33 38 40 45 30 42 30 52 30 48 31 28 36 34 39 49 43 32 36 46 36 39 34 44 45 41 33 39 43 39 42 25 38 26 46 34 38 34 34 38 42 37 33 33 40 38 36 36 26 40 37 29 28 33 40 44 36 30 37 37 30 42 41 37 27 55 37 39 34 45 39 48 50 33 46 33 24 42 35 40 40 38 0 29 41 34 14 40 36 37 28 33 33 34 29 36 31 37 36 27 38 41 43 42 32 43 23 47 31 41 46 32 39 35 48 49 35 41 41 39 31 32 30 31 33 37 40 38 47 35 33 35 40 44 38 40 36 32 36 44 39 43 38 36 27 46 18 36 33 45 42 34 45 36 43 44 33 26 43 34 41 43 13 34 34 43 45 20 47 37 54 32 45 34 34 36 42 18 32 49 33 39 36 34 40 39 50 47 35 32 39 39 49 31 39 36 29 23 42 34 43 34 38 36 35 37 43 48 37 35 35 36 41 36 21 37 34 41 36 44 21 39 39 33 44 38 46 44 37 38 41 41 32 43 38 39 36 41 37 49 42 33 45 39 36 42 27 35 42 47 44 43 39 31 35 36 32 49 28 30 36 36 36 39 51 46 27 32 48 43 43 36 34 30 18 41 35 43 33 37 50 22 35 27 28 46 40 19 42 40 31 39 44 53 42 35 27 36 38 31 30 48 34 33 35 37 23 33 37 39 38 35 45 34 44 34 30 35 
27 16 23 35 26 38 30 39 36 21 32 35 25 35 38 22 34 28 17 31 30 25 30 29 29 35 38 38 28 32 20 36 33 40 33 34 33 28 36 26 29 46 24 34 37 31 28 35 43 28 40 30 28 43 35 34 21 32 34 33 36 25 28 30 17 40 33 32 26 23 13 26 44 36 27 16 36 26 41 31 14 34 38 39 22 40 33 31 28 34 27 31 16 26 44 24 34 43 34 24 32 26 35 28 32 34 18 30 22 30 36 19 19 39 44 13 27 32 29 32 29 24 22 30 22 24 34 11 28 21 21 23 24 35 28 34 36 27 23 27 29 40 31 27 1 34 37 33 31 31 34 31 33 34 31 41 47 26 29 28 34 26 25 31 33 30 17 25 23 37 32 36 37 35 25 25 40 26 28 9 28 23 18 27 34 39 30 17 29 39 23 36 33 27 26 33 37 35 18 21 31 23 33 28 31 35 42 29 31 33 28 38 21 34 35 28 26 29 25 22 35 29 33 31 29 24 41 32 28 22 27 29 24 28 29 21 36 30 23 26 33 16 26 24 28 34 27 46 29 27 25 17 30 44 38 31 29 36 37 33 32 31 28 33 22 0 30 35 23 27 34 19 20 31 24 25 30 21 24 29 28 31 27 29 27 33 27 22 30 46 32 38 17 29 31 17 37 34 24 24 31 40 18 33 34 30 33 14 38 25 35 34 12 27 31 41 32 19 23 20 29 35 36 30 26 27 29 42 23 23 34 27 33 25 31 17 30 37 20 20 32 35 30 18 35 24 32 26 35 29 34 25 45 24 36 21 25 37 26 17 21 35 34 23 41 28 26 17 35 28 26 28 22 31 37 25 40 28 20 25 33 32 40 12 22 29 27 27 40 35 38 30 30 7 12 20 30 34 29 30 41 44 28 30 28 28 22 34 55 35 36 32 20 39 26 33 15 26 26 46 27 36 39 28 34 39 24 17 35 40 43 36 28 30 25 31 34 31 30 36 28 25 19 29 26 28 48 30 31 30 35 30 37 24 14 28 20 31 33 39 26 25 43 23 34 30 26 33 33 26 29 37 26 36 23 39 35 32 28 26 26 28 21 34 25 20 30 28 28 23 34 10 21 31 32 33 27 28 21 29 
34 37 32 29 11 15 35 36 28 33 35 32 27 32 40 32 31 38 14 34 23 35 26 39 32 41 19 32 26 33 41 43 33 20 33 37 40 38 24 33 29 27 37 34 42 24 32 40 46 30 31 32 35 32 32 31 18 41 37 46 34 30 29 36 32 47 37 28 33 24 28 25 26 34 35 13 27 27 48 28 39 31 29 38 23 45 27 26 31 4 21 23 24 28 39 37 31 32 38 22 29 36 36 39 32 35 29 27 30 35 34 16 32 37 44 15 20 38 28 31 35 27 37 28 29 37 31 8 25 36 28 28 35 23 25 39 29 32 30 40 28 38 36 33 32 28 31 33 28 34 28 29 39 23 28 35 45 34 26 26 11 20 27 36 24 42 31 25 28 41 39 29 38 18 24 39 34 30 31 40 25 33 31 26 35 40 35 37 17 30 30 41 39 27 27 21 31 38 24 19 33 46 24 31 28 37 33 27 33 32 21 29 37 32 40 41 33 30 39 36 32 37 38 39 36 34 41 28 30 21 31 28 37 34 33 36 38 40 26 31 32 38 33 40 37 33 31 47 26 38 32 39 36 39 35 27 37 16 34 7 31 29 25 36 29 36 0 39 12 25 34 39 30 29 25 31 29 34 23 31 25 34 21 27 33 38 35 43 27 40 29 37 48 7 25 14 36 39 21 25 33 32 34 30 36 28 13 37 38 30 33 33 40 24 37 40 32 47 25 35 33 48 40 36 13 29 34 42 25 33 33 34 25 33 34 24 28 42 33 34 29 41 25 20 42 29 34 39 46 18 41 23 50 26 38 25 27 34 28 38 30 36 33 25 34 29 38 14 28 25 23 35 27 30 35 22 37 30 27 30 35 30 26 9 24 28 24 21 45 31 41 31 33 38 46 22 19 32 31 31 38 42 29 24 25 21 28 31 44 35 34 35 38 32 31 30 38 22 23 43 17 34 38 30 38 34 29 30 25 46 40 33 30 28 37 26 22 26 30 39 35 35 30 37 34 26 44 19 25 32 33 34 42 38 21 27 33 32 31 37 30 30 20 20 32 23 24 37 32 27 25 36 28 22 39 36 29 31 34 29 23 28 23 35 27 38 26 32 30 40 20 31 35 32 21 34 38 28 30 27 
19 20 19 23 18 28 26 31 24 15 27 15 11 23 28 16 27 22 19 25 16 24 24 17 34 28 15 24 24 25 24 29 26 26 16 26 25 18 18 26 22 38 28 21 33 16 24 35 28 14 23 21 28 39 39 24 32 26 26 35 25 10 15 18 22 35 23 19 19 14 18 21 38 23 26 15 16 20 33 17 21 14 23 32 13 29 26 6 24 22 21 25 29 12 41 13 30 26 22 18 20 27 38 26 25 23 23 30 27 25 34 17 13 30 21 22 13 26 25 9 20 10 23 23 13 28 30 23 28 26 16 27 26 17 27 28 22 28 23 14 24 33 20 18 23 22 33 26 28 18 22 22 28 20 21 25 40 29 15 32 24 20 11 27 21 17 21 27 22 25 33 22 33 28 16 19 28 20 22 18 14 16 22 22 26 35 11 24 11 18 24 18 27 22 20 15 26 27 22 25 20 22 19 20 12 35 25 33 9 24 28 18 24 13 32 22 27 16 17 26 21 26 29 34 29 28 28 25 26 17 27 17 18 10 9 25 19 41 28 24 26 35 26 25 22 20 17 37 25 20 29 33 20 31 35 11 29 22 36 25 23 24 26 25 23 22 24 0 25 30 33 34 25 27 22 16 10 25 23 15 24 17 31 27 27 29 20 24 21 35 27 24 32 22 17 29 32 31 24 20 30 26 12 35 20 23 19 13 34 27 27 14 31 23 21 32 16 37 26 24 6 37 32 24 13 14 25 35 21 9 26 19 27 29 32 20 24 37 14 23 12 28 18 27 35 20 23 27 36 25 24 29 42 10 36 15 16 36 12 21 26 30 27 9 32 22 20 27 21 20 12 26 22 23 29 24 40 14 20 24 33 25 28 24 8 27 22 23 44 22 3 1 24 29 21 6 26 27 34 7 34 30 19 17 22 23 23 18 51 12 29 15 31 26 24 24 14 13 26 39 16 39 30 17 27 31 28 24 24 34 29 27 14 32 28 24 16 19 26 26 16 18 25 24 20 25 25 31 19 16 24 24 26 17 15 19 14 7 24 26 25 24 29 27 26 25 17 21 12 17 16 23 15 24 34 31 26 23 21 25 20 24 21 35 23 30 19 30 17 19 22 20 28 5 29 21 33 12 11 22 
42 40 42 30 29 34 28 35 42 42 40 47 34 29 46 36 48 43 35 31 38 38 37 41 47 30 47 36 42 43 44 49 39 43 34 46 32 41 34 34 35 34 25 33 38 30 42 46 50 36 46 47 37 52 50 19 29 31 36 43 37 33 38 36 23 46 42 33 32 24 31 42 47 43 23 37 37 33 51 38 41 35 39 44 23 38 38 29 35 35 25 41 12 35 55 25 47 42 42 16 33 41 52 39 26 36 36 45 18 37 34 28 40 49 41 33 35 42 27 32 37 30 35 31 39 39 30 34 39 27 27 19 38 33 35 40 34 23 31 37 38 40 43 35 31 36 35 36 38 41 38 25 40 33 29 41 47 22 35 29 35 24 34 39 34 40 31 49 35 45 42 36 43 12 38 41 36 34 28 39 36 24 19 34 43 42 38 42 27 40 40 41 28 30 32 31 44 37 40 37 34 45 39 32 36 46 48 33 32 32 29 36 42 35 38 42 41 24 35 38 42 27 31 46 40 22 35 28 35 39 37 35 41 26 36 37 35 47 41 31 32 37 37 34 33 42 36 48 25 38 23 34 41 49 44 35 41 39 47 38 41 36 39 45 30 37 31 45 0 44 22 36 21 30 35 30 34 22 17 37 24 37 43 46 32 46 38 42 31 53 42 40 37 33 29 40 44 43 39 43 43 42 39 43 38 37 39 36 37 24 39 30 33 23 42 33 39 40 42 36 29 45 43 40 25 35 35 52 40 32 30 33 43 23 41 31 31 53 37 34 33 47 36 38 43 20 44 40 48 6 44 29 43 33 47 29 36 50 35 38 33 46 39 32 22 35 31 35 44 36 34 29 35 32 38 34 50 36 31 32 44 31 44 35 31 22 42 45 36 39 38 46 36 37 45 29 7 34 41 39 45 38 29 28 29 39 46 40 32 44 33 28 38 38 37 29 27 30 37 50 33 53 37 31 48 40 28 31 36 43 36 44 37 37 30 32 32 30 29 47 34 36 32 25 25 44 45 47 35 34 38 38 35 39 31 26 34 42 43 36 22 23 47 36 42 35 36 41 26 27 33 39 29 40 52 47 36 30 41 22 27 24 32 51 36 32 36 38 37 41 38 41 35 28 38 36 40 35 32 30 
28 21 15 25 14 15 23 27 21 10 34 23 22 16 24 23 20 19 23 15 22 20 24 15 30 27 29 20 15 12 25 26 19 20 25 33 26 25 22 26 21 34 30 22 32 14 15 31 32 23 28 27 33 27 36 31 23 25 28 30 24 19 16 15 26 28 23 27 14 15 22 14 26 9 17 23 25 23 26 4 19 15 26 32 14 30 21 17 14 15 19 30 20 23 46 24 21 29 22 11 13 29 34 14 27 30 22 28 12 20 9 10 21 26 21 11 22 29 21 20 18 12 28 20 19 22 36 18 15 30 9 18 26 21 8 31 18 22 22 23 17 26 31 16 20 24 30 25 11 25 26 21 28 7 26 31 44 30 17 34 11 18 22 22 8 26 22 23 23 32 36 20 39 18 12 30 29 24 12 28 23 23 24 22 32 23 26 15 17 32 27 29 25 16 10 19 28 29 5 8 25 33 21 28 30 28 30 19 20 20 23 20 24 25 28 30 30 17 28 12 8 21 20 29 25 16 26 29 22 19 26 7 26 16 28 11 26 38 28 27 19 22 22 27 28 12 17 32 13 16 17 28 28 24 33 29 20 26 26 18 10 4 30 11 24 19 11 34 12 0 19 27 20 17 25 18 18 27 23 11 30 19 14 2 18 30 17 28 18 28 27 16 31 17 13 24 32 27 11 16 24 32 23 29 22 34 23 24 24 20 25 21 31 29 21 30 16 36 21 10 17 32 23 27 23 15 21 31 31 18 22 19 32 17 25 17 24 34 22 25 13 26 19 16 31 12 27 21 24 18 31 15 35 6 33 19 12 23 23 22 22 27 25 20 25 25 26 24 32 30 21 26 17 16 27 20 32 10 25 15 30 18 33 19 19 27 15 15 34 33 25 35 16 26 24 17 19 20 26 21 24 18 20 22 9 25 19 22 44 10 28 26 25 26 16 28 21 24 13 29 16 9 23 22 24 30 14 18 21 31 16 32 21 3 26 22 20 9 16 22 13 15 14 19 16 15 25 30 21 12 32 28 23 14 21 14 22 28 20 17 30 23 29 25 25 23 13 28 23 18 27 15 20 29 14 41 13 16 23 18 15 12 18 22 19 25 17 26 19 27 27 28 30 16 30 27 22 12 19 19 
34 31 27 36 21 35 20 29 24 32 22 35 26 37 28 21 35 22 29 11 30 24 31 34 30 8 30 23 28 24 35 31 34 24 31 28 32 33 31 24 32 40 29 26 44 31 20 38 42 28 27 36 22 36 31 28 21 31 23 35 33 25 16 25 28 39 21 13 24 26 31 26 39 33 15 29 34 28 44 16 31 36 29 29 25 30 29 21 23 30 26 28 31 26 44 28 33 33 29 23 34 21 41 27 26 18 28 31 30 27 33 21 30 39 33 15 27 38 30 24 22 23 28 23 28 29 27 28 27 15 20 25 32 30 13 34 24 29 23 29 29 38 35 20 19 28 27 36 16 28 35 20 34 11 21 36 26 35 28 39 31 25 26 34 12 32 33 30 25 32 34 26 39 37 18 30 29 21 8 27 28 23 30 14 36 40 28 22 24 22 33 33 6 22 15 28 36 24 18 21 33 34 29 34 32 35 27 30 24 12 28 32 31 20 34 38 34 17 13 23 20 7 23 32 32 34 35 32 15 26 24 16 35 27 26 22 31 38 24 9 31 26 29 33 11 24 22 28 20 28 33 14 24 30 38 31 20 31 30 33 22 25 39 35 36 29 26 32 32 24 0 37 27 26 15 24 14 33 35 17 21 30 27 26 28 38 24 28 25 34 28 28 35 27 19 34 24 33 23 27 23 39 29 35 33 33 28 25 33 30 36 27 35 20 25 43 34 36 25 21 21 37 28 36 25 29 21 32 36 24 27 31 30 3 33 29 13 34 31 35 34 35 17 20 38 17 31 32 37 29 26 26 23 18 38 16 18 45 27 32 33 34 31 24 36 30 9 28 35 28 26 7 29 21 38 16 36 16 24 22 34 27 31 29 23 19 27 23 42 35 35 33 28 25 31 21 30 32 31 29 28 30 31 29 30 26 30 27 55 29 34 30 21 31 17 33 26 26 25 33 26 33 35 30 35 38 25 34 28 43 28 29 24 27 8 30 29 18 25 27 23 22 26 17 24 28 37 31 32 24 18 25 35 25 28 20 30 28 26 29 35 15 34 31 30 27 19 28 27 29 29 27 28 27 38 39 17 28 31 30 28 16 23 31 27 32 14 33 28 19 25 37 18 20 31 28 34 30 15 22 
28 33 23 22 22 30 23 31 32 15 19 27 23 28 39 28 21 20 24 32 25 26 24 23 28 24 32 20 18 25 37 23 22 26 27 30 26 22 23 22 18 38 28 33 31 26 19 25 33 24 29 30 29 44 39 29 29 25 34 28 20 19 18 26 27 35 19 30 15 17 23 20 39 33 31 24 26 20 30 26 35 27 26 26 16 37 31 18 15 27 17 26 26 25 42 8 32 31 28 14 25 26 37 24 17 15 28 29 30 14 34 16 13 20 36 26 22 37 27 23 28 6 19 24 22 16 32 19 26 31 22 12 21 22 29 28 22 16 24 29 23 27 32 26 26 21 27 22 29 33 27 18 33 32 22 32 43 36 18 32 28 16 27 21 29 32 24 35 20 30 33 24 41 31 12 19 30 13 33 27 23 17 22 22 34 29 11 27 19 29 21 33 27 22 20 20 29 35 8 11 31 31 22 25 30 25 31 16 18 20 31 30 34 25 32 22 35 19 18 9 27 29 26 23 19 33 26 25 23 24 23 24 18 26 25 8 31 15 22 16 23 38 16 26 27 25 13 45 27 14 28 28 25 37 30 29 21 22 36 20 23 26 31 24 23 25 23 31 26 26 36 0 14 18 27 19 21 25 32 27 26 13 17 28 31 27 28 24 24 38 26 29 41 18 21 25 32 31 22 24 30 30 12 23 16 31 19 22 38 27 22 26 34 25 31 30 26 40 32 7 22 30 27 35 24 26 22 29 4 25 26 35 28 30 31 29 29 43 14 27 25 20 27 31 25 20 30 18 31 29 28 12 32 26 39 15 25 41 28 34 19 35 19 25 35 22 27 25 34 36 21 24 24 25 24 27 29 30 23 9 34 19 29 20 24 27 21 25 29 33 34 32 24 32 36 22 30 21 20 28 36 37 22 20 21 19 27 24 50 30 28 27 22 26 20 29 23 25 24 41 23 35 30 28 21 28 11 30 28 37 35 33 29 29 26 25 21 26 30 37 24 26 21 32 26 18 39 32 18 28 29 24 29 11 23 15 14 36 20 31 33 22 41 27 31 28 13 27 28 20 27 28 26 25 30 47 34 29 13 24 19 17 24 41 28 19 21 31 9 21 23 30 24 21 29 20 29 22 22 23 
36 33 38 37 31 18 26 25 31 30 27 31 25 33 25 25 36 35 26 29 29 20 16 31 37 28 32 34 33 28 37 38 37 31 13 37 30 37 25 22 33 39 29 35 17 30 34 31 39 25 32 30 24 35 36 24 27 29 36 37 27 29 20 33 28 42 34 31 29 3 24 22 29 27 21 18 25 12 43 31 34 31 29 34 2 43 17 24 21 31 23 34 24 23 50 23 32 33 35 17 30 31 41 36 32 30 26 30 16 29 26 18 28 35 38 26 26 40 19 30 29 21 30 23 22 31 29 32 18 32 24 27 26 24 30 19 26 31 27 35 25 30 34 27 28 34 34 37 30 31 29 33 30 31 30 32 43 28 32 33 14 22 32 27 32 38 10 30 29 38 36 28 43 21 20 20 33 28 26 20 33 3 23 25 27 32 26 32 25 33 25 39 26 16 32 22 32 37 23 26 28 33 25 30 21 26 32 31 20 26 33 34 26 34 33 21 41 21 33 24 28 25 29 31 25 20 39 32 25 21 26 14 33 24 28 23 28 30 31 28 30 24 22 36 23 31 28 46 29 29 21 32 20 40 39 20 27 27 30 34 30 33 33 28 9 27 28 24 15 37 35 15 0 20 20 27 26 26 26 29 26 28 32 39 27 42 35 30 10 34 27 35 35 31 27 22 35 41 22 29 28 36 27 29 31 39 28 24 27 29 31 23 20 32 21 45 18 27 21 22 27 39 41 38 30 18 14 44 19 28 20 35 36 21 33 23 25 43 29 13 29 33 31 31 22 31 32 33 41 21 35 27 41 31 33 27 22 33 33 27 20 37 34 30 27 14 28 32 32 34 31 24 28 27 33 26 36 28 16 24 30 21 37 33 29 28 23 32 39 37 27 25 23 34 39 27 22 24 35 24 41 34 8 26 26 24 32 29 47 26 36 33 28 28 16 31 25 28 16 46 18 46 29 25 36 19 26 35 28 43 36 34 35 39 27 11 23 16 19 28 31 33 29 23 23 33 42 38 33 27 29 24 35 26 29 23 13 31 22 38 34 28 35 19 33 14 15 34 33 6 31 34 23 33 45 44 37 22 28 26 25 32 18 46 22 32 22 17 24 28 31 29 36 26 17 34 37 14 11 22 
18 18 23 27 19 23 16 28 23 21 30 25 25 13 29 10 25 23 6 23 19 17 25 20 30 27 26 23 26 14 22 34 31 18 14 35 21 28 5 25 27 32 30 15 31 22 29 21 35 6 26 31 25 36 29 21 26 24 30 36 29 24 14 20 24 31 22 26 23 12 20 16 26 15 27 21 8 24 32 12 21 12 10 15 11 26 26 13 22 12 18 21 16 20 37 27 28 13 19 10 10 33 26 31 27 28 10 19 22 25 25 19 19 35 29 19 22 35 20 23 21 21 21 19 23 27 24 16 23 19 18 23 16 4 24 28 23 27 19 25 14 24 29 23 8 26 23 31 25 28 9 29 30 24 17 16 41 26 21 23 19 17 25 24 25 28 19 28 9 35 35 25 37 26 20 21 27 26 20 16 25 27 24 24 22 26 17 24 15 23 28 32 25 9 25 2 28 31 16 19 16 30 21 30 26 25 28 25 22 25 29 28 28 28 22 28 23 15 31 20 16 20 19 34 23 15 32 31 14 19 25 15 24 19 27 19 21 34 24 12 13 23 27 25 29 14 24 31 19 24 16 24 17 26 23 25 28 14 34 15 12 13 13 17 21 7 8 33 20 17 25 19 25 0 26 16 22 27 31 16 18 28 25 19 24 34 16 29 19 30 37 18 24 15 18 22 34 32 19 24 27 29 18 22 22 25 11 21 32 26 25 16 19 17 20 38 30 26 24 18 20 38 35 33 21 12 23 31 23 15 27 27 23 16 27 19 20 36 20 22 10 30 27 24 29 26 33 24 27 21 33 21 36 14 26 21 15 29 26 19 19 17 29 23 31 26 27 22 29 33 26 22 14 20 26 14 29 18 24 20 23 1 24 17 22 19 17 24 38 29 22 29 24 14 19 20 22 18 31 29 32 26 17 21 6 19 27 25 46 24 31 22 27 9 28 11 22 20 21 37 14 26 25 13 32 28 22 15 23 35 24 30 26 19 26 27 3 17 24 19 18 20 11 25 18 24 33 27 23 20 31 26 28 21 19 20 20 22 28 18 26 11 26 28 13 21 21 31 26 15 23 17 11 20 30 41 27 18 23 15 20 28 11 30 11 22 17 33 26 22 18 12 28 19 29 31 17 26 13 18 
35 43 44 35 42 29 32 27 47 40 34 38 44 43 50 38 53 36 31 30 32 47 30 50 31 35 47 41 36 30 40 45 39 26 39 36 17 34 30 37 35 38 45 38 48 30 38 39 49 36 37 46 39 53 49 46 45 16 43 44 52 26 35 43 38 49 35 34 31 30 34 31 50 40 43 31 32 40 49 33 41 42 35 45 29 42 44 38 38 41 36 29 38 44 45 40 37 38 36 34 40 42 51 45 20 36 35 44 38 41 40 27 38 46 33 30 29 45 34 41 31 36 46 35 38 43 44 35 43 42 39 39 41 29 39 46 35 43 35 31 34 44 42 29 38 34 39 39 42 47 34 38 46 38 33 41 53 48 31 48 41 36 46 40 37 34 32 43 34 39 36 37 58 44 37 39 48 39 27 31 30 44 39 32 37 46 41 43 23 48 24 43 33 33 38 27 37 44 40 43 38 50 30 36 34 49 39 33 39 45 49 40 46 41 40 28 39 36 40 41 37 32 35 50 40 40 29 26 38 27 37 34 43 40 39 40 38 47 25 37 38 51 37 47 42 36 29 47 39 32 39 39 42 42 47 33 40 22 47 44 37 43 38 42 35 37 38 45 42 42 48 32 41 30 0 38 33 42 49 37 38 43 49 44 45 44 41 49 37 46 49 40 48 34 39 41 39 50 39 45 8 38 42 46 46 34 19 41 49 46 39 33 47 37 43 46 38 53 40 39 43 46 34 43 40 36 41 47 36 42 22 40 31 41 40 36 44 52 39 35 40 23 34 35 46 43 38 21 52 32 40 29 61 35 47 34 38 54 47 44 34 42 22 44 26 41 40 41 52 52 28 34 33 35 41 33 53 37 31 36 47 31 32 36 43 37 30 51 53 37 47 37 37 44 39 41 28 38 35 41 45 47 35 34 36 27 44 34 53 46 40 47 46 39 39 34 42 28 41 50 23 51 44 35 52 31 32 44 31 53 45 41 47 34 39 40 28 33 41 49 41 41 41 35 38 41 37 35 31 34 39 43 48 43 27 40 20 43 37 41 36 27 51 46 38 29 30 35 48 33 31 39 33 28 56 63 34 37 16 35 38 40 35 41 36 46 37 46 35 47 26 36 43 42 48 46 47 34 34 34 
36 28 38 33 29 33 17 29 43 41 39 41 39 23 45 29 46 32 30 30 29 27 35 30 47 27 37 41 43 37 32 40 42 38 32 37 38 35 29 34 38 45 33 29 41 34 39 37 45 30 42 42 26 42 39 42 36 37 39 48 45 27 31 38 39 51 31 28 27 22 35 32 44 39 32 31 32 25 50 34 37 22 34 39 21 27 36 34 31 22 12 38 26 30 50 33 43 37 29 20 20 36 50 46 43 37 34 43 27 26 45 33 41 47 46 33 30 42 36 34 31 35 36 19 34 28 42 26 40 34 32 24 40 28 32 30 34 28 20 35 31 34 39 39 32 32 24 42 35 38 33 35 30 30 18 40 45 36 31 37 29 33 39 33 31 38 29 43 33 40 46 35 51 36 33 39 41 29 27 39 31 29 27 22 44 36 39 37 27 41 40 43 25 33 29 26 39 33 33 36 43 37 35 37 39 47 44 41 36 31 37 44 39 33 46 44 37 29 28 34 33 26 20 35 31 31 49 42 34 34 35 24 43 26 37 33 35 25 41 28 32 37 28 9 30 37 25 47 31 39 23 33 38 41 42 39 37 34 36 25 35 23 37 36 31 31 18 43 30 41 19 35 26 34 26 0 31 30 41 32 36 42 39 43 32 35 40 43 29 45 40 41 46 25 34 32 32 47 36 30 34 42 40 42 32 42 31 40 41 34 35 33 39 35 36 42 31 46 40 32 31 50 46 40 31 22 33 51 39 25 35 44 40 22 43 35 32 43 42 32 20 43 35 38 37 36 39 34 49 25 35 37 42 34 50 24 33 46 40 29 29 41 47 37 40 27 28 32 39 40 29 26 24 21 36 35 41 31 29 21 46 25 41 27 32 27 33 34 41 44 32 44 41 38 43 34 26 28 32 44 34 38 27 37 16 31 33 36 51 33 47 42 40 33 29 33 36 35 38 39 29 50 45 40 46 39 36 25 24 49 41 46 39 41 27 37 27 26 33 43 36 38 21 34 25 42 50 37 29 40 33 33 41 36 31 31 36 36 41 34 36 12 38 32 37 33 34 36 37 25 38 40 38 37 54 51 28 38 41 32 14 29 35 50 35 31 32 43 37 38 35 28 37 33 39 36 29 27 30 18 
39 37 39 34 32 40 28 35 38 26 40 29 36 34 39 33 34 33 30 28 34 24 35 27 37 40 32 35 46 37 41 34 43 42 36 41 29 33 29 26 43 34 39 34 47 29 42 35 49 29 40 22 28 36 40 14 37 37 32 34 36 30 28 36 34 44 37 22 32 31 30 37 47 30 31 33 32 31 53 31 42 31 34 40 30 38 40 31 39 33 23 33 31 27 49 38 22 37 39 25 31 30 41 36 31 40 34 34 37 37 40 26 24 48 38 35 31 37 27 34 21 30 45 30 14 39 39 36 36 38 27 35 40 28 39 39 33 39 31 39 39 40 45 19 37 33 35 47 38 35 33 30 41 38 29 22 47 21 32 43 40 31 36 31 32 42 38 32 33 42 41 35 51 45 27 30 41 31 25 30 31 40 33 33 43 42 22 31 22 35 35 43 38 30 31 26 40 33 36 39 31 47 33 36 38 36 22 42 34 35 42 32 45 31 35 33 38 29 42 39 35 16 31 35 29 39 40 27 29 34 18 34 29 21 20 38 37 41 31 30 37 48 26 39 27 38 31 38 34 37 28 23 10 48 39 37 30 38 46 36 36 34 37 32 34 40 29 26 36 31 40 30 37 41 24 30 0 36 22 26 33 37 45 33 31 46 35 35 33 49 31 39 49 35 28 42 43 42 32 24 32 37 23 33 40 41 35 38 46 29 38 36 44 32 11 36 37 27 45 37 31 36 46 35 20 28 24 37 34 32 30 38 35 35 45 31 29 46 25 37 29 43 33 40 35 31 24 45 45 36 39 38 35 33 37 26 26 37 37 38 39 35 40 34 22 18 30 40 36 44 30 28 35 32 33 30 40 25 20 32 34 36 27 37 33 27 37 38 51 41 29 27 35 39 40 31 37 34 43 24 45 38 36 35 27 29 27 38 61 35 32 27 28 34 20 30 13 32 34 46 26 40 37 28 28 48 28 36 35 45 41 24 36 34 29 41 27 36 40 42 34 33 32 25 30 45 42 30 30 37 27 33 39 34 26 30 25 33 28 37 41 23 43 23 37 22 23 38 31 34 35 38 26 23 45 45 37 30 36 40 25 32 22 40 26 41 29 42 37 34 33 34 27 30 34 31 40 33 1 29 
31 34 40 33 26 44 33 36 24 37 27 32 26 34 44 26 37 32 35 34 30 24 41 31 39 36 26 28 35 29 23 27 39 38 31 24 26 32 36 34 35 36 32 39 46 20 26 44 42 22 37 38 37 33 39 38 36 36 37 41 41 24 33 18 35 49 31 38 27 32 32 31 41 31 40 29 40 33 45 31 32 32 34 34 31 37 31 27 34 33 23 34 31 27 50 32 37 41 38 30 31 43 47 32 35 23 33 38 36 25 33 33 35 44 38 21 27 42 35 30 37 34 40 30 34 38 40 31 32 24 32 34 39 36 32 37 32 38 32 22 34 37 35 35 23 32 40 39 35 35 40 26 34 38 30 34 27 35 29 7 40 22 32 39 18 25 38 36 35 37 35 34 21 42 31 38 36 32 31 31 28 36 26 33 45 39 33 34 30 18 30 30 40 33 32 34 37 38 36 34 31 40 30 32 36 25 39 35 27 39 7 35 43 13 40 44 30 29 38 28 25 38 36 38 38 40 42 41 28 31 29 31 27 32 31 27 40 41 33 24 35 38 35 25 36 28 25 48 11 28 29 39 42 27 49 35 40 34 27 36 27 34 42 33 28 22 29 37 38 33 34 38 36 37 33 16 32 0 41 31 34 41 40 35 12 46 20 42 35 31 37 27 39 30 27 37 43 39 28 29 39 41 34 38 43 37 31 31 46 14 41 35 34 33 43 36 39 41 31 26 27 43 34 40 28 27 35 32 32 22 36 33 36 37 34 28 9 35 23 41 31 38 32 26 41 36 41 37 42 25 22 31 51 31 36 27 25 42 33 35 26 40 37 24 41 28 34 37 35 41 26 36 21 36 43 12 33 35 29 31 23 36 40 32 29 38 24 25 45 41 40 38 32 29 30 27 26 31 37 31 25 35 37 26 27 32 32 34 51 38 43 29 41 34 27 43 32 32 30 30 23 42 34 28 40 40 30 33 24 48 33 41 35 27 33 32 35 33 38 33 16 18 18 35 5 35 42 43 29 37 41 36 40 27 32 12 36 40 39 34 39 28 40 28 43 40 32 38 26 35 35 26 26 37 34 48 14 27 31 35 25 22 21 46 25 30 29 36 35 21 35 32 40 26 40 39 26 35 33 29 
25 33 28 31 12 35 28 18 34 28 31 35 20 27 35 25 32 31 23 27 25 27 33 24 31 34 33 33 25 34 31 38 35 31 26 35 34 27 26 29 31 32 32 34 35 13 30 34 33 23 29 30 31 40 42 35 29 39 30 29 34 19 24 28 25 29 30 21 15 20 21 30 46 32 31 24 25 25 39 26 30 30 22 41 19 33 23 15 20 30 29 34 28 21 50 22 30 34 31 16 24 29 43 35 9 32 31 36 27 35 43 11 26 38 24 16 22 33 36 18 20 13 33 27 22 37 35 19 30 29 10 27 35 25 36 36 31 31 32 23 21 35 29 18 33 23 40 29 35 27 30 8 36 18 30 37 42 34 18 32 31 29 20 34 19 26 21 36 26 34 41 31 29 31 25 28 19 27 24 27 23 31 26 31 28 37 32 30 19 31 32 27 32 29 31 23 27 31 29 20 17 31 22 29 21 36 31 37 18 32 36 34 33 23 34 32 35 7 26 30 30 30 31 35 32 31 18 32 31 26 31 27 31 34 33 29 28 36 25 29 25 33 29 26 30 27 26 43 30 25 31 37 31 37 40 20 26 27 37 33 32 31 34 34 31 32 26 39 24 34 36 21 28 26 27 17 30 29 0 24 29 20 26 36 34 31 30 25 27 36 34 31 41 18 26 25 39 40 32 29 34 34 25 36 23 20 24 22 33 7 38 23 37 28 30 29 25 44 26 28 15 31 38 31 22 28 27 40 25 18 13 16 36 32 27 26 32 43 27 24 28 31 27 21 38 33 32 36 46 30 33 33 51 19 39 26 25 40 21 34 33 35 30 18 34 21 29 18 30 29 21 23 25 20 40 31 43 23 23 30 36 27 37 20 17 5 31 32 44 24 36 40 37 35 31 15 31 29 24 25 35 21 25 26 24 32 32 25 52 30 26 24 34 35 23 32 23 15 29 40 16 43 32 14 31 32 19 29 32 34 19 33 23 37 28 24 24 15 25 44 26 28 29 24 29 27 28 40 27 25 26 35 26 22 23 28 24 36 33 32 21 28 44 26 29 31 26 30 9 23 18 30 12 33 37 40 24 25 24 22 22 10 24 44 28 32 26 30 20 28 31 29 31 14 32 30 37 21 28 26 
17 20 26 26 24 24 28 16 28 27 37 28 21 26 13 28 40 33 22 26 14 30 25 33 35 30 23 9 28 23 24 27 31 34 19 24 30 16 21 27 35 23 30 31 40 21 26 31 45 24 24 38 29 40 33 27 38 39 36 35 28 8 23 22 31 26 32 20 27 23 27 25 30 30 32 13 24 34 31 15 29 24 15 31 23 38 34 18 26 18 15 35 21 22 48 30 32 29 18 10 23 28 36 34 27 33 23 26 27 29 30 21 30 22 32 23 11 27 36 30 33 25 26 22 30 32 32 29 26 21 22 23 23 20 25 33 7 27 23 34 28 33 30 32 25 25 35 37 27 14 25 20 33 27 22 32 48 31 13 28 20 14 32 30 24 22 30 25 21 21 36 9 42 26 17 21 28 23 23 23 12 28 24 25 36 35 31 19 14 39 27 18 28 13 23 18 24 36 32 32 25 38 17 18 31 29 26 33 27 25 34 25 38 27 17 23 30 24 35 35 19 30 31 39 25 31 30 33 22 30 30 20 28 27 32 35 15 36 29 28 18 35 27 33 31 20 26 40 24 25 26 37 23 32 29 30 32 30 36 21 21 26 29 23 26 26 21 38 21 33 40 28 25 30 25 24 29 27 31 0 26 32 38 23 27 39 32 37 27 24 23 23 30 28 2 35 35 16 22 27 31 29 29 24 31 34 27 29 37 29 25 10 31 25 34 37 32 25 26 34 27 37 33 25 23 21 33 40 29 25 11 30 36 27 34 18 30 35 30 33 22 30 16 28 31 28 20 37 36 27 22 29 27 17 30 18 1 28 33 21 24 33 29 19 37 34 30 15 31 41 10 29 20 29 23 9 31 21 21 25 27 28 29 30 29 30 24 33 40 34 35 38 27 31 27 27 28 27 36 26 38 29 28 18 19 30 26 18 46 32 33 27 26 31 27 27 30 25 24 42 29 42 30 22 41 38 37 28 27 35 27 28 10 24 29 33 19 21 29 33 30 31 24 34 27 23 36 32 22 23 25 22 34 30 18 20 15 33 25 28 21 23 36 14 29 34 18 17 33 26 28 22 20 25 35 52 29 23 23 29 17 22 15 33 19 26 33 30 19 29 34 28 35 26 41 30 32 31 24 21 
39 41 44 36 43 47 20 32 40 38 42 31 36 38 43 39 48 35 39 37 36 33 40 41 50 38 48 29 25 20 45 26 41 41 39 46 35 38 34 37 37 50 46 40 46 37 41 39 48 38 45 45 29 44 44 46 41 40 36 51 43 30 40 41 42 34 34 33 30 31 38 22 41 35 35 33 41 28 52 37 44 42 35 39 31 30 44 31 40 39 32 41 32 36 52 36 40 46 37 24 40 41 30 47 40 38 30 46 30 29 35 30 36 30 43 29 33 48 39 30 44 32 12 23 37 31 45 34 34 43 29 27 34 37 34 34 34 31 23 39 25 27 45 42 44 35 27 41 37 41 38 41 34 45 21 42 56 42 35 48 43 36 36 30 35 42 38 43 13 42 49 36 58 48 34 42 50 37 34 42 34 32 40 32 45 36 34 41 33 48 43 26 36 24 36 35 43 37 36 39 33 32 39 40 41 40 47 35 34 42 48 34 42 37 25 45 48 39 38 37 36 27 23 38 33 34 47 28 33 27 35 33 41 32 37 36 36 43 44 38 38 40 31 41 37 20 28 53 30 38 29 34 42 32 49 40 46 37 39 42 18 43 45 37 38 43 38 43 40 40 45 28 29 37 30 32 38 41 48 30 0 39 45 42 31 38 43 46 37 36 43 24 49 33 29 37 40 24 30 45 37 44 35 37 39 42 34 38 49 33 41 31 48 38 39 45 34 52 39 35 31 53 49 46 38 31 38 41 32 34 38 44 43 35 33 25 39 47 37 33 40 43 38 34 39 38 47 46 25 29 44 31 54 35 41 34 30 49 37 42 35 50 41 34 43 30 35 37 45 45 32 37 35 24 43 39 44 36 32 24 38 37 44 35 33 37 23 42 44 44 28 44 44 50 46 31 30 28 35 40 37 39 36 40 36 34 48 31 55 36 31 40 41 45 32 36 39 38 32 42 34 49 31 30 49 48 39 40 28 46 44 33 37 29 37 40 36 35 41 46 39 41 32 37 24 45 47 47 32 41 38 42 39 38 37 31 37 32 42 43 42 15 44 35 42 42 35 44 37 34 38 23 28 40 54 56 31 24 36 26 34 32 26 46 30 34 31 44 32 38 38 36 38 30 46 42 40 30 33 22 
30 25 33 33 32 34 34 30 39 29 26 30 25 37 42 22 43 37 30 27 26 13 32 36 23 40 36 37 35 33 29 40 33 20 29 28 33 29 29 30 29 47 36 26 38 29 30 31 42 18 29 28 32 45 44 40 30 32 37 26 30 21 29 33 31 37 36 27 32 19 27 26 42 27 24 25 30 20 22 28 35 19 32 37 18 43 18 20 19 36 26 28 13 16 44 27 29 35 28 18 34 35 48 40 33 37 34 28 19 31 42 27 30 38 44 32 23 29 28 23 28 30 38 25 24 33 36 35 26 31 27 20 38 28 37 35 34 24 25 28 29 31 34 29 34 32 38 33 35 24 33 32 36 34 23 40 46 23 26 28 30 25 25 32 29 31 26 37 33 31 34 27 42 37 30 31 39 21 26 32 25 25 30 27 29 33 33 36 22 39 31 32 38 28 21 26 29 38 33 36 32 36 22 31 27 24 31 27 23 30 40 33 34 28 33 39 34 30 31 31 32 25 37 30 33 23 42 29 33 22 36 29 35 27 37 30 33 36 17 36 10 40 30 40 31 33 30 45 31 36 24 32 36 37 40 26 25 21 38 39 34 31 37 29 30 33 32 42 31 40 37 32 22 28 28 31 32 33 36 29 30 0 42 33 24 37 35 41 26 38 25 37 38 34 30 38 31 32 27 16 34 33 30 26 40 33 33 27 35 26 32 28 36 29 31 38 26 43 37 29 20 28 38 27 27 19 19 50 36 23 25 33 30 21 37 31 30 45 31 29 17 43 28 37 39 36 30 30 42 31 35 28 40 24 43 16 30 30 23 26 35 27 38 23 35 22 34 33 25 34 23 32 25 27 34 33 33 28 24 26 42 27 31 36 22 32 27 12 35 30 45 36 37 40 36 20 32 25 37 30 42 35 24 29 30 26 19 31 54 31 34 29 14 31 24 30 28 21 24 42 15 49 37 29 34 27 33 36 30 37 40 33 28 38 36 19 27 27 27 45 31 33 35 26 26 36 43 24 29 30 30 25 36 33 22 32 31 32 31 31 23 33 44 16 37 23 24 27 26 22 24 36 27 27 45 37 34 30 36 23 28 25 30 40 33 34 31 25 32 8 25 34 11 19 38 28 39 22 27 24 
34 39 34 40 33 43 24 36 28 34 42 40 26 38 43 25 49 39 36 40 31 36 43 42 43 43 39 39 39 32 43 44 41 45 37 41 40 33 35 40 37 50 42 44 39 35 39 44 43 29 31 45 33 46 35 47 37 44 37 50 40 25 30 29 35 47 38 34 33 36 33 36 53 38 31 30 38 32 48 32 36 38 39 39 35 34 41 21 27 37 36 45 39 27 58 28 39 43 33 28 35 42 32 41 30 38 37 41 34 33 51 29 32 45 45 37 28 42 43 24 41 31 32 27 37 35 39 37 42 39 28 31 33 34 42 34 37 35 27 29 39 44 35 39 34 39 31 41 42 33 39 37 38 35 25 46 55 35 30 48 39 35 26 38 36 32 38 21 33 36 38 37 47 43 31 38 37 25 37 33 29 27 38 18 41 46 42 39 28 38 41 33 46 38 25 32 41 38 37 40 35 37 34 35 34 46 33 50 24 16 48 43 46 24 45 41 44 25 32 43 36 43 27 42 38 38 39 41 19 32 38 20 24 36 40 42 34 51 37 39 42 44 35 37 27 35 32 57 34 41 39 50 43 39 48 33 33 41 40 40 38 35 43 40 40 33 38 46 40 42 40 42 33 30 34 28 41 41 38 30 33 38 0 42 42 42 31 35 37 43 38 39 47 36 32 37 28 44 39 35 42 43 31 49 41 38 38 28 37 38 40 29 45 32 43 49 38 52 41 41 21 52 40 40 28 20 34 45 45 24 31 34 47 39 34 35 29 40 20 35 36 39 33 42 44 39 13 48 45 33 39 46 57 25 47 20 31 52 27 40 38 38 44 24 47 34 25 36 36 35 27 41 33 28 42 32 47 29 34 28 44 31 40 38 23 23 37 36 48 37 47 47 43 40 37 21 34 38 39 31 38 46 41 39 36 38 38 33 59 37 44 30 34 38 33 40 29 28 40 35 38 51 41 32 49 43 44 39 32 49 44 35 29 45 45 35 33 22 29 49 27 29 30 33 35 40 49 43 36 31 34 29 41 40 32 24 33 32 39 16 40 19 50 39 43 47 32 32 27 39 31 38 30 44 45 46 35 34 38 40 38 36 32 50 18 38 32 41 34 32 42 42 31 20 47 32 38 34 39 26 
28 19 28 35 20 24 31 30 33 24 36 35 20 14 22 21 18 17 21 34 20 18 26 21 36 35 28 31 32 29 23 38 33 18 23 35 34 27 20 32 29 36 37 20 32 29 28 34 36 21 33 33 34 30 35 34 27 35 30 29 31 19 24 28 30 40 30 28 26 13 27 30 35 30 31 22 23 29 42 26 28 13 25 30 12 38 27 15 24 13 20 32 28 21 47 22 34 27 20 17 11 30 37 35 36 32 22 29 26 26 36 25 22 39 39 9 22 40 26 18 22 29 26 27 26 28 35 17 31 34 28 24 28 19 34 29 29 28 26 23 29 25 29 31 23 34 38 33 32 27 24 31 31 5 27 31 49 28 22 35 20 19 20 33 6 26 20 30 24 34 34 26 42 27 21 28 33 29 31 27 23 29 31 30 35 27 30 22 23 38 35 27 36 24 29 17 33 31 27 28 27 31 26 29 28 31 35 32 18 29 30 38 25 23 37 31 28 25 26 18 29 34 34 30 31 30 38 34 24 26 26 24 27 29 28 24 28 36 30 27 28 20 28 36 30 25 24 45 30 23 31 39 30 24 33 27 18 25 24 16 27 14 28 32 22 22 9 34 21 32 38 26 26 34 30 27 29 34 32 24 29 36 30 0 26 35 30 26 20 28 26 29 39 16 24 23 40 38 27 29 28 38 21 36 23 32 22 22 36 28 26 23 30 28 31 42 32 37 19 23 15 31 36 38 22 13 19 38 30 16 25 28 34 30 27 26 31 32 23 23 11 39 27 14 35 29 33 25 39 22 33 28 41 19 32 24 21 43 21 20 20 32 38 18 42 31 28 23 30 29 21 31 15 32 27 21 30 23 26 21 29 16 33 18 17 34 31 25 39 31 23 35 33 29 31 15 23 19 25 25 22 29 18 23 7 30 32 27 48 25 37 24 31 24 15 26 23 22 29 27 20 41 35 24 37 30 20 16 32 42 37 37 23 34 27 28 18 25 33 34 26 28 12 26 29 34 43 28 31 25 33 33 34 20 27 24 23 27 29 25 34 26 29 29 28 21 22 30 21 16 25 28 22 31 12 40 11 29 32 30 22 10 17 44 21 28 23 33 28 28 29 27 40 14 28 30 20 28 21 26 
28 33 28 36 27 35 35 33 33 28 22 35 20 31 37 27 30 31 23 34 22 22 33 19 36 35 33 23 32 31 37 37 35 37 30 35 34 27 32 24 31 27 35 37 42 8 28 33 37 23 25 37 26 30 35 38 35 35 30 29 34 19 24 28 23 40 30 28 26 20 27 30 46 32 29 21 32 33 42 26 29 30 29 29 19 38 34 15 24 30 20 37 34 21 53 22 25 40 31 23 28 36 41 27 29 18 34 32 33 26 43 29 26 39 39 9 19 40 30 18 32 29 33 27 31 28 37 30 34 27 28 24 35 31 33 36 29 28 29 23 33 39 29 30 31 35 41 35 30 27 36 28 31 29 27 31 45 32 24 42 31 19 20 29 6 26 27 30 32 34 34 28 42 37 25 32 33 29 31 27 23 29 32 30 35 41 30 22 25 36 35 27 36 32 29 29 25 31 31 34 27 31 18 29 28 31 27 30 18 33 42 29 40 23 34 35 40 25 26 18 27 35 38 33 27 30 38 37 24 26 26 31 31 29 28 22 28 40 30 19 32 41 24 34 25 25 24 41 32 23 31 42 34 24 44 27 30 33 24 33 29 31 34 32 35 32 26 34 29 34 42 40 26 32 22 27 29 35 32 24 31 36 40 36 0 38 30 37 27 28 29 29 41 29 24 34 40 38 30 29 27 38 25 31 39 32 30 22 43 2 36 23 37 30 37 24 32 44 19 21 15 31 34 38 22 23 31 38 39 18 33 28 39 31 27 29 27 32 27 30 28 39 24 14 33 31 33 29 44 33 33 26 41 19 32 24 21 35 21 34 30 30 36 18 29 16 29 34 30 29 21 26 21 32 38 30 30 23 18 21 29 33 37 31 17 35 31 32 41 31 37 35 35 37 31 15 34 33 25 25 22 36 25 23 24 27 32 27 59 33 38 24 31 39 18 37 23 22 32 27 11 43 36 24 35 43 20 32 32 43 35 29 23 37 37 35 30 32 35 37 26 28 29 31 29 30 43 40 32 25 33 33 35 20 29 28 27 35 33 35 34 30 40 21 39 31 26 30 21 23 25 28 22 36 44 40 11 29 32 34 22 10 17 44 21 31 21 33 28 28 34 36 40 14 28 30 37 28 28 26 
41 41 43 47 42 39 36 34 38 35 44 36 35 22 52 29 48 46 29 42 36 23 46 39 46 40 45 46 33 37 45 43 46 41 37 40 40 40 28 25 42 42 44 38 48 38 34 34 50 28 39 38 27 28 51 44 36 39 50 50 35 32 34 32 37 50 45 37 38 35 33 39 49 37 30 35 31 44 55 35 42 35 33 38 34 46 47 30 41 35 38 44 36 26 60 37 39 36 38 24 33 41 49 50 43 42 33 33 42 39 48 32 40 52 51 39 33 47 33 33 44 36 44 39 38 47 38 30 41 41 33 43 39 27 45 50 31 47 37 34 37 33 38 43 31 43 43 46 38 34 32 42 50 44 37 39 46 44 37 46 40 40 35 30 36 37 42 47 32 35 55 33 56 47 36 41 47 45 39 29 36 43 38 38 44 35 39 42 38 37 47 42 38 32 45 25 39 51 35 38 42 46 32 42 37 48 41 41 33 36 48 39 49 38 45 49 46 35 41 42 39 38 39 34 28 38 50 40 37 41 38 38 45 41 40 41 36 49 47 35 36 46 25 46 26 37 42 46 33 44 39 45 40 25 45 36 47 37 45 38 35 36 36 33 36 30 31 37 35 40 46 34 40 43 23 37 41 41 47 39 32 43 44 42 30 0 34 51 40 29 30 41 47 38 41 36 45 54 37 44 31 39 40 32 31 44 34 37 52 32 37 32 42 31 43 54 41 49 47 40 30 52 42 45 37 29 38 49 38 30 35 43 46 34 48 34 28 55 41 45 33 46 38 44 34 39 40 33 46 30 38 37 54 34 48 40 38 36 36 42 34 40 45 33 30 17 42 36 35 43 34 27 29 40 39 31 39 38 19 40 46 24 47 31 32 42 40 47 53 40 31 38 47 37 42 30 31 27 51 40 45 37 40 42 29 28 46 42 56 34 50 39 50 32 19 34 38 31 39 50 25 49 43 39 44 52 36 24 38 46 47 43 38 42 41 48 26 37 46 42 30 32 26 32 41 45 53 50 43 40 42 48 38 43 42 34 41 35 36 41 42 31 49 22 36 28 29 37 36 38 34 40 37 43 48 47 41 36 39 38 40 31 34 53 34 34 36 53 43 43 41 35 49 29 33 43 34 37 36 38 
27 26 40 35 35 40 33 31 27 25 35 34 33 30 37 18 19 20 23 30 29 21 34 31 32 24 25 32 43 23 30 43 36 26 31 37 34 32 22 22 32 19 34 32 36 30 17 40 33 23 30 30 41 45 37 38 29 36 39 45 34 29 30 36 27 45 19 31 15 27 23 25 43 32 30 24 25 30 41 29 31 29 27 32 26 38 41 28 38 29 31 26 33 24 42 32 37 30 36 25 27 39 40 41 40 32 27 32 25 30 42 27 23 44 46 32 26 45 34 28 29 30 38 24 22 32 32 19 36 31 27 28 33 21 29 35 22 32 24 23 28 37 27 27 25 34 40 36 29 32 26 35 31 41 22 30 43 32 34 38 36 31 33 33 35 26 34 36 26 39 45 24 49 36 24 29 43 30 34 33 33 33 28 29 38 39 33 34 23 27 36 37 37 26 22 19 37 38 33 36 36 42 30 38 31 42 32 33 31 32 38 21 43 33 39 32 39 31 29 32 33 34 31 33 35 29 42 38 18 24 29 31 28 32 31 31 38 32 26 29 30 40 32 32 33 23 13 46 27 12 30 41 34 35 40 30 38 22 39 32 21 30 30 34 25 24 25 34 36 34 42 36 30 35 31 23 32 31 41 24 26 37 42 36 29 41 0 34 34 39 29 27 41 18 26 19 37 40 32 39 39 38 22 39 37 31 19 33 40 26 39 33 36 25 37 46 34 40 41 30 25 47 25 43 24 17 28 27 31 19 26 38 28 30 36 23 28 44 24 37 27 46 31 37 38 30 32 22 36 29 38 29 49 31 42 25 25 45 32 27 23 34 39 31 45 32 31 25 33 36 31 24 18 28 41 31 45 34 33 25 40 18 29 20 30 34 26 41 42 34 37 34 34 31 31 28 30 31 36 34 37 36 32 35 23 24 42 34 52 26 37 37 23 26 18 28 34 25 34 42 23 43 28 33 36 46 34 13 28 41 41 34 34 36 30 41 20 33 36 36 34 36 15 32 27 33 47 32 31 37 36 34 33 9 27 19 24 29 32 29 33 28 32 31 30 29 25 35 31 30 28 26 31 25 47 45 33 27 39 29 30 33 28 41 15 35 33 45 35 37 23 29 20 27 32 37 23 31 30 23 
28 34 23 40 29 30 36 40 36 25 38 30 35 31 39 32 35 31 38 30 23 23 31 30 45 37 38 35 30 27 38 38 34 35 40 40 40 40 37 25 36 28 36 37 44 9 30 34 47 28 26 38 27 42 38 35 36 39 35 39 35 32 31 30 24 43 33 37 29 30 33 21 34 24 30 22 34 34 41 19 33 30 41 46 29 45 32 30 29 30 28 40 34 26 56 32 26 44 37 24 28 44 45 29 30 42 37 33 27 35 24 25 27 41 36 26 20 37 34 33 33 27 43 35 34 37 41 33 30 28 24 33 33 36 23 34 33 37 37 37 24 41 44 31 32 39 39 40 26 34 41 29 32 22 35 46 46 43 32 46 26 27 35 30 23 40 37 34 38 41 48 29 54 33 27 34 41 32 27 29 36 30 37 37 44 38 33 30 32 37 36 42 35 23 25 34 26 36 20 23 32 46 19 42 37 39 28 34 33 35 38 30 39 38 35 36 27 32 41 27 23 36 35 34 28 31 39 38 32 34 36 22 32 31 37 26 35 41 41 41 34 37 25 35 26 27 32 42 28 31 31 43 41 34 45 36 35 40 41 33 25 19 45 26 28 34 26 37 27 15 34 42 27 32 23 31 33 40 38 26 40 34 29 17 30 45 32 0 25 35 30 31 46 32 28 37 45 42 26 24 31 39 32 32 37 45 37 37 39 3 37 30 35 39 33 25 31 42 36 25 30 41 35 35 4 30 29 46 44 33 35 34 42 32 32 32 28 45 28 40 28 41 25 31 34 27 40 36 39 31 38 30 50 21 35 27 27 36 36 35 33 31 40 33 30 17 41 35 17 43 34 27 22 26 39 31 39 25 19 30 37 33 43 34 32 42 22 30 49 40 40 38 31 38 36 30 32 35 41 30 39 33 23 31 24 28 27 30 57 25 43 39 38 40 19 38 36 31 28 44 12 24 38 29 39 41 29 33 36 45 31 30 36 18 40 33 35 24 31 37 28 30 29 32 31 30 40 43 36 26 41 36 38 29 36 29 28 36 35 32 41 31 41 22 40 29 28 37 36 21 34 30 27 39 29 47 28 31 35 25 30 27 25 37 29 40 17 39 31 37 37 35 41 29 33 39 37 27 34 34 
32 29 37 32 30 33 30 25 29 24 32 28 29 30 39 26 41 31 23 34 26 17 6 27 32 35 29 35 32 31 33 37 40 35 30 34 28 31 22 13 36 32 37 32 34 26 36 22 36 22 29 27 15 34 39 30 30 27 36 37 24 23 17 33 31 36 30 31 26 25 27 22 27 31 24 25 25 9 33 29 36 28 26 32 27 40 7 24 30 27 25 34 25 20 50 29 29 30 32 18 27 28 43 35 31 35 27 27 31 30 16 22 22 41 35 31 23 32 36 27 26 24 37 24 19 32 26 30 15 30 21 28 33 21 34 35 16 30 24 32 25 20 38 24 24 31 32 27 26 28 26 32 27 38 22 33 34 18 28 38 34 30 29 18 29 35 30 37 26 35 37 18 40 35 26 28 30 24 31 23 27 33 31 23 31 22 20 29 20 30 30 36 36 24 24 19 29 37 22 25 29 38 22 33 27 30 31 35 25 23 38 31 23 28 27 31 33 18 35 30 29 32 33 28 16 32 38 24 20 18 16 25 27 19 18 29 24 36 26 18 22 40 13 38 20 31 29 43 31 34 32 39 26 37 33 30 35 31 27 30 29 30 30 21 29 24 25 24 23 34 40 21 30 17 11 29 16 31 38 26 34 31 23 36 24 41 33 33 0 38 24 32 40 29 28 36 33 42 26 19 19 33 21 26 34 33 28 29 24 22 25 19 36 33 20 42 15 34 31 28 24 39 38 30 31 15 22 48 25 27 20 34 36 28 33 27 22 40 23 28 26 25 28 36 22 27 29 32 34 24 32 31 44 28 36 19 27 30 30 30 10 30 33 27 24 11 18 24 29 37 25 15 25 27 27 25 33 25 7 25 28 18 35 31 26 18 23 32 29 34 27 25 13 30 36 24 25 14 36 21 33 31 30 18 23 16 22 31 50 22 29 24 35 26 13 28 29 25 13 38 15 43 33 26 33 16 30 32 29 34 37 33 32 36 17 8 20 25 16 36 31 31 28 26 34 32 39 38 28 34 26 21 26 31 21 28 23 31 34 29 30 25 42 16 29 31 27 31 30 28 28 31 24 32 46 41 34 26 27 26 27 31 26 46 28 34 23 14 30 28 31 29 42 23 27 31 34 11 17 23 
28 28 37 34 28 39 28 32 33 29 26 22 31 34 34 21 39 27 30 23 25 19 31 21 42 29 28 20 4 11 29 38 33 21 30 30 35 27 25 29 29 41 37 34 42 20 5 36 37 17 35 26 36 35 35 28 36 34 27 45 22 19 20 32 34 39 26 31 22 27 30 13 32 26 31 24 32 24 42 26 29 27 26 33 26 31 29 26 32 30 23 33 21 22 49 30 31 20 30 16 31 31 45 31 31 22 21 20 26 33 41 21 27 34 22 20 22 36 29 9 25 23 37 30 18 35 31 26 14 30 20 23 25 28 34 32 25 27 21 32 16 25 40 23 31 33 35 33 32 30 29 24 36 38 29 21 47 31 24 36 36 29 31 21 23 35 34 34 32 27 41 27 43 37 23 33 33 28 26 35 23 28 35 23 36 27 25 32 24 40 35 35 27 15 29 26 34 28 22 25 24 35 28 29 31 31 37 28 26 29 41 25 26 31 34 36 39 21 17 27 29 25 19 21 30 30 32 27 24 18 22 25 22 23 24 26 27 36 36 23 18 36 27 20 31 11 20 42 21 30 20 32 24 23 42 30 34 29 41 33 9 34 37 28 23 36 29 30 31 39 30 26 25 30 31 11 25 38 40 21 25 30 31 39 17 43 34 38 28 0 17 15 41 25 20 32 31 34 21 27 28 35 26 28 31 33 26 30 42 19 34 22 42 24 34 36 24 43 30 25 23 47 13 37 31 23 28 20 30 17 29 36 35 21 24 16 31 46 18 33 25 34 27 25 36 33 28 19 24 32 33 24 41 28 32 25 21 40 32 29 21 38 33 29 39 26 29 32 31 40 21 28 16 18 36 30 35 32 28 28 29 31 36 27 28 28 14 23 40 36 33 31 37 37 40 26 33 19 36 20 39 24 32 33 27 30 30 22 40 16 30 35 39 37 6 30 31 27 23 44 21 48 22 21 32 38 29 32 35 37 37 32 28 38 28 30 27 27 34 30 30 32 13 29 15 32 26 39 30 34 36 33 29 29 28 7 28 33 31 22 31 23 35 31 33 24 24 33 29 30 30 14 19 32 47 43 28 15 27 17 25 26 17 37 21 32 23 35 23 19 30 27 36 25 20 21 21 26 24 29 
11 11 20 20 18 22 21 28 25 26 34 23 26 24 29 22 37 28 16 12 8 26 20 27 31 33 25 23 25 17 15 21 25 28 24 18 31 10 15 25 34 36 27 25 34 15 20 31 32 24 18 16 24 34 32 29 34 32 30 29 5 2 21 26 29 34 28 14 21 18 26 19 35 33 30 7 18 23 25 9 23 18 20 33 17 31 21 21 20 23 13 26 26 22 39 28 17 23 21 20 21 22 30 34 21 33 17 3 31 28 30 17 24 22 26 21 5 34 22 24 15 19 29 20 8 30 31 24 11 26 16 26 23 14 19 31 20 30 18 28 22 28 35 13 14 19 28 31 22 29 19 14 31 21 20 26 40 32 7 32 29 12 26 7 18 31 25 19 15 26 30 14 44 20 15 24 26 17 9 22 6 24 24 15 32 30 26 23 8 33 21 27 33 19 17 12 18 31 21 24 27 35 11 12 27 33 20 32 24 13 34 25 23 21 25 33 24 22 32 29 13 8 24 35 25 25 30 10 16 20 24 17 22 21 26 29 29 42 25 11 23 29 25 31 26 14 22 29 18 21 23 15 25 26 32 32 24 24 36 26 15 24 23 30 20 25 19 32 26 25 41 29 28 27 16 22 15 27 25 16 25 23 30 27 28 37 26 31 14 21 0 18 24 24 17 30 25 26 7 21 24 23 23 31 29 25 21 26 34 30 24 25 25 24 26 31 26 32 20 28 21 31 27 32 26 17 25 33 31 24 23 24 28 4 28 12 28 29 25 16 16 24 10 26 31 23 18 34 30 26 16 28 24 11 36 12 17 41 27 12 18 27 23 24 34 25 24 20 31 35 4 27 14 23 26 24 38 15 19 23 31 19 34 25 23 20 18 25 36 31 30 33 21 20 32 21 27 22 34 17 34 23 23 16 17 26 24 12 52 22 31 23 22 27 21 21 27 27 9 39 24 34 25 24 22 30 31 26 25 36 21 22 25 28 23 22 13 15 26 27 24 26 22 19 21 17 30 31 16 17 19 21 28 27 12 18 25 29 23 22 27 16 34 27 23 29 16 24 27 21 30 17 22 30 36 46 23 18 17 23 15 16 21 27 15 32 16 28 13 21 28 22 19 20 35 24 30 25 16 19 
26 29 34 21 29 35 27 30 34 32 35 32 27 31 37 28 42 34 17 27 30 26 33 33 32 37 37 32 25 25 31 45 33 29 25 37 28 37 16 33 29 37 26 26 31 16 26 40 36 24 37 30 35 44 40 32 25 27 32 39 37 29 25 31 31 42 33 28 29 20 27 25 37 33 19 32 19 29 40 23 28 23 21 37 19 25 33 24 33 31 21 23 8 28 39 26 34 24 38 21 28 36 37 35 40 32 21 30 14 36 36 30 30 43 40 23 30 24 23 28 29 32 32 28 22 38 32 30 28 26 29 15 27 15 35 36 21 19 30 24 28 36 36 27 24 20 34 32 38 34 20 28 39 35 28 23 43 18 32 30 31 20 27 35 20 27 27 39 20 41 31 23 44 38 31 32 34 30 24 32 31 20 20 26 26 38 28 31 9 34 22 37 39 20 30 13 36 33 27 30 32 41 32 28 28 36 39 34 28 28 30 35 40 33 33 38 25 26 36 30 27 23 30 40 34 18 43 24 25 21 31 26 29 8 32 30 30 43 26 23 14 41 33 27 37 25 27 42 13 35 5 30 28 37 34 27 38 25 38 34 23 32 24 35 21 33 27 39 32 28 37 32 17 26 31 18 30 23 31 27 26 39 36 30 14 38 27 41 27 21 38 0 33 29 25 33 36 39 24 34 39 24 29 33 40 28 22 32 33 16 36 27 37 25 31 32 32 39 33 29 25 41 34 22 29 23 31 38 36 16 25 26 25 19 34 27 32 38 25 30 21 44 33 28 34 37 32 40 38 26 43 30 39 25 37 25 26 46 28 30 28 28 40 25 35 30 36 29 37 32 29 35 23 30 38 25 40 29 27 31 34 27 26 28 24 30 24 30 32 31 33 31 35 30 32 22 27 30 39 32 36 37 25 24 25 21 37 34 52 35 29 24 37 31 27 22 23 22 26 41 25 37 33 29 36 36 32 31 25 32 35 40 30 30 35 28 14 28 25 42 29 31 20 21 7 32 44 29 17 31 33 33 31 32 13 14 30 33 39 29 18 22 20 32 24 31 32 37 28 23 25 28 27 22 42 43 25 26 37 18 23 20 22 41 22 33 28 34 34 33 20 23 34 24 34 32 28 28 24 27 
30 30 28 28 26 30 30 36 39 34 34 34 34 32 37 36 49 35 24 28 16 36 35 39 40 39 38 31 36 23 34 44 33 36 32 45 39 40 23 33 39 44 35 33 49 23 34 39 47 32 26 31 35 42 47 35 43 40 38 43 35 32 29 33 41 42 34 41 29 31 37 25 44 41 38 15 26 36 44 17 32 31 28 43 30 40 36 29 28 31 21 39 33 30 55 36 32 31 33 28 29 27 38 42 29 33 19 37 38 36 43 25 32 30 32 29 13 41 38 32 30 27 23 28 23 38 39 33 26 34 24 34 25 22 27 39 28 38 30 36 28 36 37 28 31 27 37 37 30 37 27 22 39 29 28 34 54 42 15 40 38 20 34 33 26 39 38 27 23 36 38 22 20 28 23 38 34 25 25 36 14 39 32 31 40 38 35 28 16 28 29 36 39 27 25 20 26 37 31 34 35 45 19 20 41 41 28 37 32 31 42 31 22 28 33 41 29 30 26 37 19 37 31 43 33 33 38 40 32 30 32 33 30 27 34 37 37 52 34 30 30 17 33 39 34 22 28 42 26 27 31 44 31 34 33 40 34 32 44 34 21 32 31 38 28 37 27 40 32 35 49 37 36 39 31 30 30 35 33 24 33 34 40 37 34 45 34 23 29 35 38 26 0 32 25 39 41 34 22 29 32 31 31 40 37 44 29 36 47 26 25 33 33 32 32 39 42 40 28 36 29 45 35 39 27 30 35 42 41 32 31 30 41 34 36 20 36 45 33 41 29 32 18 34 39 31 33 43 36 34 44 36 50 19 44 20 25 51 35 31 26 35 31 32 42 38 32 28 39 43 12 35 22 30 27 32 47 23 27 31 39 31 42 34 31 36 26 40 45 44 38 41 27 37 37 29 35 30 42 30 42 29 36 24 25 31 32 20 60 38 39 38 31 37 35 29 37 35 24 47 32 44 33 32 37 40 39 34 33 42 27 30 33 37 33 37 21 23 39 41 31 33 30 34 27 36 36 39 24 25 34 29 34 39 20 26 33 39 31 30 43 25 42 37 31 39 24 32 35 34 38 25 30 38 49 54 31 26 25 29 23 24 29 35 29 25 13 39 21 36 36 30 37 28 46 32 38 38 22 27 
27 33 25 22 19 32 28 31 35 26 28 25 29 29 37 25 24 31 7 27 20 31 26 33 25 34 29 33 27 26 37 36 26 13 26 30 33 31 17 33 22 38 32 27 35 17 25 33 39 28 24 30 35 38 25 33 11 36 30 41 27 23 22 30 25 40 30 21 26 17 21 18 37 27 35 6 20 29 41 21 36 28 22 36 16 38 27 25 25 28 24 16 25 30 32 30 24 25 34 15 26 29 29 32 28 35 22 20 30 36 27 9 25 34 38 23 17 38 21 32 28 24 30 24 22 39 24 1 18 29 21 21 28 16 18 33 22 25 31 33 21 31 37 26 25 21 31 26 21 36 21 26 34 25 29 28 38 35 19 35 28 23 33 29 24 36 24 18 21 37 32 24 31 27 17 32 35 25 24 33 18 26 26 19 28 33 28 30 10 35 23 40 32 20 20 14 24 31 17 20 26 39 17 24 21 30 26 20 26 25 33 28 30 29 34 34 26 23 38 30 25 30 31 40 35 27 37 30 26 14 24 21 30 27 26 29 31 44 19 24 25 38 33 33 33 26 24 40 19 31 26 32 29 32 28 20 31 9 27 31 24 22 18 29 22 29 24 32 19 18 32 32 23 22 25 24 27 29 32 24 18 31 26 20 34 31 28 36 20 33 22 30 41 0 26 7 29 38 14 26 33 25 27 23 34 21 6 30 31 36 26 27 34 17 30 33 25 40 32 28 31 43 33 36 6 24 27 43 35 29 26 27 18 26 27 17 35 39 26 27 26 34 22 28 35 22 32 32 39 19 37 16 46 23 37 21 25 27 32 32 23 29 26 27 36 31 31 7 38 18 16 32 20 23 28 15 30 24 27 32 34 23 19 2 30 24 17 33 38 24 34 24 33 31 39 28 20 25 39 24 40 35 22 26 22 14 29 24 45 28 27 34 31 30 26 23 31 15 16 45 10 27 31 23 36 35 32 23 18 40 33 26 34 21 30 28 15 20 23 32 28 28 25 32 28 27 37 22 18 29 26 30 35 31 14 20 26 25 24 30 23 23 39 13 25 16 17 33 37 20 18 29 21 15 32 29 29 24 27 22 20 26 22 28 23 31 19 34 25 34 13 24 28 30 14 27 33 21 25 24 
31 18 38 31 30 22 26 14 29 25 35 26 19 26 35 26 38 34 27 24 26 30 27 33 33 36 31 7 35 35 22 39 37 39 17 36 28 28 26 27 33 21 28 31 38 26 36 29 43 22 29 37 36 39 31 35 36 38 41 45 26 23 21 28 29 24 33 18 28 21 25 36 28 31 30 25 29 34 45 30 27 25 13 29 24 41 32 16 25 16 15 33 19 20 46 28 38 34 16 12 23 26 37 32 33 31 27 24 25 30 37 19 31 20 38 21 23 25 34 34 32 26 24 22 29 36 30 29 25 19 23 21 21 25 37 33 5 25 21 38 34 31 28 30 23 30 33 37 25 12 30 32 33 26 32 37 48 29 18 26 18 30 30 28 27 20 28 26 25 19 37 7 40 25 15 19 34 32 21 21 27 26 22 25 36 33 29 27 19 37 32 16 45 11 32 23 29 36 31 34 23 36 22 30 29 27 31 31 25 23 32 23 37 26 15 40 35 22 37 34 34 28 29 43 23 29 28 31 20 32 35 18 32 25 37 33 13 34 27 28 16 33 34 31 30 27 27 41 25 28 26 35 31 37 27 28 31 35 34 19 33 26 34 21 31 32 21 39 19 38 41 26 23 28 29 22 27 25 30 22 24 33 40 21 29 39 31 39 25 38 21 21 39 28 0 35 35 14 28 35 31 29 30 22 29 32 32 27 35 31 23 8 38 23 32 39 33 23 31 32 31 47 38 23 21 19 32 43 30 23 9 36 35 25 38 22 28 36 28 31 23 37 28 26 29 26 18 37 34 25 34 27 25 29 28 27 17 26 31 19 29 38 36 17 35 34 28 13 29 39 25 29 25 30 21 31 29 21 28 35 25 28 27 30 27 28 36 31 38 32 35 36 34 29 25 25 26 25 34 24 39 41 26 34 19 37 24 25 48 30 31 25 24 29 36 32 28 23 30 40 32 47 28 20 39 41 35 28 27 33 42 33 8 40 27 33 24 20 27 33 29 29 24 32 28 37 42 30 27 35 23 20 34 28 23 18 32 31 23 35 19 26 34 12 34 32 16 15 37 24 26 20 18 23 33 50 32 21 30 29 17 26 13 48 17 28 33 38 26 27 37 31 36 30 40 39 32 29 22 21 
39 38 44 43 42 45 45 47 40 40 38 46 36 41 44 21 47 36 39 44 36 24 44 48 35 40 46 45 33 34 42 49 39 42 45 40 37 38 36 38 35 54 47 48 52 38 34 43 42 29 40 39 46 55 18 47 45 49 51 54 41 30 33 34 40 49 35 38 31 42 36 42 53 38 40 35 41 43 53 37 34 45 41 48 41 41 45 31 41 47 40 42 30 27 58 35 40 46 39 35 38 46 56 44 24 40 31 49 36 41 44 31 38 50 51 34 33 46 45 31 35 33 41 40 36 45 35 35 32 41 30 37 37 37 43 49 38 41 40 26 45 52 30 33 39 42 52 39 35 35 40 42 51 45 38 45 54 40 35 51 41 40 36 43 40 29 36 45 42 42 33 40 56 39 38 42 46 44 41 41 34 36 41 43 41 54 36 37 31 40 28 40 44 40 38 35 38 52 38 41 42 45 33 40 38 23 42 42 34 46 47 49 44 29 51 47 47 34 39 35 41 36 48 50 47 40 33 46 44 40 32 42 43 30 34 34 44 51 29 34 36 54 44 44 36 40 29 54 30 36 27 43 43 46 34 37 44 38 49 46 38 42 46 40 28 38 46 40 42 49 48 36 39 44 42 35 35 44 44 40 29 40 47 44 36 46 36 49 38 29 46 44 52 34 42 0 43 53 43 45 50 46 37 53 43 36 35 36 53 38 26 39 50 28 44 53 42 56 44 33 28 56 42 44 38 43 38 49 40 22 42 41 44 41 53 26 31 57 39 39 43 27 38 39 41 36 41 25 53 41 44 38 58 35 49 39 41 52 37 39 26 45 26 34 54 45 34 41 36 45 32 40 21 39 28 34 55 39 38 38 43 43 45 36 33 48 43 41 45 41 43 37 48 44 34 31 42 46 39 38 47 48 47 38 44 40 47 40 67 45 42 33 48 50 35 44 37 32 38 52 26 58 49 39 45 35 37 16 40 44 49 44 39 38 33 44 36 42 45 52 32 34 18 39 29 45 54 48 39 41 43 48 36 37 35 31 39 40 46 49 38 44 47 47 44 42 39 38 34 45 35 43 37 41 50 45 36 42 20 40 42 42 37 55 41 46 39 48 40 37 39 45 47 30 48 43 26 38 34 39 
32 22 37 27 26 18 26 34 27 19 32 12 33 28 31 28 35 26 23 20 22 28 26 27 42 33 37 27 34 30 26 36 35 35 23 34 24 26 22 29 34 40 24 27 27 22 34 38 41 31 25 35 31 35 43 31 35 23 31 42 36 23 25 27 7 37 29 14 23 13 27 32 29 37 29 21 25 22 46 28 20 27 27 37 12 36 27 30 31 27 17 33 18 29 49 24 34 30 12 25 25 22 33 37 29 28 22 36 24 32 36 19 17 40 40 26 19 21 19 35 28 21 28 24 30 34 38 25 28 11 18 25 28 21 33 29 25 29 17 33 32 32 20 26 15 26 33 38 21 8 26 28 28 22 24 33 48 28 14 27 14 16 33 34 23 16 20 22 26 15 37 27 41 21 19 15 30 24 17 23 25 13 18 26 35 34 15 23 15 38 28 36 31 26 24 19 25 32 24 27 31 29 18 31 28 36 27 32 30 24 28 15 34 22 35 26 31 26 38 32 32 19 29 39 32 14 32 33 27 31 24 24 22 18 20 31 33 38 36 29 24 29 29 18 29 31 23 37 23 37 15 26 27 33 27 27 35 31 34 30 29 28 30 14 19 29 23 32 15 34 28 25 10 30 27 13 21 21 26 18 32 28 33 17 24 38 29 28 20 34 37 35 29 26 20 31 0 34 32 31 27 30 16 38 31 36 28 20 37 26 19 28 30 31 28 21 28 37 31 30 32 44 34 19 32 27 24 41 29 23 29 32 35 15 35 23 29 41 18 23 25 39 20 31 32 22 14 32 27 21 32 28 35 30 43 19 19 42 31 23 28 34 38 31 28 24 27 31 38 42 23 31 21 30 21 27 45 17 23 27 39 30 36 26 30 24 33 27 42 31 35 33 28 21 18 28 22 26 38 29 32 38 18 20 21 31 20 31 47 36 33 34 33 32 26 28 21 22 26 36 28 43 29 28 35 29 34 23 29 29 40 29 28 36 34 21 20 26 29 38 25 27 25 31 17 34 44 39 23 22 19 28 26 34 19 22 18 4 27 32 28 21 26 28 30 24 20 11 35 16 25 34 26 32 29 45 28 22 32 28 19 27 28 43 28 27 29 27 28 23 30 17 30 31 27 31 33 24 18 23 
28 30 38 28 26 37 30 29 27 31 25 30 29 14 44 21 25 22 21 32 23 24 20 35 37 26 25 36 37 29 34 36 34 28 29 31 34 36 20 24 30 32 36 30 26 23 33 15 35 21 26 23 27 34 42 35 26 33 38 46 20 28 24 24 29 10 21 31 17 7 25 24 38 30 20 22 23 23 42 27 33 24 25 15 23 40 21 26 23 27 24 28 18 27 44 33 32 28 13 24 25 28 41 25 30 31 25 34 20 31 30 22 29 6 31 29 20 43 23 29 22 29 24 23 15 34 30 21 11 33 28 25 31 19 31 23 24 28 20 26 27 25 30 20 23 27 38 34 19 35 24 29 22 38 24 31 42 22 15 38 34 26 31 22 26 29 14 33 24 42 36 26 46 28 26 35 37 31 30 31 32 30 30 25 31 27 32 29 16 27 29 2 38 24 24 17 26 37 27 30 35 37 19 31 20 40 28 28 24 27 31 33 23 23 1 34 32 25 31 35 25 29 33 37 9 24 39 25 26 20 28 27 34 28 30 34 29 35 31 14 28 28 27 36 16 29 15 39 22 14 25 35 32 34 28 24 29 24 26 27 27 28 28 14 28 22 23 36 16 32 34 26 27 30 25 27 30 33 33 31 24 36 36 34 33 27 29 33 14 35 33 33 39 20 31 26 35 0 22 32 28 31 28 34 15 26 21 28 30 33 20 24 24 23 27 39 29 31 27 33 26 48 35 41 26 7 18 29 30 22 24 33 30 25 35 26 18 35 30 17 22 35 25 34 15 20 25 25 27 18 31 31 45 29 39 26 29 35 32 31 24 32 41 29 28 25 14 13 21 33 30 23 21 29 22 21 41 33 21 27 38 16 27 22 28 30 25 28 41 34 23 36 27 29 34 26 19 19 25 17 26 35 12 25 21 26 35 30 44 30 32 28 32 24 22 26 29 27 24 31 25 41 30 32 29 30 34 16 17 37 33 30 34 34 13 22 18 18 30 34 26 27 18 22 27 34 35 30 24 35 35 35 36 27 20 23 26 27 26 21 28 26 41 24 22 18 19 38 32 10 28 32 30 27 44 44 31 26 35 28 26 29 26 43 23 36 19 28 31 24 25 27 39 25 34 32 26 25 28 22 
32 23 34 30 31 32 34 32 31 19 38 23 32 28 38 25 30 26 30 36 22 24 13 27 36 33 18 34 39 30 27 22 34 35 27 34 31 26 29 20 34 39 32 24 36 32 28 29 25 29 26 16 22 41 35 30 36 30 31 42 13 23 24 25 33 39 28 38 24 17 29 17 34 38 30 21 32 16 40 30 33 17 33 35 16 33 14 30 27 27 17 27 30 27 43 32 10 37 32 20 25 21 37 38 34 34 34 34 30 32 23 26 17 40 24 24 19 39 33 33 15 26 32 24 8 36 33 28 4 37 25 32 29 28 33 32 23 36 30 38 20 27 32 13 30 29 39 34 26 35 32 28 34 36 29 38 33 25 28 36 28 26 35 15 21 36 24 26 33 35 42 25 47 35 28 23 37 24 33 25 27 35 26 18 38 29 26 22 27 37 30 35 31 19 24 26 36 32 29 32 28 29 29 33 34 35 28 32 27 30 31 26 16 20 34 26 32 25 38 29 30 38 37 35 23 34 40 18 27 13 23 20 22 26 25 28 31 42 30 19 29 38 20 33 26 27 22 32 22 23 27 31 26 34 25 34 24 31 34 30 32 28 37 28 33 29 23 31 29 35 41 28 34 24 18 24 23 29 30 25 33 33 30 37 31 37 27 28 7 38 31 31 37 27 27 34 28 41 0 26 26 31 16 24 36 37 28 20 31 29 17 26 34 32 27 48 22 29 33 27 30 44 35 37 32 17 25 38 24 30 27 41 29 35 28 30 28 45 18 24 15 32 24 29 29 24 18 38 41 30 32 28 50 32 34 19 25 37 29 24 17 37 36 33 31 18 24 31 27 43 25 22 29 22 19 31 31 32 14 29 33 25 37 29 32 23 18 32 36 39 29 32 20 27 31 30 31 21 40 10 37 33 22 25 21 23 29 25 56 29 36 31 30 29 20 34 21 32 2 40 22 44 38 25 22 23 31 30 29 41 38 30 35 38 23 15 27 22 23 41 23 25 26 19 29 33 28 40 26 32 33 28 33 20 28 23 18 32 36 29 37 30 37 23 36 28 29 31 36 20 35 30 23 34 41 48 26 31 30 21 19 25 21 41 25 36 24 21 26 28 32 28 35 29 34 25 34 18 24 23 
33 29 36 31 18 22 34 38 35 31 30 24 28 35 35 35 38 34 27 24 24 30 33 27 41 24 20 31 33 35 33 40 26 39 34 43 28 35 26 32 22 35 28 31 38 16 36 41 45 31 29 39 34 38 43 35 43 39 38 37 40 27 29 31 31 46 33 18 29 24 35 37 33 40 37 23 29 33 47 32 27 34 31 37 23 46 37 23 32 34 28 40 31 29 56 28 33 34 16 29 32 26 37 29 29 26 31 40 37 34 43 27 29 42 44 17 21 13 38 26 32 28 32 34 35 36 30 33 39 35 30 32 37 25 29 34 29 36 21 31 40 46 32 30 34 30 38 26 25 12 30 28 39 26 32 37 42 40 18 31 18 27 28 36 14 20 31 26 30 19 41 30 45 25 23 19 39 33 21 32 31 24 22 33 43 48 27 27 19 37 32 35 22 30 31 23 29 39 31 26 35 36 22 37 23 39 31 36 26 31 27 27 37 26 38 38 32 27 29 26 35 37 37 14 35 36 38 39 32 34 33 30 34 25 35 30 36 48 35 27 34 33 32 34 33 33 27 41 25 31 37 44 31 32 31 35 38 35 32 37 33 30 34 27 30 35 30 41 19 38 41 36 21 38 30 25 27 25 20 22 24 35 32 21 8 43 33 39 31 36 37 37 49 32 24 37 43 38 38 0 31 34 28 39 38 35 32 27 47 10 23 31 32 23 32 32 39 39 27 29 23 39 38 11 30 31 35 45 26 26 33 36 42 37 35 34 33 29 30 30 32 33 26 22 41 26 18 37 40 25 41 32 49 27 40 28 23 43 29 30 34 11 32 26 37 24 31 36 29 37 29 23 24 37 25 28 38 21 26 29 37 37 43 34 25 25 38 31 49 39 43 42 40 40 25 23 26 40 33 33 30 41 29 28 28 23 3 35 51 41 39 32 39 36 26 32 28 30 37 35 19 47 44 32 39 40 28 30 37 21 39 33 31 40 40 32 24 32 39 43 29 31 32 36 30 33 48 46 27 33 23 37 38 28 23 26 30 16 31 30 37 32 38 29 34 35 24 15 29 27 33 36 30 39 33 48 19 37 26 41 30 18 25 50 29 39 29 38 31 27 37 29 36 22 36 38 40 35 22 33 
32 35 40 27 36 37 33 19 39 32 33 30 38 35 42 30 45 36 23 22 26 39 22 42 30 27 39 37 42 31 32 41 31 18 31 35 9 36 22 29 27 43 37 32 40 22 37 38 49 28 29 46 31 45 41 38 38 8 35 36 44 28 27 35 30 41 35 26 31 22 26 23 42 37 40 25 25 37 46 29 33 34 27 37 21 34 36 30 30 34 29 21 30 36 37 35 29 30 28 26 32 34 43 43 33 36 27 36 35 38 32 25 30 45 25 32 23 37 26 40 42 33 38 29 38 40 36 28 35 34 31 36 33 21 32 38 27 40 33 23 26 36 46 40 30 26 36 31 35 42 26 32 40 30 34 33 45 40 30 40 33 28 38 34 29 26 29 37 26 31 36 29 50 40 29 37 40 31 19 38 29 36 31 24 33 38 33 35 15 40 24 35 25 25 31 19 29 36 33 36 30 42 22 35 26 41 31 25 35 37 41 33 38 34 32 20 31 28 32 36 33 32 36 47 32 32 42 18 30 19 29 26 35 32 31 36 36 50 24 29 30 43 29 39 36 28 29 39 31 38 31 37 34 37 39 25 36 14 39 37 29 35 30 37 27 29 30 37 34 34 40 37 33 22 27 30 25 34 43 29 30 40 42 36 37 36 33 41 29 38 44 32 46 34 31 34 34 45 31 41 0 30 34 38 43 26 11 33 43 38 31 32 39 29 35 38 30 45 34 35 37 38 26 35 33 29 33 43 41 34 14 32 23 33 32 30 38 44 31 32 32 38 28 37 38 36 30 41 44 24 42 21 53 31 42 26 30 50 39 36 26 34 31 36 41 36 34 34 45 45 27 26 25 28 33 25 45 29 23 33 39 23 24 29 35 29 22 43 45 29 39 29 29 36 31 33 20 30 44 33 37 43 27 31 28 19 36 26 45 38 32 39 41 31 38 28 34 20 33 42 15 43 36 27 49 40 38 36 23 45 41 33 39 36 33 37 20 25 35 41 33 33 33 42 30 38 29 27 23 26 31 35 40 35 19 32 12 38 29 35 28 28 44 40 30 21 22 27 40 25 23 31 25 20 48 56 26 29 31 27 31 33 27 33 28 39 29 43 27 39 18 29 38 36 48 38 39 26 26 35 
42 43 42 46 41 43 46 50 41 38 50 38 34 44 51 39 48 42 17 43 38 40 46 40 57 46 38 39 34 40 47 52 47 48 39 49 48 41 41 11 45 45 51 44 54 26 40 47 51 37 43 44 43 55 24 47 47 49 49 58 46 33 38 40 41 55 41 42 37 37 41 42 54 37 41 38 39 43 54 32 44 37 45 55 36 52 47 29 42 43 43 48 43 35 64 36 43 49 45 33 41 50 61 42 40 46 46 30 36 38 37 38 36 48 44 28 36 49 45 32 43 33 46 43 36 50 53 41 37 45 37 46 49 40 36 51 44 50 46 37 45 53 43 41 45 45 56 30 39 41 27 45 49 35 44 34 32 52 38 54 39 42 34 47 36 40 30 50 45 48 46 44 56 46 39 42 51 43 40 41 37 39 45 45 49 51 34 43 34 41 47 41 50 44 38 38 36 50 27 30 43 45 36 43 35 36 45 47 32 47 51 41 47 35 47 45 50 39 40 40 36 45 48 51 41 40 27 48 43 40 50 35 41 33 32 39 42 58 51 30 47 50 42 48 43 39 35 52 41 41 40 52 43 51 38 34 48 44 53 46 38 32 28 39 46 44 39 23 40 28 47 52 44 45 40 39 33 48 46 38 47 40 36 30 46 52 32 47 40 35 47 43 55 40 40 47 55 54 39 43 48 0 35 49 43 46 41 36 52 20 32 37 54 46 44 42 39 60 38 38 29 60 48 47 36 37 48 49 44 32 45 42 50 41 53 43 45 60 37 33 35 51 41 33 47 40 46 49 52 46 47 43 61 33 21 38 39 51 35 38 44 48 50 32 47 34 41 47 44 43 35 13 27 44 34 25 53 37 36 43 34 44 51 42 31 37 43 43 56 45 26 24 44 51 44 29 47 47 33 30 51 46 42 40 37 45 46 41 69 35 52 38 53 49 36 47 37 36 35 56 29 37 50 40 50 54 42 45 46 50 44 47 37 31 51 47 39 37 44 49 38 40 37 43 42 37 48 54 42 39 47 47 49 40 38 42 37 30 47 45 48 47 52 39 31 48 40 44 35 40 39 42 38 47 42 54 41 43 44 46 43 40 36 50 40 43 35 53 40 40 45 43 51 28 47 44 44 35 34 42 
16 22 25 25 20 27 25 25 20 3 30 26 28 17 34 19 31 10 19 25 13 16 12 11 37 17 29 28 34 14 26 21 30 27 25 18 15 10 18 18 26 35 16 23 33 20 20 27 39 15 23 30 20 38 37 29 25 14 31 26 26 7 20 14 23 23 33 24 26 16 24 21 33 24 23 12 21 8 30 14 23 16 23 21 15 37 25 23 25 16 18 30 20 13 44 16 22 26 16 14 14 27 30 34 26 26 22 24 26 21 22 18 1 27 31 22 10 25 30 26 25 24 26 13 22 32 33 15 24 27 21 27 28 17 22 16 25 23 21 27 24 27 33 27 19 24 34 30 22 21 16 19 24 20 25 23 35 29 12 20 23 17 28 23 21 20 23 24 20 19 26 19 34 25 14 7 31 8 22 22 11 29 10 22 31 29 24 26 13 30 14 33 15 22 8 15 23 27 27 28 20 36 16 17 24 31 25 24 26 22 19 29 22 26 22 10 29 21 22 22 18 22 28 27 21 28 35 24 19 17 22 24 6 20 24 27 29 41 31 19 26 33 18 29 19 19 27 39 23 26 17 29 25 26 31 23 31 23 32 19 20 17 26 15 25 18 12 30 14 27 30 27 26 26 16 20 15 13 30 21 27 31 33 29 23 30 16 12 23 30 21 23 29 14 22 19 32 31 21 23 24 28 0 25 26 34 20 27 37 15 23 26 30 26 19 36 14 35 25 26 23 28 28 23 16 14 24 38 31 19 20 29 32 25 28 17 21 34 2 26 14 29 15 27 27 8 18 27 28 19 16 20 43 16 39 3 22 29 29 23 16 30 28 26 23 10 24 21 22 32 9 16 18 14 25 15 29 20 12 25 34 14 33 16 25 26 18 19 35 27 26 31 12 25 25 23 20 21 35 27 30 28 21 21 10 21 24 17 45 27 30 23 28 22 12 24 28 18 23 35 14 36 24 17 36 33 24 19 18 33 26 27 30 30 23 26 16 20 32 27 12 14 15 25 18 22 35 31 21 16 17 12 31 24 17 17 2 30 22 27 30 22 32 15 20 27 15 15 29 19 21 22 15 29 30 40 26 17 22 25 8 21 24 32 20 26 13 32 18 15 27 22 33 22 26 15 23 10 16 12 
24 26 28 22 27 31 22 30 28 11 33 4 8 18 36 17 29 18 16 31 17 24 20 19 30 25 21 23 32 22 30 29 34 22 26 26 23 18 17 18 31 38 24 27 38 17 21 28 24 23 20 21 28 32 31 33 20 22 29 34 30 15 21 22 18 20 21 30 6 20 14 15 34 32 31 15 20 16 33 20 31 20 22 29 19 32 29 25 25 21 17 25 24 21 41 24 26 25 24 18 15 35 38 41 19 34 22 29 26 29 30 2 9 33 27 23 14 33 30 32 20 4 30 18 13 25 31 10 21 22 1 26 27 16 27 24 22 30 25 30 18 28 17 18 22 21 29 35 30 29 21 23 29 28 23 28 39 34 9 28 28 21 25 31 20 28 20 27 21 27 32 23 40 22 15 15 34 16 28 12 17 24 18 16 34 30 7 34 10 35 22 35 23 17 16 14 20 30 26 29 26 16 13 23 28 31 22 29 3 23 27 7 30 30 30 18 26 22 24 25 24 30 25 31 22 25 25 27 24 11 26 18 14 25 28 24 29 30 24 24 21 37 26 14 27 14 27 36 26 26 22 31 29 28 35 29 29 18 26 24 24 22 25 23 22 21 17 30 22 27 24 29 21 17 24 5 23 21 17 23 25 11 34 29 31 26 24 20 27 29 29 18 36 9 23 16 26 37 23 27 31 7 8 0 14 30 15 7 24 23 31 24 33 24 27 33 20 40 20 23 29 36 29 31 15 20 30 41 27 24 25 27 27 26 26 19 27 34 10 17 18 22 19 28 28 16 23 29 36 24 24 25 46 19 28 11 10 36 26 27 20 29 21 23 31 18 25 16 30 27 15 20 16 20 31 23 7 23 20 26 29 18 28 11 17 21 16 23 39 33 27 29 20 26 29 20 25 22 31 13 24 33 25 25 15 23 30 12 50 32 31 31 25 26 20 23 8 24 25 29 19 36 25 23 27 30 27 20 23 31 32 22 28 30 27 30 15 20 16 29 20 22 20 24 24 30 31 31 18 24 25 20 23 23 14 18 10 15 23 30 32 17 18 22 25 25 16 23 26 23 27 17 21 24 28 38 25 18 15 19 13 24 17 37 21 19 21 36 11 19 22 9 22 28 23 23 28 18 24 17 
39 47 45 40 29 45 41 43 47 40 39 48 40 34 54 41 47 42 36 42 40 35 51 45 36 46 50 34 44 42 50 49 48 48 44 41 47 42 35 37 44 54 45 30 50 35 43 44 55 40 50 49 39 40 57 46 41 46 51 54 47 34 44 44 49 55 41 44 43 39 45 39 56 39 35 39 38 48 53 34 47 41 40 41 38 44 49 35 41 45 39 42 27 38 58 42 50 43 48 36 43 52 56 44 30 46 40 45 33 43 39 40 46 51 51 33 37 43 42 38 41 42 51 38 41 45 49 42 44 45 39 34 46 34 38 49 40 38 46 43 40 45 49 39 34 39 53 48 41 44 39 44 49 37 44 42 27 37 39 49 41 38 37 42 38 46 42 51 39 47 50 40 59 48 38 49 52 43 39 41 38 39 39 40 42 47 47 45 28 42 41 47 50 39 40 32 48 52 35 37 49 51 43 44 39 51 47 42 38 42 49 50 54 43 46 55 38 45 46 35 38 38 44 46 40 37 39 43 38 35 49 37 48 27 51 34 48 49 30 29 33 49 37 46 31 42 41 58 32 40 24 20 44 37 48 46 45 44 56 46 40 34 43 41 40 33 41 49 42 30 49 42 36 44 35 37 45 42 50 41 43 49 43 32 33 12 44 48 45 40 42 19 50 46 43 48 44 45 40 46 43 43 45 44 0 47 41 42 52 35 48 43 45 42 50 51 46 52 43 33 35 56 51 41 42 37 32 55 46 35 38 45 44 34 50 43 33 57 44 28 39 56 42 38 46 42 50 43 54 42 46 38 53 36 56 38 31 48 36 48 45 47 48 38 42 29 29 46 47 46 36 8 41 14 42 36 51 40 31 38 53 36 37 43 37 45 40 43 48 50 43 50 46 40 45 35 43 39 45 45 54 48 44 42 39 40 49 44 68 40 48 43 27 35 31 26 42 41 42 59 37 39 49 46 47 55 37 36 43 51 46 49 40 33 28 47 33 39 44 52 42 42 38 37 26 43 55 37 36 42 42 37 50 37 32 33 47 47 46 33 37 41 39 34 43 40 39 47 41 42 44 45 44 33 44 57 43 42 49 37 41 39 41 37 35 46 34 53 45 39 39 42 24 34 45 48 46 42 43 37 
34 29 33 33 20 34 23 35 15 27 27 28 30 28 33 20 25 31 8 22 21 26 27 31 34 14 30 28 28 30 33 37 37 30 31 39 28 33 25 17 33 30 28 29 30 20 26 26 40 24 31 31 19 33 26 17 12 27 29 46 28 25 22 9 30 41 30 16 26 27 26 20 39 28 33 7 20 30 45 22 27 23 27 31 26 45 28 30 33 27 17 33 22 29 49 28 25 33 34 16 25 24 30 32 26 23 23 21 28 16 28 10 29 35 39 24 18 17 35 33 29 25 31 24 23 35 25 2 19 34 22 22 29 24 19 35 27 26 23 34 23 30 38 27 14 32 42 37 22 34 24 26 32 26 25 31 38 32 20 32 30 18 34 22 27 37 30 19 28 21 37 27 32 28 21 35 32 26 19 22 19 27 22 27 23 32 31 25 21 38 30 38 31 22 21 22 31 30 18 21 30 36 24 25 16 31 33 33 27 28 32 31 28 32 37 36 37 23 19 28 26 11 26 40 20 32 35 33 27 23 28 26 29 27 30 27 28 37 28 24 30 29 17 27 29 27 24 39 20 23 28 18 35 39 29 15 31 26 27 30 28 23 19 25 30 13 23 29 20 19 25 22 24 25 15 18 25 25 24 20 19 32 27 21 37 26 11 35 21 37 23 31 30 29 22 8 36 36 15 34 23 31 28 24 35 0 23 27 32 26 29 29 25 18 25 36 20 32 33 26 30 48 34 15 21 24 30 38 26 20 31 37 35 27 31 18 30 35 25 33 25 29 23 29 26 23 33 31 38 16 39 29 47 24 35 22 21 28 33 30 22 37 28 28 36 24 27 8 38 19 17 19 23 25 31 16 31 19 11 28 32 21 36 3 34 29 21 33 39 19 32 30 34 20 25 32 17 24 39 25 25 36 32 21 21 20 35 25 39 26 6 38 25 25 26 31 28 32 17 30 20 28 27 27 37 36 30 24 15 25 34 27 30 22 26 29 23 28 24 33 7 9 20 33 30 28 43 35 29 30 21 31 30 20 25 14 30 26 29 27 2 30 40 14 28 33 22 34 33 30 13 30 25 32 25 30 32 20 22 24 19 27 20 35 24 21 28 35 18 29 30 23 22 31 40 28 28 16 26 23 
21 31 29 16 25 26 22 25 29 21 22 19 27 26 31 19 35 25 12 21 15 33 24 33 19 28 30 27 31 20 34 30 20 7 20 24 27 25 11 27 16 32 26 21 29 11 26 27 38 22 18 35 29 34 30 27 27 30 24 39 33 17 16 24 19 37 24 15 20 11 15 12 31 31 29 14 14 26 35 18 33 28 16 30 10 32 25 19 19 28 18 10 19 25 26 24 18 19 28 15 23 23 32 32 22 29 16 25 24 31 31 14 19 34 35 21 12 32 15 29 31 22 27 18 27 33 25 17 24 23 20 25 22 10 26 27 16 29 25 34 15 25 35 29 19 15 25 20 29 31 15 21 29 30 23 22 45 29 19 29 22 17 27 30 18 37 18 26 15 31 26 18 39 29 20 26 29 20 18 27 18 25 20 13 22 27 22 24 4 29 17 36 26 14 20 8 18 25 22 25 20 37 11 24 15 30 20 14 24 28 30 22 27 23 28 28 20 17 32 25 22 25 25 40 29 21 31 24 20 8 18 15 24 21 20 25 25 39 13 18 19 32 27 29 27 20 18 34 20 28 20 26 23 26 28 14 25 3 36 27 18 24 19 33 16 23 24 26 23 23 29 26 22 16 25 20 21 23 34 18 19 29 31 25 29 25 22 30 18 27 33 24 35 23 20 23 23 34 20 30 28 19 23 27 32 15 0 28 32 31 20 21 28 18 24 27 19 34 28 24 26 41 27 30 22 18 22 37 30 23 20 21 12 22 21 19 29 33 20 21 26 31 17 26 29 26 30 30 33 13 31 10 42 20 31 15 19 39 28 26 17 23 20 25 30 28 25 23 34 34 16 26 14 17 22 20 34 18 21 26 28 17 13 18 24 18 11 32 36 18 28 18 30 25 33 22 14 19 37 22 34 32 16 20 22 8 33 20 39 29 21 28 30 24 27 17 26 9 22 39 4 32 25 17 38 29 27 28 12 37 30 22 28 25 24 26 9 14 24 35 22 22 27 31 22 27 31 16 12 26 20 24 29 25 8 21 20 27 18 24 17 17 33 29 19 10 11 27 32 14 12 23 15 9 37 45 23 18 25 16 20 22 16 22 17 28 18 32 21 28 7 18 30 25 37 27 33 15 19 24 
31 35 21 31 22 34 23 28 37 28 38 25 30 34 41 30 22 31 33 27 34 28 32 34 40 35 37 29 34 20 39 32 31 30 29 39 30 35 32 28 27 42 20 38 33 23 14 37 43 26 39 40 37 44 33 35 39 29 30 37 31 28 27 31 13 39 30 25 25 19 9 22 41 35 35 21 35 28 39 35 33 33 32 41 18 42 33 25 24 33 23 37 24 31 51 20 40 29 38 21 31 33 44 42 19 34 30 29 30 26 42 21 26 43 34 26 31 35 25 28 30 23 30 20 32 28 42 29 34 17 20 24 33 31 33 31 32 28 30 33 25 34 33 28 21 30 36 31 36 34 36 18 31 28 30 38 44 34 28 24 30 22 30 30 29 36 26 33 31 41 36 34 38 31 21 32 29 14 24 5 32 19 14 31 38 36 28 34 25 35 27 28 36 24 32 29 37 31 36 30 27 9 32 37 21 34 41 25 27 29 24 28 40 30 42 35 30 17 36 18 39 25 26 30 31 20 28 36 32 27 31 30 31 24 26 17 36 45 34 35 30 35 28 24 38 20 24 44 28 23 21 32 31 32 28 30 30 33 44 29 18 34 40 36 25 34 29 39 19 42 34 31 16 27 27 20 27 17 10 29 36 30 36 43 26 29 24 35 26 36 26 24 35 28 27 34 40 41 30 22 35 40 25 37 33 30 30 0 43 17 31 31 36 35 32 39 34 43 36 16 25 39 22 33 32 32 30 38 35 26 23 26 39 21 27 25 26 33 27 10 31 41 26 31 37 33 40 27 33 25 39 21 41 29 30 27 30 48 22 36 28 33 31 28 41 30 36 28 40 39 30 30 25 27 33 29 41 28 29 21 38 28 40 30 27 15 23 39 41 34 42 23 37 27 31 25 26 28 32 29 42 31 24 26 27 31 25 31 49 34 36 31 31 35 15 38 1 25 32 47 26 51 31 24 30 35 20 36 25 43 29 41 33 44 35 27 30 25 35 22 29 31 22 34 22 35 38 32 27 35 30 36 36 20 18 16 27 17 29 40 31 27 29 34 39 26 22 37 19 22 28 23 22 36 43 50 31 24 34 26 25 20 26 46 30 31 34 33 30 36 34 30 36 24 29 21 30 30 22 19 
25 30 25 34 24 32 31 33 27 25 32 36 17 29 34 24 41 32 20 31 22 30 30 33 43 39 30 30 30 30 34 32 32 38 27 29 31 24 29 37 28 44 35 36 39 28 30 31 34 20 32 36 39 45 42 37 22 36 27 26 31 16 21 25 28 37 35 25 30 17 24 27 40 29 16 21 29 30 39 23 27 29 34 39 16 35 31 12 34 28 27 42 36 18 58 19 39 37 28 24 26 33 44 32 24 28 31 32 30 32 38 26 23 36 36 28 19 37 33 15 35 28 30 32 28 34 37 31 33 32 25 38 32 28 33 33 28 6 33 20 30 39 26 33 22 29 38 32 35 24 33 23 27 25 32 40 46 42 21 39 28 26 17 33 26 23 24 33 29 31 44 28 39 34 22 29 34 30 28 24 20 34 29 25 32 41 32 30 22 23 35 24 37 23 30 26 32 28 23 26 26 28 25 26 25 37 34 40 15 23 39 31 37 20 38 32 38 22 23 33 26 37 34 33 39 34 33 33 26 23 28 27 28 31 30 32 25 45 37 29 33 37 37 35 12 26 33 48 32 32 35 38 33 40 39 24 40 35 39 31 28 30 31 31 34 21 30 36 29 31 35 36 31 37 28 26 31 32 15 21 31 35 32 33 29 35 25 34 24 41 29 30 38 33 23 36 35 37 29 26 36 37 22 36 37 29 32 19 0 22 35 20 33 30 34 20 29 40 32 31 12 28 38 35 19 29 28 46 36 15 28 25 44 33 24 26 14 40 24 27 27 36 24 28 45 30 30 39 43 32 27 36 48 16 40 25 22 43 18 31 32 37 35 15 44 32 26 33 27 26 18 31 28 29 37 17 43 20 31 35 37 31 39 32 14 20 28 29 50 28 38 37 34 28 28 12 33 33 39 22 37 36 22 30 29 40 29 24 58 40 35 21 37 36 18 35 20 19 31 42 29 40 36 23 40 40 34 30 31 40 34 34 20 32 39 32 27 29 36 38 23 23 31 18 26 31 40 42 30 21 30 34 32 31 26 25 24 33 30 36 31 26 41 33 37 28 23 27 18 20 22 29 21 35 41 37 31 29 29 31 27 7 25 41 29 37 32 38 25 25 39 31 42 11 32 27 39 25 25 31 
38 37 40 41 30 34 33 40 43 26 41 33 32 36 44 29 47 31 37 35 20 20 35 36 43 35 35 36 36 37 41 35 37 40 37 37 37 37 36 22 39 25 33 39 41 6 37 31 49 25 23 35 24 39 45 45 33 36 35 45 32 29 30 37 21 41 30 34 35 27 30 39 49 34 27 19 31 31 52 34 30 34 41 44 26 43 41 27 38 35 25 37 32 23 53 29 23 44 35 21 33 42 42 37 27 39 35 30 38 40 43 31 24 49 41 26 17 44 33 30 38 33 40 32 33 42 38 39 38 25 30 38 41 35 31 39 34 42 34 34 39 46 41 36 29 40 40 43 34 31 40 26 29 27 32 43 43 42 34 43 37 24 32 27 23 37 34 31 40 38 45 26 53 44 33 31 38 29 32 26 33 27 34 35 41 48 36 33 29 34 33 39 38 34 29 33 23 36 34 37 32 43 16 39 34 39 25 38 30 33 42 27 45 35 32 33 45 31 38 35 38 33 36 31 25 28 36 35 34 35 35 37 29 28 34 38 33 38 38 38 38 41 22 32 23 41 39 39 37 40 29 40 41 31 42 33 44 37 41 38 40 36 44 30 33 41 31 34 32 34 42 39 24 40 20 32 35 37 44 36 37 40 43 36 27 44 36 35 34 32 27 41 43 38 29 42 42 43 34 41 28 36 29 29 43 42 34 34 51 0 34 35 37 36 42 22 37 44 36 37 27 47 32 42 34 33 35 47 41 30 38 40 39 29 44 30 25 42 25 37 32 41 22 31 31 31 37 41 43 38 35 34 49 31 42 24 31 33 33 38 30 28 40 30 27 14 38 32 32 40 31 24 19 35 36 28 36 35 16 35 39 35 40 40 29 40 37 43 49 37 37 35 35 35 33 27 39 40 42 27 39 34 32 28 29 25 43 39 57 31 48 36 35 43 16 35 35 28 36 44 9 43 43 29 41 43 33 33 37 43 46 27 35 37 37 35 34 34 43 45 35 34 34 29 31 44 45 43 37 23 38 33 35 37 33 36 25 33 41 42 39 28 38 19 38 38 34 34 33 30 31 40 27 36 48 44 28 36 34 40 27 27 27 52 31 37 38 41 30 39 34 35 41 26 30 36 42 33 35 31 
29 28 35 36 16 37 34 37 14 33 35 37 28 39 40 25 29 29 17 30 29 16 32 41 40 32 35 31 24 27 32 41 36 36 39 40 27 32 32 32 32 29 28 23 36 26 24 40 33 21 30 31 35 32 29 31 21 26 39 45 33 24 27 8 29 23 29 27 25 30 25 29 42 30 31 16 31 23 43 31 26 22 35 30 29 39 21 23 34 38 29 35 21 19 49 30 29 26 31 19 36 35 37 40 29 40 30 30 27 15 37 19 31 42 42 20 26 32 36 26 16 34 30 18 27 36 34 11 24 33 31 28 35 31 28 29 32 32 28 31 29 34 15 14 13 35 41 36 9 27 36 35 29 28 26 33 46 31 27 38 33 30 28 35 29 34 29 26 31 34 35 34 41 24 23 34 40 24 30 21 28 33 28 33 34 36 31 29 28 35 30 35 30 25 24 29 32 32 27 24 21 35 25 34 27 25 32 30 26 31 21 31 33 3 43 38 31 28 34 28 35 31 35 33 34 31 32 35 18 32 27 35 28 30 29 27 36 42 34 25 33 28 33 26 27 22 23 48 29 22 29 29 27 38 8 26 25 32 26 29 25 32 26 32 29 12 34 35 29 28 24 31 30 31 25 17 30 31 29 27 28 41 30 30 27 20 10 34 26 40 32 26 29 28 29 17 42 42 24 19 32 40 30 33 41 32 29 26 38 25 0 31 24 27 34 42 29 31 28 26 23 47 32 30 20 17 26 37 35 19 32 28 37 27 36 27 29 34 24 23 28 22 17 25 40 10 33 32 40 15 38 31 47 27 26 19 15 37 12 29 21 30 31 26 38 25 25 17 28 28 26 27 22 30 2 25 30 30 27 29 23 28 37 12 25 34 30 15 40 30 38 36 27 19 24 23 16 28 36 30 24 38 35 32 32 33 22 20 41 36 38 32 32 24 25 38 27 24 26 29 18 37 33 18 37 30 30 23 14 29 43 30 31 31 24 22 16 36 30 31 6 8 19 20 31 31 46 40 32 33 32 28 21 19 26 13 30 35 31 28 31 29 38 23 23 39 24 30 21 33 24 25 16 34 24 39 34 26 25 30 30 33 11 46 15 20 30 28 21 11 32 22 30 22 39 31 27 25 31 17 
29 10 43 30 36 40 31 32 38 29 37 36 35 35 38 30 45 36 28 32 27 33 23 37 34 38 23 18 35 36 14 31 44 33 28 28 34 20 27 26 41 39 32 37 40 29 30 35 41 32 37 38 28 39 41 35 36 33 35 45 41 26 26 33 35 37 38 26 23 26 31 38 38 41 32 26 30 26 43 32 22 32 24 40 25 38 24 27 36 8 25 25 21 32 38 32 43 35 34 22 32 34 36 44 26 37 19 41 27 22 33 19 27 38 46 18 24 37 36 34 37 21 35 32 30 40 41 26 32 37 18 21 25 26 38 42 23 25 17 35 39 23 39 35 34 29 39 44 39 30 31 33 33 41 32 33 47 31 26 30 36 24 35 31 33 38 33 25 25 37 34 25 44 39 20 23 38 26 29 39 30 26 26 30 34 25 32 25 22 41 25 34 41 21 34 24 37 36 25 28 33 33 30 22 38 37 39 39 34 28 25 39 40 31 33 36 28 27 42 33 33 20 34 45 29 31 35 37 30 34 28 29 32 21 30 32 5 39 28 34 27 47 26 36 37 19 33 49 26 38 18 27 31 45 45 37 42 30 26 11 34 36 35 31 24 33 31 36 36 34 46 24 23 26 24 27 31 29 44 30 35 28 34 36 27 41 35 38 17 34 39 13 44 26 18 32 29 32 36 36 26 37 26 34 29 24 27 36 33 29 38 0 43 34 32 39 32 41 25 31 31 47 38 35 32 29 34 48 28 29 27 29 27 32 38 14 32 45 28 34 30 29 29 23 35 34 36 34 44 38 26 36 43 34 38 29 27 44 36 11 27 39 28 33 41 28 35 31 32 43 28 28 30 33 39 35 37 29 20 33 35 27 37 27 32 35 28 35 38 41 39 37 30 40 34 30 33 17 34 38 35 43 31 28 29 29 39 17 48 35 30 33 34 34 30 33 36 34 30 40 29 43 20 30 33 33 33 25 37 45 41 27 26 37 34 25 25 31 25 37 31 33 27 34 20 35 50 23 26 40 31 31 39 35 16 23 28 33 28 40 11 27 28 30 28 36 21 33 37 29 35 12 28 33 45 54 38 13 22 31 27 26 23 44 27 27 27 31 18 31 33 34 31 30 37 33 35 28 22 31 
24 28 33 30 24 35 18 30 36 25 20 25 29 30 37 24 31 22 27 26 21 31 34 33 17 26 31 30 23 30 32 33 27 28 24 22 28 23 28 24 26 34 31 33 34 19 24 25 35 32 31 18 27 31 38 22 31 27 30 38 30 15 16 32 24 32 21 20 17 27 20 16 35 33 25 20 24 26 38 22 26 27 27 36 26 28 32 24 25 29 19 28 28 30 44 18 30 36 32 19 27 14 28 16 20 25 6 36 28 24 33 21 23 28 39 28 18 29 28 27 17 16 10 21 10 12 27 21 28 28 20 22 12 27 31 32 24 26 21 32 19 34 38 15 27 29 25 30 29 28 32 20 21 32 19 30 45 29 20 35 34 19 29 31 31 35 32 23 11 35 36 26 39 33 22 29 29 23 23 31 19 27 25 21 23 27 21 15 21 32 24 24 30 18 24 25 31 31 18 21 25 35 24 25 20 33 30 24 24 30 23 28 9 27 23 32 36 17 13 19 26 24 21 19 29 31 29 32 27 16 19 23 28 22 21 18 30 25 11 21 25 4 26 34 21 27 15 34 22 24 26 31 18 35 38 19 26 24 37 21 28 29 36 34 32 33 25 27 33 25 43 10 24 26 28 25 22 28 36 24 21 23 27 27 31 30 15 10 29 39 33 31 37 20 24 27 25 22 24 27 19 36 22 31 26 33 21 26 36 13 30 25 0 20 19 35 24 7 33 17 24 40 32 27 14 26 19 39 14 27 25 37 30 32 27 25 23 34 24 33 27 23 23 33 35 12 20 28 23 27 29 22 34 24 35 23 24 44 17 29 13 38 22 27 30 25 19 27 27 38 17 26 27 21 32 26 38 23 26 19 31 27 31 22 26 26 17 35 32 23 26 28 24 33 24 24 28 28 30 32 35 36 32 23 23 26 30 25 53 34 29 33 8 35 25 33 27 14 26 40 22 34 31 22 24 31 21 28 26 37 34 31 24 27 20 33 26 25 28 40 30 13 28 21 24 28 36 18 26 30 25 32 33 21 24 23 24 29 30 31 35 13 39 30 36 30 23 31 30 30 17 30 20 27 39 46 29 24 16 20 21 22 20 40 24 12 26 26 19 31 25 28 33 23 34 27 36 20 9 20 
35 35 35 37 21 36 21 33 34 31 41 32 27 26 35 17 43 23 28 35 28 15 37 37 38 27 34 30 26 21 39 27 30 29 36 42 17 34 27 25 26 41 37 32 43 33 39 40 33 13 31 29 30 43 45 34 32 30 37 38 25 26 24 28 30 35 22 29 18 29 26 23 42 22 31 27 30 29 49 33 25 25 32 33 28 31 39 22 38 29 19 29 29 18 45 13 31 35 25 25 27 31 31 42 35 39 18 33 31 19 36 29 29 31 40 25 25 34 36 22 32 31 13 24 25 32 7 22 31 26 28 28 24 26 32 28 25 32 24 30 26 28 36 30 30 35 28 30 32 26 31 17 32 30 22 38 46 39 27 41 32 21 27 27 31 32 36 35 14 28 46 27 47 39 26 33 35 17 32 34 30 27 31 29 36 37 27 28 26 36 37 27 32 25 17 24 31 38 29 29 33 33 24 36 27 36 33 36 25 34 41 35 39 27 26 35 40 25 30 37 36 28 24 29 34 35 44 29 34 27 23 31 18 26 25 36 35 32 32 25 26 41 32 16 27 21 16 47 2 26 30 35 30 33 40 26 41 25 40 32 19 27 35 24 19 29 25 31 33 39 26 29 30 30 31 7 26 34 39 31 1 38 35 35 31 39 30 40 34 37 30 25 44 21 26 28 39 25 27 36 36 41 28 38 35 28 22 29 37 33 32 30 41 0 31 25 31 43 35 35 19 40 34 32 27 29 29 41 33 13 29 32 31 29 34 26 27 45 14 34 27 41 30 30 32 33 27 37 26 30 40 32 49 26 42 12 30 36 28 15 17 36 40 25 38 31 25 28 27 36 28 27 12 23 34 30 34 30 28 25 34 23 32 23 24 34 24 36 36 32 29 32 36 35 37 22 31 29 36 26 38 39 34 25 23 27 33 29 56 37 32 31 42 31 33 33 30 23 29 43 17 48 32 30 35 42 36 28 29 42 44 34 30 30 24 35 25 33 29 24 26 28 9 33 25 36 44 35 33 26 26 21 40 36 28 3 27 31 31 37 30 16 31 34 32 31 27 24 25 32 26 24 28 28 44 39 27 25 34 27 21 19 27 44 31 24 30 39 30 32 26 34 39 21 35 24 17 27 21 23 
32 26 35 27 29 33 17 29 31 21 29 18 29 23 39 29 33 32 23 34 23 27 28 16 26 29 21 31 35 28 30 40 39 32 25 31 33 32 22 18 37 23 30 23 39 22 31 27 44 30 29 11 20 25 39 25 31 32 21 34 31 24 17 25 23 35 31 31 26 20 19 29 36 29 25 22 25 25 46 24 37 20 27 31 19 27 29 28 28 22 12 22 26 30 38 27 37 30 29 20 20 39 32 25 29 34 25 29 27 26 29 15 19 37 27 24 20 30 16 31 10 21 34 19 3 28 28 26 31 27 21 24 29 21 28 30 27 28 20 35 30 29 36 8 30 26 24 41 27 36 26 29 30 27 18 29 39 10 22 34 29 20 33 23 21 38 27 21 26 36 30 29 40 35 30 29 30 26 31 33 21 29 24 22 32 31 21 35 15 32 28 33 33 19 26 19 33 22 25 28 31 37 26 27 31 35 11 35 24 29 34 21 39 20 26 28 31 18 34 28 24 34 20 35 21 30 38 16 28 25 22 24 24 14 24 27 29 34 20 19 30 37 18 28 21 28 25 27 23 26 23 26 21 37 38 30 19 28 36 25 26 23 30 26 27 29 18 30 26 20 38 19 26 30 16 19 25 27 37 26 22 28 34 22 31 35 24 30 22 41 26 28 38 25 24 31 32 38 27 32 24 30 22 32 31 34 28 28 35 27 30 26 37 21 0 38 31 16 34 26 28 36 38 28 31 20 20 41 23 25 26 32 24 30 34 20 23 35 20 26 18 32 25 29 27 26 13 34 39 25 35 31 24 26 36 21 25 43 26 27 29 34 29 31 11 25 19 29 30 38 19 20 24 21 32 26 39 30 12 21 33 25 16 27 30 23 30 28 41 34 32 31 30 28 41 28 26 23 32 13 34 34 25 24 16 21 35 27 51 27 21 16 17 25 27 19 29 28 29 35 27 29 26 28 17 37 17 25 24 38 32 13 32 23 18 30 20 26 29 41 23 22 21 14 25 35 31 19 23 32 35 30 31 23 19 24 20 27 19 26 35 12 32 30 30 11 12 33 34 23 28 27 26 12 34 49 26 19 25 31 14 25 21 42 25 31 18 36 28 28 26 23 30 27 39 20 29 27 26 18 
28 24 28 33 27 35 34 33 32 15 30 36 20 29 22 16 30 22 23 31 25 19 22 23 27 29 22 26 22 26 28 31 34 18 28 28 23 22 26 20 30 40 28 28 39 28 28 28 35 23 31 32 22 30 35 35 31 26 30 23 34 19 8 26 28 31 30 28 17 20 24 28 43 32 35 16 29 20 42 26 8 28 24 33 19 27 27 15 22 28 20 36 24 21 52 22 34 27 28 18 26 30 30 35 16 27 22 36 30 26 32 13 13 33 38 9 22 37 26 18 27 15 26 25 24 28 30 21 26 32 12 24 28 25 28 28 24 28 29 12 17 39 25 25 29 32 34 34 31 27 28 31 7 5 27 31 41 32 20 32 31 19 20 25 6 15 27 19 27 31 27 26 31 33 25 19 21 20 28 25 23 29 22 29 28 41 30 11 21 22 20 27 27 30 20 23 31 31 12 15 27 29 24 29 28 17 33 36 16 31 31 37 25 23 34 22 28 9 26 18 25 28 37 35 23 34 25 13 24 24 26 29 18 24 28 29 28 43 21 28 27 20 20 36 31 25 24 45 25 23 21 35 31 24 40 27 28 29 24 31 27 29 34 27 23 28 24 32 26 30 42 28 26 25 18 27 23 25 30 17 24 22 21 32 30 37 24 24 27 28 33 29 41 20 19 27 35 33 28 25 26 36 12 36 25 31 26 20 32 27 32 23 37 23 31 0 26 42 19 28 15 25 36 35 22 23 29 38 28 17 28 28 38 35 27 21 13 20 14 30 26 19 27 14 29 20 30 20 39 27 26 32 41 19 32 15 18 41 21 25 21 36 18 18 35 22 29 20 30 29 21 22 16 26 34 16 30 23 14 21 29 22 36 22 17 34 28 21 40 31 35 33 20 35 20 15 28 33 25 25 22 35 25 23 22 23 28 25 53 29 37 24 31 30 24 32 21 22 30 27 21 39 35 24 38 27 20 11 30 39 33 35 23 30 28 28 24 17 24 37 24 22 13 31 23 22 42 39 29 1 29 24 31 20 22 26 14 35 29 33 33 29 33 27 32 21 22 27 21 23 25 28 22 32 39 40 11 29 12 18 20 10 17 44 21 28 19 22 8 17 33 33 29 14 28 27 21 22 24 24 
26 26 24 28 27 31 23 26 27 23 32 16 25 33 28 15 33 30 26 33 29 28 25 31 36 23 33 24 27 33 30 35 28 38 33 32 35 30 25 32 24 38 31 26 36 22 27 41 40 22 30 31 32 38 25 31 25 34 21 40 28 23 25 34 25 37 33 27 23 31 31 7 26 31 19 18 28 28 40 29 33 32 29 35 30 33 29 20 17 24 28 35 20 20 51 32 25 33 23 10 30 35 39 40 25 31 25 31 21 32 35 19 21 37 39 19 26 32 30 32 30 21 22 26 23 34 29 27 19 29 18 27 19 24 28 36 22 30 26 36 10 32 34 28 28 27 30 28 31 21 29 35 12 34 24 35 41 30 25 36 27 27 14 30 32 29 15 28 23 26 35 24 36 32 19 27 27 15 30 29 27 31 30 8 38 34 19 34 18 26 29 33 21 9 15 22 36 22 33 35 18 33 29 33 29 25 32 22 20 26 39 19 31 31 32 30 33 15 28 31 33 30 26 36 35 25 32 19 18 3 22 10 26 20 24 30 21 41 30 32 26 40 32 26 15 18 27 47 24 26 17 34 27 38 36 30 23 34 38 27 31 25 33 32 30 27 28 30 28 33 36 33 28 20 30 17 25 33 34 15 23 28 41 30 26 41 28 32 22 36 28 22 40 26 17 33 18 31 15 25 31 29 20 22 31 30 31 24 27 28 28 16 39 22 33 38 0 40 24 29 33 42 35 30 30 17 24 41 37 21 21 35 33 26 18 20 17 25 22 18 30 28 31 24 41 28 25 40 35 32 30 18 42 31 26 10 15 43 15 27 25 36 27 26 38 30 33 26 29 23 25 22 30 12 30 20 29 30 26 27 23 21 36 28 34 13 8 27 44 34 33 31 32 34 34 32 24 26 35 25 36 39 36 28 26 33 28 16 46 27 35 29 41 29 21 24 25 25 17 41 30 42 29 15 37 36 33 35 31 32 41 26 17 32 32 30 23 12 19 31 32 26 28 21 19 32 43 39 24 36 24 19 24 23 22 22 22 22 27 31 27 18 30 29 30 41 20 22 39 34 28 21 13 32 42 34 34 22 21 11 28 31 11 31 15 26 33 29 17 23 32 21 38 32 35 22 36 30 26 25 
17 29 26 25 19 28 26 31 33 18 13 22 22 24 34 21 24 23 22 26 14 28 27 26 10 27 33 23 21 23 33 26 25 29 24 15 29 16 21 25 21 27 31 27 34 21 17 18 36 25 24 33 27 37 31 32 32 28 27 31 23 8 21 29 25 38 22 30 18 20 26 13 32 33 33 13 24 23 31 15 30 20 20 29 19 38 34 17 18 23 13 29 26 23 45 11 31 29 27 16 21 29 35 9 13 18 23 31 31 17 33 19 16 23 32 23 11 38 21 20 24 9 22 20 25 19 35 22 25 29 22 15 24 20 25 31 22 19 22 25 16 30 31 22 29 24 30 25 22 26 25 15 31 27 20 32 46 36 13 33 30 12 22 24 24 28 25 24 21 32 29 20 43 26 15 22 26 16 23 29 12 20 25 14 16 32 14 30 14 32 17 29 27 15 21 18 24 28 11 14 24 33 17 18 30 28 26 19 20 23 34 25 37 25 31 25 30 21 21 12 19 25 29 26 22 31 22 25 24 9 26 16 21 26 28 11 27 18 4 19 23 35 19 29 29 20 16 40 24 17 23 31 28 32 33 29 24 25 31 23 21 24 29 27 26 28 19 34 26 29 39 3 17 21 23 22 24 28 31 21 29 16 20 31 29 30 8 27 27 33 29 24 30 21 17 27 18 31 21 27 31 29 15 26 19 29 22 24 33 30 25 22 31 28 34 33 29 0 26 10 17 33 25 36 18 23 25 32 7 20 26 30 31 32 24 18 31 35 17 28 21 16 16 28 28 23 31 21 34 23 22 15 27 17 32 16 21 43 10 30 22 33 15 20 38 25 30 26 32 31 10 27 20 18 27 30 32 21 19 12 29 22 32 23 19 19 14 28 32 33 33 35 27 35 33 17 24 24 23 27 29 29 25 16 17 22 30 18 49 33 31 26 1 29 18 27 25 24 23 34 26 38 31 21 24 24 14 21 22 38 27 28 25 27 29 28 19 18 25 33 27 6 22 28 25 21 36 11 21 23 30 25 30 14 18 18 17 22 23 28 31 23 36 29 29 31 16 28 23 23 27 23 19 28 33 42 29 24 9 17 15 17 17 33 21 22 24 34 12 24 26 27 27 16 32 23 30 25 25 19 
41 43 45 39 44 48 39 47 45 28 49 21 25 35 53 34 44 35 33 48 34 41 37 26 47 42 38 40 49 38 47 46 51 39 43 43 40 35 34 35 48 55 41 44 54 34 38 45 41 40 37 38 45 49 47 50 37 39 46 51 47 32 38 39 35 37 38 47 23 37 31 32 44 49 48 32 37 33 50 37 48 37 39 46 36 49 46 42 42 38 34 42 41 38 58 41 43 42 41 28 32 52 55 58 36 51 39 46 43 46 47 19 26 50 44 37 31 50 47 49 37 21 47 35 30 42 48 27 38 39 18 43 37 33 44 41 39 47 37 47 35 45 34 35 39 38 46 52 37 46 38 40 46 45 40 45 56 50 26 45 45 38 42 48 37 45 37 44 38 44 49 40 57 39 32 32 51 33 45 29 34 41 35 33 51 47 24 51 27 52 39 52 40 27 33 31 37 47 43 46 39 33 30 40 45 43 39 46 20 40 44 24 47 47 47 35 43 39 41 42 34 47 42 48 39 42 42 44 36 28 43 35 31 42 45 41 39 47 41 41 38 54 43 31 44 31 43 53 43 42 39 48 46 45 52 46 46 35 43 41 36 39 42 40 39 38 34 47 36 44 41 46 38 34 41 22 40 38 32 40 42 28 51 46 48 43 41 37 44 46 46 35 53 26 40 33 43 54 37 44 48 24 25 17 31 47 32 24 41 39 48 34 50 41 44 50 37 57 0 40 46 53 46 48 32 35 47 57 44 39 42 44 44 43 43 36 44 51 27 34 35 39 36 42 45 33 40 46 51 41 41 42 63 36 44 28 27 53 43 44 37 46 38 40 48 35 42 33 47 44 32 37 33 37 48 40 24 40 37 43 41 35 45 28 34 37 33 40 56 50 44 46 37 43 46 37 42 39 48 30 41 44 42 42 32 40 47 29 64 49 48 48 42 43 37 40 23 41 39 46 36 53 42 36 44 47 44 37 40 48 42 39 45 47 44 47 32 37 33 46 37 39 37 41 41 47 48 48 35 41 42 37 40 40 31 35 27 32 40 47 45 34 35 39 42 42 33 40 41 40 44 34 34 41 45 55 42 35 32 36 30 41 29 54 33 36 28 53 28 36 39 26 39 45 40 40 45 35 41 34 
28 29 31 15 15 23 16 25 25 20 27 25 16 24 33 21 14 15 17 25 22 20 26 28 24 19 25 27 30 18 33 16 15 21 23 29 22 27 16 17 11 33 25 26 27 25 12 21 28 17 25 25 29 40 32 22 24 21 30 21 28 19 11 23 22 32 14 23 10 13 18 16 35 26 26 19 19 22 23 23 30 22 21 25 12 31 27 11 8 23 24 21 24 23 37 25 32 24 30 17 21 30 34 31 27 27 21 26 26 10 36 9 18 37 35 19 19 34 29 21 24 18 29 19 17 12 26 14 27 26 15 8 27 15 24 29 17 12 19 26 19 20 25 22 19 14 20 15 24 30 20 11 26 27 17 25 38 34 23 29 24 26 23 17 25 29 20 28 17 33 28 19 34 31 5 24 24 22 26 20 23 13 19 15 30 22 20 31 18 22 17 30 30 18 17 13 25 31 22 23 27 24 18 21 23 18 27 9 11 13 29 28 35 18 27 27 34 12 24 2 27 25 19 19 15 26 36 31 16 19 16 17 23 19 18 1 24 32 18 20 24 34 12 19 22 18 8 41 21 7 22 21 18 30 23 22 14 17 32 13 16 19 24 20 19 18 19 24 22 28 29 21 10 11 25 12 19 22 25 20 20 25 29 30 24 20 25 29 20 34 23 22 35 13 22 20 25 31 23 27 23 33 17 31 28 26 14 15 31 26 15 19 30 19 30 26 27 35 28 0 18 23 20 33 17 23 15 22 25 18 21 31 23 27 27 23 24 36 19 23 21 31 24 24 21 25 27 11 31 24 33 5 25 22 35 17 18 38 24 30 12 28 15 21 29 19 20 20 32 31 21 19 17 20 17 25 25 26 21 5 30 12 24 15 20 20 17 30 25 26 27 25 29 25 30 18 25 14 16 21 32 31 18 28 17 15 30 20 47 27 21 20 15 19 13 22 16 18 25 37 18 37 23 24 14 24 4 26 23 33 35 29 26 30 19 21 14 19 23 30 21 23 14 28 19 30 39 25 11 27 28 26 25 4 22 8 19 29 13 24 28 16 37 24 24 24 6 29 24 16 20 21 22 20 39 42 30 22 25 20 20 13 20 36 22 15 24 27 21 26 18 23 25 17 27 17 22 23 20 18 
22 32 23 38 21 36 26 29 19 32 28 37 27 27 32 27 29 28 25 32 27 18 34 34 43 31 23 22 26 33 36 42 38 28 32 39 32 31 33 28 34 34 33 33 41 31 27 37 38 23 34 30 30 37 34 34 29 31 40 39 19 23 14 13 34 37 27 32 23 26 30 34 43 32 36 24 33 22 36 30 27 26 28 35 25 36 20 25 27 26 16 34 26 21 50 7 31 41 23 22 24 25 36 35 36 40 35 24 32 20 41 19 30 35 44 25 24 33 36 3 29 21 18 23 22 33 25 19 25 34 18 29 20 29 36 34 20 33 25 31 29 33 36 27 18 37 33 38 37 26 37 18 32 24 23 38 35 31 25 40 32 15 30 21 25 34 33 31 19 29 39 22 37 38 20 33 27 25 29 26 27 34 31 25 39 35 36 26 26 37 39 12 35 26 25 30 34 37 16 19 14 35 27 33 32 29 36 32 22 23 41 36 36 8 30 32 41 15 11 37 34 28 29 32 31 36 37 24 23 30 32 27 33 30 34 36 28 39 37 25 31 33 28 23 32 32 21 46 20 20 27 34 39 42 37 31 33 30 31 29 31 27 36 34 34 17 22 40 33 36 29 34 31 30 26 14 29 34 36 19 19 28 25 35 28 37 15 22 28 42 21 36 34 26 15 25 35 29 21 21 30 41 29 37 25 17 27 26 37 25 30 23 29 18 33 29 28 36 35 36 0 41 35 31 25 22 33 35 29 24 24 13 36 25 37 33 32 39 29 30 24 39 29 30 37 37 32 37 31 20 37 37 40 14 31 20 20 41 31 33 26 32 38 28 37 24 30 25 30 36 25 20 27 17 32 28 35 18 22 26 28 29 37 20 12 30 35 17 45 35 34 41 39 24 29 25 21 27 37 31 29 41 29 19 20 31 23 30 46 36 23 34 37 29 26 29 27 26 23 34 20 45 36 11 28 29 39 28 19 41 42 38 22 35 33 21 31 22 29 36 11 13 24 33 22 26 38 40 34 20 34 29 41 19 30 18 29 37 28 36 19 21 42 27 26 31 21 29 6 29 29 35 9 33 29 26 30 34 32 30 18 20 16 48 20 25 30 27 28 13 31 27 35 24 37 15 32 24 30 22 
33 29 33 34 32 24 28 35 29 23 41 16 20 30 42 29 36 30 22 33 28 32 32 31 38 28 24 16 33 30 33 41 40 34 26 38 13 30 28 30 40 44 33 30 42 29 33 3 32 29 32 22 33 22 40 29 26 33 37 44 19 27 27 23 30 9 33 30 18 23 26 23 35 38 29 21 31 28 45 22 21 23 22 38 22 37 28 25 32 33 23 33 28 30 49 35 31 36 32 24 27 27 35 41 27 37 27 35 34 30 42 14 21 38 30 26 25 31 32 33 14 16 20 30 14 37 29 16 10 26 13 29 33 27 33 36 31 33 31 34 26 31 29 12 28 33 35 16 7 38 32 34 23 34 29 23 51 24 21 35 20 32 35 21 27 37 30 24 21 35 26 33 41 27 21 27 31 28 30 24 29 34 30 24 37 33 19 24 22 36 31 34 32 23 28 25 31 38 25 28 31 28 25 35 30 37 34 38 15 29 19 19 22 24 33 30 32 19 33 35 26 25 31 43 34 37 36 24 32 19 18 26 26 21 20 34 35 41 32 23 25 43 31 26 25 17 28 38 21 29 26 32 25 40 41 29 23 30 16 36 28 34 33 35 32 27 29 26 21 33 36 32 31 29 29 17 21 33 29 29 23 23 34 35 35 38 25 32 26 40 32 21 44 21 26 22 34 32 21 34 30 19 20 12 26 14 27 19 36 35 36 30 39 22 32 45 32 35 26 33 30 0 30 29 27 23 24 38 30 30 30 37 35 36 34 22 27 24 22 29 21 30 15 31 40 8 24 33 33 25 36 34 51 24 40 23 22 42 36 30 32 40 29 33 43 30 23 12 31 33 27 32 18 28 35 30 19 28 25 32 35 24 29 17 29 29 24 34 29 33 29 27 25 34 33 30 26 25 42 16 14 36 28 35 27 34 37 18 51 35 20 30 36 32 31 34 20 32 23 19 30 42 28 28 28 37 37 24 29 39 34 28 34 36 22 29 26 27 28 41 21 23 26 18 28 35 34 32 30 30 34 29 35 26 26 22 22 27 29 35 16 23 30 28 21 27 22 31 36 26 27 20 26 35 39 44 32 21 23 27 25 25 25 40 29 31 28 35 19 30 33 21 34 29 35 31 34 30 22 29 
30 36 36 25 33 38 31 26 34 17 36 32 28 31 41 33 37 24 21 31 27 30 26 25 36 29 32 38 41 28 40 35 41 31 29 32 29 24 20 27 37 41 30 30 37 20 34 30 38 29 37 34 34 47 44 24 34 28 40 40 35 21 29 28 32 37 24 32 20 23 28 26 41 38 37 26 23 22 44 27 37 30 25 35 22 41 37 23 37 30 32 27 31 27 43 30 33 28 30 25 28 40 41 43 36 38 25 34 36 20 29 19 15 21 38 34 24 28 35 26 33 21 36 27 26 22 36 24 27 36 18 18 31 19 34 30 25 22 27 31 29 41 37 31 28 24 38 41 34 35 24 33 38 34 27 27 45 33 26 34 34 31 28 27 35 34 30 38 24 33 35 27 48 39 28 21 42 22 35 35 25 23 24 30 37 25 13 40 13 35 26 35 29 24 22 17 37 41 31 34 22 39 30 31 29 40 34 37 26 33 33 35 36 30 35 24 29 30 34 34 28 28 34 29 24 30 45 37 29 25 9 30 20 12 11 34 34 32 30 27 28 44 22 31 33 29 18 46 31 29 31 35 22 40 38 28 42 27 41 33 27 31 28 29 25 32 26 17 28 32 41 35 20 34 30 22 12 27 34 31 30 28 39 34 37 42 30 26 30 44 35 33 43 23 33 30 40 41 23 36 26 28 14 37 31 32 24 30 41 29 37 31 40 29 23 36 28 39 38 33 23 42 0 26 29 27 15 42 38 26 21 30 29 31 37 31 35 42 16 33 28 39 29 39 30 22 32 41 42 30 30 34 47 27 41 17 30 43 29 35 26 32 38 26 34 24 31 30 36 37 23 28 32 28 39 29 35 31 26 15 38 28 30 25 25 34 27 33 35 35 20 18 26 34 38 23 31 35 26 24 41 38 28 34 24 25 38 30 27 29 38 32 40 35 26 26 25 26 25 46 28 41 38 19 40 39 36 33 29 36 36 36 31 34 33 31 18 32 33 41 26 28 29 37 32 36 42 33 21 30 31 26 35 27 17 31 16 24 36 33 34 26 46 29 28 34 29 29 29 26 29 32 17 26 44 36 40 31 32 30 22 23 26 45 26 25 22 37 28 29 24 27 39 22 31 29 37 24 13 26 
34 39 37 36 7 43 32 27 35 21 33 14 29 35 36 29 41 28 32 35 29 27 30 29 30 34 42 36 22 29 40 36 42 32 33 35 29 28 33 26 38 41 34 41 39 5 37 35 42 25 38 39 28 42 37 39 38 32 37 38 37 25 29 32 34 38 29 29 24 29 30 35 51 34 34 28 33 26 48 30 29 34 29 39 28 42 32 24 29 34 27 36 35 28 52 25 24 33 31 18 32 31 43 18 18 31 30 39 36 29 39 20 19 33 33 11 26 2 40 27 29 22 25 23 31 31 19 28 32 38 19 27 36 32 38 23 37 31 23 32 30 40 38 27 32 32 39 38 39 36 34 17 28 19 21 39 47 40 27 38 40 33 29 25 20 35 30 36 26 34 35 35 38 40 32 25 28 23 32 36 27 32 28 37 36 44 17 32 28 26 23 36 33 37 23 30 36 37 33 15 26 40 31 33 12 33 40 41 27 37 31 17 26 32 31 28 44 16 35 32 34 31 35 38 29 40 27 34 26 33 35 34 24 38 37 35 34 40 24 32 32 34 26 24 30 33 28 52 14 34 35 38 35 38 43 28 35 36 36 37 31 33 33 33 31 31 30 38 32 43 34 30 29 35 24 15 25 31 9 33 13 29 21 44 41 39 34 30 36 42 36 37 47 27 35 26 38 37 29 38 32 43 18 38 32 29 33 31 42 16 38 29 43 12 36 21 30 46 21 34 24 40 45 0 31 25 36 38 34 25 22 25 38 37 34 33 32 41 20 33 32 22 31 16 35 26 33 27 38 29 34 38 55 28 34 18 23 47 30 27 29 44 21 27 41 28 35 27 37 38 25 28 24 29 40 33 44 32 20 24 31 29 39 29 26 14 36 37 41 32 41 39 30 38 39 24 30 36 27 34 34 30 34 17 28 29 39 33 54 34 35 33 43 37 30 39 32 24 31 39 25 52 39 23 40 30 28 32 28 10 28 42 32 33 36 33 23 24 34 36 30 32 21 33 36 22 37 42 32 22 32 27 35 31 32 15 20 25 34 37 30 27 28 33 38 35 33 30 18 32 26 36 21 35 46 49 25 32 15 31 26 19 19 48 23 29 31 39 29 33 33 19 40 23 30 30 29 28 26 22 
24 30 19 38 38 42 40 37 37 33 34 26 35 47 38 41 43 35 36 44 38 36 35 41 46 33 40 32 43 23 34 44 38 41 41 44 45 40 35 37 34 48 41 38 46 32 41 40 47 37 40 38 44 47 39 31 44 44 31 35 35 33 35 44 42 46 34 38 30 31 38 17 36 46 41 28 38 36 38 39 42 31 38 48 30 41 36 41 44 34 39 41 30 39 57 45 32 43 36 20 44 43 49 49 35 42 33 48 36 45 45 33 31 41 32 29 36 33 42 46 37 35 49 39 30 47 48 34 26 46 32 35 29 34 38 46 32 39 33 44 20 37 44 35 42 37 41 37 41 32 39 45 50 46 37 42 51 39 38 46 38 39 45 33 34 40 38 38 34 39 45 34 58 44 29 37 48 38 41 39 37 40 39 35 48 39 29 44 28 51 39 43 31 19 37 32 39 32 39 42 28 43 41 42 43 35 40 32 30 37 47 29 38 41 42 40 23 36 38 43 19 45 31 34 44 40 42 40 28 30 32 37 36 27 34 42 31 52 40 41 30 48 42 36 45 23 28 54 33 27 27 44 37 35 44 43 46 37 48 37 21 42 43 45 24 41 42 40 32 43 43 38 37 34 40 27 30 42 40 25 42 42 48 41 28 55 46 42 29 39 48 27 55 33 27 40 43 41 22 20 40 39 30 32 43 44 34 34 49 30 38 26 48 41 29 48 39 45 34 41 43 37 49 31 0 27 37 42 42 31 36 30 43 41 28 28 47 42 32 41 29 38 41 34 37 38 38 52 36 27 42 28 52 41 36 33 25 53 46 31 35 31 37 44 40 38 43 40 48 51 35 32 39 22 40 34 39 41 36 40 33 35 44 35 44 40 18 37 49 49 42 41 27 48 45 42 28 31 45 32 46 29 36 43 40 25 23 26 53 43 42 45 40 42 40 34 35 40 24 51 38 52 34 25 44 45 45 45 41 41 27 36 35 42 42 37 33 39 41 41 42 44 38 41 27 30 36 39 34 46 43 42 34 33 32 32 32 36 37 41 37 36 40 39 40 40 30 35 43 34 43 26 23 40 53 59 39 27 31 21 38 38 21 40 25 36 13 39 27 33 38 31 37 42 47 45 46 38 31 38 
36 37 48 43 35 46 40 41 34 32 42 37 40 29 49 36 43 39 35 35 40 38 36 36 45 34 44 36 39 38 41 48 49 47 25 47 36 39 16 37 45 46 35 40 19 38 41 40 51 35 37 42 36 52 40 39 44 35 45 49 39 35 41 35 28 40 43 36 38 33 24 40 37 29 38 40 37 37 50 39 44 33 21 44 32 50 40 24 33 35 25 45 27 39 47 35 36 42 42 17 26 44 50 32 23 40 37 48 33 40 46 19 30 44 47 30 38 46 31 38 34 36 32 16 34 42 46 39 30 32 33 34 30 33 39 27 34 29 34 41 40 40 45 32 36 42 42 49 32 41 20 34 27 45 32 27 53 15 37 34 42 24 40 41 42 44 35 39 33 41 35 36 48 47 36 32 38 34 32 44 36 34 29 35 43 42 28 45 31 45 42 38 44 20 34 31 36 30 38 41 28 49 41 45 36 36 39 43 36 36 39 40 40 30 31 39 45 30 39 44 34 31 43 49 34 26 32 21 25 39 40 26 35 30 40 43 32 50 39 23 24 35 37 37 35 35 37 42 35 36 27 38 35 45 48 35 39 43 45 36 36 30 42 31 40 36 31 48 35 38 38 35 31 34 23 28 38 32 38 40 38 43 47 40 36 44 27 41 33 45 47 33 41 38 29 30 45 43 26 41 31 40 29 33 38 44 40 40 23 38 43 27 48 39 45 43 40 52 40 42 35 51 46 44 39 0 40 42 39 32 36 45 47 27 42 34 36 40 31 38 31 45 40 35 34 33 44 40 44 22 45 39 47 39 37 29 26 43 37 31 34 46 44 38 45 39 38 41 48 49 37 34 36 38 42 39 40 39 31 35 34 30 20 40 37 28 41 37 51 39 33 39 41 33 48 35 23 34 38 36 44 44 38 28 29 40 44 33 48 35 26 21 45 38 41 40 41 31 28 49 40 47 40 25 48 41 46 31 21 54 42 41 37 41 41 41 32 28 33 42 33 35 33 38 29 33 51 23 39 44 41 38 49 33 33 36 31 35 38 44 37 35 46 40 24 44 37 41 41 36 33 32 23 44 49 60 46 33 38 37 27 30 22 55 22 33 28 47 34 33 42 41 42 34 46 41 41 36 37 15 
38 31 42 33 31 33 33 11 39 27 31 31 36 33 45 33 28 34 29 16 30 32 21 32 37 41 26 41 34 14 35 30 38 25 28 42 39 34 28 24 34 47 40 32 44 28 35 37 33 35 34 24 30 38 40 38 40 38 39 48 21 31 23 33 37 29 36 33 32 18 33 25 42 44 34 29 31 24 48 35 41 25 33 42 17 41 22 34 35 35 25 28 37 35 44 38 18 36 39 28 33 29 45 44 42 42 33 42 31 40 31 26 25 46 32 32 27 47 33 37 23 30 40 32 16 44 34 35 12 41 27 40 37 27 41 34 31 44 24 42 28 35 40 21 36 32 43 38 34 35 32 27 42 36 37 39 41 33 35 44 29 34 39 23 29 43 25 34 32 36 43 33 46 36 22 31 36 32 36 33 35 41 34 26 40 37 34 30 21 41 34 43 39 27 32 25 44 40 25 28 36 37 37 38 33 43 36 32 31 30 39 34 24 28 20 34 37 24 20 37 38 40 36 43 31 35 48 26 33 21 31 28 30 34 33 36 39 17 31 27 36 39 28 38 30 35 30 40 29 31 35 39 34 26 33 32 32 21 42 38 35 36 36 36 33 37 31 36 30 40 47 36 40 32 26 29 31 37 38 32 28 37 34 42 38 43 35 36 15 30 39 39 45 35 34 37 36 48 8 34 34 36 24 32 36 33 34 28 39 33 25 34 35 27 35 44 30 37 36 35 34 50 43 45 40 25 0 46 32 35 6 38 30 36 36 37 32 50 26 28 23 40 32 37 37 32 26 34 49 31 40 28 56 37 42 27 33 45 37 32 25 40 38 37 39 26 28 32 35 47 33 26 34 30 27 35 39 36 22 37 41 33 31 36 36 31 26 40 44 36 37 36 28 35 39 34 32 29 48 18 42 41 23 33 29 26 37 33 57 37 38 39 35 36 28 34 29 27 10 47 30 49 43 33 30 31 39 35 30 49 46 38 31 42 31 23 26 30 31 49 31 33 31 27 31 35 36 34 29 40 38 36 41 28 25 25 26 40 30 37 35 33 45 31 36 28 23 38 40 21 30 38 31 27 49 56 34 36 38 29 27 29 29 40 33 35 32 29 34 36 25 35 32 33 42 33 39 26 26 31 
38 36 40 36 25 29 32 28 16 29 32 38 29 31 40 32 34 33 26 3 15 26 33 38 31 37 11 31 32 37 40 31 32 36 31 30 39 37 22 28 32 45 22 37 25 30 32 37 38 31 19 35 30 30 41 38 23 38 28 42 34 29 32 33 32 41 32 38 20 30 28 33 18 35 17 14 35 33 48 29 29 30 27 30 29 42 31 28 35 30 20 39 33 29 53 22 31 40 32 23 28 40 37 37 29 28 30 33 39 27 39 25 31 33 37 27 12 35 37 31 34 19 32 22 27 29 37 24 36 33 29 25 34 31 26 29 29 29 29 36 29 39 38 32 37 30 23 36 29 36 26 21 31 23 27 31 46 21 31 26 33 19 33 33 24 39 37 26 33 34 34 21 40 39 29 13 33 24 34 33 30 30 16 26 37 41 30 32 25 24 29 40 40 24 24 29 29 29 33 33 33 37 22 36 36 37 21 30 24 24 26 41 41 32 32 37 40 33 39 33 33 33 35 34 31 32 38 27 7 30 26 28 29 24 28 32 36 44 25 29 30 36 28 37 13 25 26 45 29 27 31 38 34 24 40 39 41 32 24 33 35 31 37 21 28 36 26 34 34 30 44 34 27 32 26 28 29 19 38 36 31 26 39 32 30 41 26 21 27 28 30 29 47 23 24 26 36 38 32 29 32 32 30 36 29 44 29 28 29 24 36 31 32 30 40 43 39 39 37 31 28 44 28 38 25 6 27 0 17 31 33 41 41 29 25 25 15 32 32 38 28 33 17 32 37 30 34 36 34 28 28 26 48 31 38 19 27 48 31 37 25 36 32 30 35 35 11 27 20 30 28 30 25 30 38 18 30 35 22 22 35 30 26 21 30 31 30 25 42 39 37 35 40 39 40 28 29 33 33 23 22 37 35 23 24 31 32 33 54 37 32 27 22 24 19 38 29 34 34 27 17 39 36 30 41 40 35 27 27 48 41 23 32 33 32 32 30 30 37 39 31 24 29 19 24 39 41 29 32 37 33 28 41 24 29 30 29 34 29 2 42 27 46 34 30 39 29 31 34 33 37 28 28 38 43 41 11 29 26 30 22 23 23 25 4 32 34 38 22 21 36 36 19 27 33 30 37 35 30 21 
28 33 31 27 21 28 30 27 33 22 15 23 23 35 35 30 28 16 21 33 22 22 26 37 24 20 36 16 29 23 37 30 29 22 23 29 22 27 22 18 25 34 30 32 27 22 26 21 29 26 25 26 25 40 38 34 25 21 30 32 27 19 23 31 23 39 15 27 11 13 19 16 35 31 27 20 25 22 31 26 33 28 22 22 12 40 27 18 22 33 24 22 22 24 38 25 33 30 34 19 32 35 36 20 13 11 27 25 26 10 31 21 28 16 36 23 19 34 23 21 24 2 33 20 18 12 28 15 28 27 20 8 28 21 25 29 18 12 20 25 19 34 32 22 28 26 34 29 25 30 26 25 31 29 18 33 39 32 14 34 24 26 23 17 25 28 20 32 24 37 29 20 45 27 19 30 36 9 30 30 23 13 24 25 30 36 26 36 15 34 17 30 30 18 18 19 25 31 27 29 27 34 18 21 26 32 27 23 21 23 34 26 36 26 32 28 31 24 25 16 23 25 33 19 15 30 22 31 26 20 22 24 33 25 24 15 30 36 18 12 19 34 12 24 23 22 9 41 32 21 26 32 30 33 37 26 28 18 32 27 25 26 30 20 19 27 30 30 22 22 34 25 10 25 25 24 25 27 32 24 31 9 35 24 28 24 33 39 20 34 22 26 37 14 26 21 32 31 24 25 33 26 27 19 12 27 15 25 37 27 29 25 30 30 31 26 28 36 28 14 18 34 34 36 20 26 19 36 0 21 22 31 24 26 27 27 25 42 29 23 26 16 24 28 21 26 28 25 27 25 33 19 39 22 35 25 23 38 24 34 16 34 15 21 32 19 24 21 33 32 21 20 21 21 31 28 25 26 21 5 32 26 25 16 20 29 17 21 25 30 33 30 31 31 33 18 26 28 16 28 32 33 18 27 28 15 28 20 51 32 33 27 23 33 21 28 26 21 26 37 19 31 33 24 28 24 18 36 24 33 31 29 26 25 23 21 20 26 29 38 29 31 28 28 28 23 40 28 23 27 32 29 25 18 19 22 20 34 27 28 29 26 37 24 28 24 20 33 24 16 24 25 22 21 26 43 30 26 9 20 26 13 20 37 24 15 17 27 5 17 19 28 20 17 27 16 36 24 21 19 
32 28 41 39 34 38 29 41 36 19 31 42 25 33 43 20 40 26 23 40 24 23 28 27 28 33 38 40 26 30 32 37 17 30 40 33 31 26 34 24 13 51 32 39 43 34 35 33 20 28 27 38 26 43 32 43 27 30 39 42 42 23 27 30 30 38 42 37 34 32 28 35 49 37 28 22 37 24 46 30 12 32 36 37 31 39 31 30 40 32 29 33 36 26 49 32 27 42 32 22 30 43 34 48 31 42 30 36 39 37 38 25 17 37 44 30 21 41 38 30 37 32 40 29 36 40 34 17 34 34 29 36 36 33 34 32 38 39 32 25 38 43 29 40 35 38 36 17 37 34 32 30 40 36 30 38 45 42 28 36 39 28 35 29 27 28 37 23 36 35 42 30 47 38 30 23 40 24 38 31 27 35 26 36 32 45 35 15 27 39 30 39 31 35 24 31 27 40 16 19 36 35 20 33 37 37 29 37 33 35 35 45 38 35 29 26 38 28 38 34 34 38 32 43 27 37 35 40 35 31 31 38 22 32 33 33 30 49 22 33 37 45 24 41 35 35 36 43 29 35 33 32 39 35 44 36 44 26 43 35 36 21 34 31 27 34 28 36 30 34 46 34 33 29 22 34 29 29 36 36 28 39 25 36 37 46 32 28 36 36 37 38 32 30 33 23 36 37 30 29 30 42 16 39 42 35 36 26 36 31 36 38 41 27 35 50 30 48 40 32 27 44 36 39 32 30 34 42 38 0 36 39 35 38 36 25 30 50 18 36 30 45 26 35 33 24 34 24 42 35 32 33 57 32 29 19 35 43 36 29 25 40 43 33 39 26 33 23 35 34 25 26 19 30 38 31 45 36 18 33 41 30 36 18 32 41 34 25 44 40 39 37 28 22 24 30 36 37 41 30 43 26 37 32 26 27 32 33 58 33 41 39 36 38 28 40 27 31 32 48 25 43 37 33 44 40 36 15 34 39 42 31 36 37 32 32 32 36 28 43 28 30 17 30 34 26 48 39 35 32 33 28 31 36 26 30 18 39 38 41 36 24 46 29 36 33 31 31 33 35 34 37 31 32 38 45 32 33 38 39 24 31 31 45 35 38 29 26 34 21 30 38 33 29 42 31 25 26 30 28 
32 42 40 27 39 48 27 5 36 38 43 37 35 37 43 33 46 39 23 40 41 31 35 44 47 40 37 40 43 31 45 44 46 35 31 41 38 45 22 18 42 43 37 32 48 22 39 40 49 29 39 46 41 54 43 38 34 41 38 50 46 39 22 37 41 45 38 34 31 36 39 33 43 38 28 38 25 35 46 29 41 36 27 36 35 42 39 30 35 39 35 38 33 34 54 37 45 30 41 27 34 42 43 43 38 39 27 36 37 41 42 20 36 49 46 36 38 50 37 38 42 29 38 35 38 43 38 35 40 41 26 36 33 21 41 44 27 40 35 44 35 45 44 40 30 26 39 46 44 42 26 42 43 41 33 33 39 43 34 40 44 34 38 41 42 47 43 45 26 44 37 29 45 47 16 38 35 33 37 38 37 35 31 26 39 47 34 43 15 35 28 38 46 26 33 19 42 39 33 36 38 43 38 32 34 42 40 42 30 24 41 40 46 32 39 45 31 23 45 36 33 36 30 45 40 32 47 45 27 36 39 28 34 36 39 36 36 48 41 29 30 47 42 32 24 31 32 48 33 41 33 43 34 43 40 33 41 31 48 42 29 38 30 40 27 41 35 30 41 34 42 40 38 35 40 23 40 34 34 31 32 36 42 36 41 42 33 36 38 47 41 35 46 34 33 39 36 47 36 41 47 30 35 33 30 43 28 34 42 27 48 33 53 31 37 38 38 45 41 35 35 52 40 48 38 29 42 48 43 29 0 32 40 33 44 36 26 44 30 43 34 47 43 41 40 43 43 46 44 41 39 38 53 31 43 28 32 52 39 37 33 34 46 36 41 37 22 34 43 41 39 20 28 31 50 29 40 35 36 36 40 36 41 34 35 31 34 43 51 37 33 31 41 36 51 33 42 39 47 37 46 43 41 38 33 33 44 39 63 41 32 39 45 30 30 28 35 37 38 51 31 43 42 35 49 48 38 39 40 52 41 42 41 36 40 40 20 30 34 48 35 35 25 30 35 38 50 44 23 37 39 37 48 38 19 19 37 37 24 35 42 27 51 42 30 38 17 40 41 39 31 34 33 37 48 52 42 35 40 36 31 41 28 47 28 39 34 46 36 39 35 29 42 35 44 40 33 34 30 34 
29 29 37 37 36 33 30 41 35 27 35 28 29 30 39 26 37 36 23 36 26 17 24 33 32 31 29 35 32 31 33 37 31 35 30 34 32 31 22 19 27 36 38 20 34 32 35 28 36 22 29 27 21 40 40 36 30 31 36 38 24 23 31 36 31 43 35 31 31 28 27 22 41 30 24 25 25 9 43 29 25 28 26 31 27 40 7 24 30 27 25 38 30 20 54 29 29 30 32 18 27 28 43 35 33 35 27 27 33 30 30 28 25 41 35 31 23 34 36 27 26 27 37 23 19 32 26 33 15 35 27 28 33 21 29 34 33 30 24 32 25 20 38 24 24 36 37 31 32 28 26 32 27 34 22 33 40 18 28 32 34 30 27 24 29 35 30 36 26 35 37 32 46 41 27 35 42 24 33 23 27 29 32 23 31 22 31 28 29 30 28 36 29 24 24 19 29 37 22 25 33 40 22 33 31 40 31 32 27 23 32 31 23 31 34 24 28 30 35 25 30 32 33 19 22 32 42 24 26 18 29 25 30 31 30 24 24 36 26 29 29 39 19 38 20 31 29 43 35 30 32 39 34 37 36 30 35 31 27 30 29 30 30 27 35 23 25 31 29 34 40 21 26 17 17 29 31 25 39 26 34 34 31 36 24 41 33 36 18 38 24 32 40 32 28 37 33 42 26 37 23 33 29 26 37 39 28 31 24 26 28 19 35 33 20 44 15 36 39 23 24 40 38 39 31 15 32 45 25 27 36 0 40 28 33 27 22 40 26 28 26 40 28 36 28 32 29 34 40 24 32 28 44 28 41 19 27 30 28 30 28 34 38 27 24 11 32 38 29 36 25 21 25 4 30 25 33 25 13 25 38 18 35 34 26 28 23 38 45 34 34 32 31 30 35 24 25 14 36 21 39 31 33 18 23 21 40 31 50 28 29 24 37 25 13 16 32 25 13 44 15 43 33 30 33 16 27 28 28 40 38 33 30 24 34 8 20 27 16 36 34 31 28 26 30 32 39 38 33 30 26 21 32 27 31 28 16 37 35 23 30 25 42 16 30 31 28 31 30 31 28 31 28 32 46 41 34 26 33 26 27 31 26 46 25 34 24 14 30 34 35 29 42 23 27 31 34 11 30 23 
33 33 36 28 23 27 28 24 36 29 31 28 30 29 40 28 31 13 18 30 13 32 27 36 28 17 28 29 29 32 37 42 30 19 30 33 35 34 23 15 28 31 27 31 38 23 29 34 26 29 16 23 27 32 36 37 22 34 28 39 38 26 23 32 20 39 12 24 8 20 16 21 40 36 34 12 26 34 47 25 38 24 28 37 19 43 34 25 31 28 18 19 28 27 35 27 30 31 30 18 26 32 33 41 20 38 28 31 33 23 36 20 27 42 34 19 10 37 27 28 22 30 36 17 15 25 34 12 29 24 27 21 33 22 22 28 15 25 17 33 24 37 39 20 28 27 37 32 22 34 27 19 28 34 15 34 36 38 28 31 30 17 30 30 16 36 27 24 27 33 38 17 42 37 17 33 31 22 27 31 27 26 21 22 31 39 31 32 16 39 26 37 30 23 15 20 16 29 27 30 25 41 9 33 24 34 18 26 28 25 31 31 36 31 30 25 32 24 22 28 29 32 31 32 28 27 29 33 27 17 27 24 27 21 29 35 35 44 22 30 31 34 25 31 32 32 6 29 29 24 28 38 33 24 39 23 31 15 34 31 30 25 29 33 28 34 24 27 30 27 38 32 23 28 23 24 30 24 42 27 28 37 36 29 25 34 12 38 27 25 33 36 34 11 22 18 32 36 25 37 28 31 26 34 38 24 12 32 41 24 32 30 30 27 33 39 28 33 29 34 25 41 25 35 17 26 31 39 34 28 19 33 0 28 30 23 33 41 28 30 25 42 13 24 34 23 25 34 45 22 40 22 47 27 35 17 20 38 29 34 23 35 32 28 42 32 30 18 36 29 25 17 12 21 34 26 36 27 19 18 32 28 22 13 27 27 20 36 38 27 30 27 34 28 41 25 23 31 29 20 32 39 25 21 22 17 38 30 48 34 30 34 28 31 30 29 33 18 27 37 16 36 35 22 29 37 30 25 21 43 37 20 30 30 30 34 21 26 33 36 30 10 26 26 29 37 38 25 24 31 29 26 38 21 20 20 17 34 25 35 26 28 42 24 31 22 18 29 31 23 21 35 20 18 41 40 21 28 35 25 20 20 20 34 24 28 30 40 31 37 16 30 32 24 25 29 34 24 28 16 
31 32 27 33 20 36 17 29 21 30 30 33 34 36 27 18 40 26 29 8 28 27 39 35 27 30 36 23 27 33 36 32 31 32 28 32 29 30 28 27 37 37 35 23 41 28 34 35 39 25 24 33 26 39 28 25 32 28 36 43 36 22 21 22 25 39 25 10 21 27 29 30 44 30 26 27 31 25 45 25 30 34 29 34 26 27 32 23 20 27 29 32 32 23 48 35 32 36 26 20 33 18 38 35 23 37 30 34 27 24 30 19 28 36 38 24 25 35 36 32 32 23 25 20 25 26 32 25 35 29 20 22 36 27 29 31 21 26 20 40 32 37 32 30 27 32 24 41 32 28 32 34 31 28 18 33 48 32 27 42 32 28 34 31 29 36 34 27 22 29 31 23 40 39 15 34 30 18 5 28 26 20 34 11 33 39 33 19 21 33 34 32 42 27 18 25 33 34 17 20 35 32 26 31 33 37 26 35 29 9 44 34 39 17 31 37 31 18 35 28 29 4 20 33 29 31 32 38 12 26 29 13 32 29 31 27 29 40 21 20 32 36 26 30 22 33 19 25 27 33 32 11 21 32 41 32 26 28 33 30 31 25 36 32 33 26 23 37 33 21 38 35 24 23 12 21 11 37 33 14 26 30 26 23 36 35 24 39 34 36 31 37 43 24 16 31 21 30 31 28 20 36 27 38 33 33 25 23 30 36 33 24 32 25 22 40 31 33 34 26 32 45 33 33 22 31 23 29 39 27 24 36 34 0 40 28 24 31 28 33 32 32 14 29 35 33 28 33 38 26 36 31 20 27 40 13 15 42 27 33 30 31 34 33 33 27 20 29 32 39 24 29 26 21 35 23 39 13 21 19 35 24 35 26 32 16 31 26 39 36 37 38 37 33 28 32 27 31 30 28 31 35 32 32 29 29 31 32 52 30 31 32 18 28 28 33 24 28 33 36 29 30 34 32 39 36 30 33 25 43 33 28 24 24 19 28 26 15 22 42 20 22 23 28 34 27 42 28 29 33 15 22 38 30 25 17 29 25 23 28 35 12 43 28 36 33 16 25 38 30 30 36 30 31 35 50 28 27 28 33 30 27 25 28 29 29 25 30 30 22 29 35 15 31 38 25 31 27 12 19 
24 27 30 20 28 19 22 9 29 12 29 17 23 26 36 26 32 19 16 26 21 25 21 20 31 26 27 30 36 23 31 30 38 28 24 27 24 19 15 27 34 32 25 25 41 15 29 36 36 24 31 29 29 36 36 13 32 23 3 35 28 15 17 23 30 32 24 27 18 20 26 18 30 33 32 20 18 17 38 19 25 25 20 30 22 36 32 18 16 25 26 22 26 22 38 25 28 23 25 20 23 35 36 34 31 25 20 29 32 30 31 14 10 35 33 29 18 23 30 21 23 16 31 22 21 37 31 22 19 34 13 29 26 14 31 25 20 32 22 26 21 31 25 21 23 19 33 38 31 30 19 27 33 29 27 21 40 28 20 29 15 25 23 28 30 29 27 32 19 28 25 22 40 22 11 16 30 17 27 30 19 28 19 19 32 38 8 28 8 30 13 30 24 19 17 12 30 4 26 29 17 34 24 25 24 35 29 33 21 19 28 20 31 25 30 19 24 18 29 29 23 21 25 32 30 25 38 30 22 14 4 9 15 7 6 29 29 27 25 22 23 41 27 26 28 24 18 41 26 25 26 28 9 35 33 23 22 24 39 28 22 26 23 24 20 26 21 12 16 27 36 32 31 19 25 17 7 22 27 26 25 23 35 29 32 37 25 21 25 39 30 28 37 21 28 28 29 39 18 31 33 23 9 32 26 27 21 25 26 24 32 26 37 24 18 31 23 34 33 28 18 37 33 21 19 22 10 36 33 21 16 25 24 26 0 25 30 37 11 30 23 28 23 34 33 17 27 36 37 22 25 29 42 21 36 12 25 38 24 28 25 27 11 21 20 19 26 28 31 32 17 23 23 23 32 24 33 25 21 30 33 20 25 23 20 24 19 28 37 30 15 13 21 29 23 18 23 30 41 19 37 33 25 29 19 20 33 25 48 24 27 27 35 25 21 21 20 21 20 42 23 36 33 14 35 20 26 28 24 31 31 31 26 29 31 29 13 11 18 36 21 23 20 27 27 30 37 28 16 25 26 21 31 22 12 14 11 9 19 28 29 21 31 24 23 29 12 24 24 23 24 27 12 21 39 31 35 26 27 22 17 29 21 37 21 32 22 35 23 24 19 22 32 17 26 24 28 19 8 21 
30 30 32 25 30 33 31 33 38 27 36 31 36 21 41 28 36 25 19 32 20 25 28 28 33 29 35 36 36 29 34 41 32 25 29 38 33 36 20 18 34 41 28 30 41 20 37 27 27 26 23 24 20 39 37 21 23 32 35 40 33 28 29 35 21 23 24 29 9 24 17 27 41 35 32 18 23 17 36 21 36 24 25 35 23 41 32 28 32 24 25 28 27 28 44 28 29 28 31 22 18 36 35 43 22 38 5 32 33 35 38 5 33 46 38 26 17 43 33 35 23 7 36 21 16 37 34 13 24 25 4 33 11 19 30 32 25 33 29 33 30 32 37 21 28 24 38 38 31 36 24 26 32 33 27 29 39 28 12 32 31 24 36 23 23 36 31 24 24 40 35 26 43 25 29 36 38 21 29 31 30 27 22 28 37 34 32 37 13 38 26 44 31 24 27 17 23 35 29 32 32 44 16 36 32 27 25 32 35 26 32 34 31 33 37 26 29 30 34 34 25 23 34 36 21 28 31 34 29 26 31 30 34 28 33 34 29 48 27 27 24 41 18 32 28 29 31 39 30 33 25 30 17 31 38 32 32 21 38 27 27 25 28 26 25 27 20 30 28 30 42 33 24 20 16 30 26 25 30 28 30 14 37 32 32 29 31 44 31 32 32 33 39 12 29 19 38 43 26 30 24 28 33 34 17 33 18 35 27 27 30 31 37 29 18 36 23 34 36 33 32 42 32 41 18 23 33 44 37 27 28 30 30 29 35 0 30 42 34 34 22 25 22 31 27 32 26 32 39 27 37 28 42 23 36 24 29 38 29 31 30 32 24 34 29 19 32 19 37 30 28 20 19 31 32 27 41 27 12 30 38 21 30 14 33 33 28 26 49 36 30 31 23 29 39 31 28 26 37 27 38 35 29 28 18 21 33 36 53 27 39 34 28 29 21 26 35 27 28 43 22 39 40 29 30 33 35 23 26 39 33 27 37 33 31 33 18 27 19 39 33 35 23 27 27 36 42 33 21 29 34 33 31 36 17 31 18 34 36 33 35 26 40 24 28 28 29 36 38 27 30 32 27 27 31 41 28 33 18 31 16 27 26 39 26 37 30 39 14 22 25 27 25 31 26 28 31 19 8 20 
38 35 37 24 17 35 33 34 34 30 18 23 17 28 35 24 30 27 32 35 21 30 39 34 39 31 17 19 32 23 39 18 32 33 22 15 39 37 33 29 28 30 23 30 43 29 17 38 40 20 37 36 28 42 44 38 36 38 28 38 33 30 28 30 27 42 26 29 22 29 23 25 32 24 32 20 33 35 40 26 41 23 25 25 28 43 35 28 25 36 26 33 27 18 49 23 37 32 30 21 25 37 38 23 36 14 33 29 27 27 24 24 28 37 36 21 18 39 26 34 28 25 33 31 28 29 35 26 33 31 23 25 36 32 23 40 29 29 31 34 28 37 26 26 35 23 37 32 26 26 37 27 42 29 29 37 47 37 31 27 32 25 35 33 24 34 29 27 26 33 45 27 41 35 22 29 32 30 32 37 34 30 17 27 36 38 26 30 28 9 34 40 39 27 25 30 37 29 39 25 23 41 30 23 29 35 39 26 28 30 27 26 39 32 34 37 38 20 36 19 26 36 31 33 32 31 44 38 29 22 29 22 30 27 31 18 33 43 35 15 28 42 29 32 39 23 20 52 30 19 24 38 34 35 40 28 31 29 42 30 21 29 33 26 35 34 32 37 33 43 34 38 27 28 28 23 32 20 34 22 29 32 31 35 29 37 11 39 36 39 28 27 46 25 24 30 37 38 29 33 36 36 27 29 35 38 26 32 37 31 32 32 38 28 36 43 31 45 31 17 31 40 25 37 19 28 32 34 23 29 33 37 35 32 25 28 0 46 26 32 27 39 23 26 38 27 32 28 36 36 13 22 42 28 44 25 23 33 36 36 29 42 32 15 38 36 37 31 26 43 32 31 28 30 34 3 36 32 32 22 40 29 36 27 26 32 15 29 42 32 37 38 34 41 39 30 37 31 33 22 40 36 34 29 30 31 36 34 52 29 38 20 32 35 18 39 33 23 31 41 23 52 34 31 31 36 21 24 35 40 34 41 32 18 36 36 31 24 29 24 28 9 25 32 25 26 40 39 20 34 34 32 32 20 32 19 29 34 30 31 37 28 31 19 40 36 23 29 37 32 26 26 29 32 46 48 29 27 32 29 28 28 29 44 26 32 20 27 28 25 30 28 31 30 32 34 33 27 33 30 
9 22 33 36 31 31 37 26 39 28 37 39 35 25 38 32 40 35 16 33 23 29 16 32 34 42 38 34 36 30 22 42 41 28 26 39 33 35 31 23 37 47 30 23 32 31 38 32 47 29 39 41 25 44 49 16 38 35 45 27 41 32 27 37 40 38 38 36 34 16 36 31 37 35 34 33 18 26 23 22 34 16 36 34 15 47 30 30 33 24 29 31 28 32 47 29 39 39 30 20 22 44 47 41 39 40 34 29 29 35 26 30 26 26 39 35 33 37 31 33 25 32 29 21 33 38 23 28 32 41 29 34 39 14 34 32 32 38 29 37 33 36 41 38 34 35 42 37 36 36 35 33 32 34 31 38 44 31 32 34 27 28 34 28 35 40 23 45 30 43 43 29 48 34 30 32 40 33 30 40 36 39 24 32 32 38 24 37 24 41 37 24 40 29 33 28 36 35 26 29 33 43 32 34 22 33 41 35 33 34 34 35 40 32 37 35 8 28 41 28 26 31 38 45 26 26 44 37 30 27 20 27 31 23 22 27 34 43 28 28 32 37 23 32 30 30 32 50 18 33 25 38 33 42 37 33 34 24 43 27 28 25 27 31 33 33 20 28 28 27 42 37 36 34 21 23 23 27 39 25 17 39 35 29 32 24 37 37 23 45 41 34 41 27 27 31 42 41 29 34 29 28 25 41 34 36 21 37 39 32 29 35 33 16 30 41 24 40 34 26 30 29 46 35 22 16 26 48 41 27 32 35 33 27 42 35 32 0 27 26 14 44 38 40 32 33 42 36 42 27 37 31 47 24 46 28 26 47 34 23 20 43 41 33 41 28 28 34 41 42 34 25 26 36 31 24 48 28 17 31 31 27 34 29 32 37 32 36 34 39 27 29 23 40 45 30 28 30 42 35 43 32 21 27 18 10 27 40 53 28 42 37 25 28 30 21 36 30 30 48 25 36 41 30 40 33 30 27 26 44 34 43 35 29 27 25 29 28 33 40 35 35 23 29 27 15 43 35 32 30 40 35 36 30 28 19 27 31 35 28 38 32 40 33 39 27 28 39 28 19 33 33 28 30 41 47 40 34 37 34 16 27 31 40 30 32 33 31 39 38 28 22 22 29 41 40 31 28 24 20 
32 27 40 30 35 39 36 33 36 32 47 32 40 26 44 31 29 38 26 38 25 36 41 33 49 39 40 40 32 12 31 50 42 38 34 47 26 39 25 37 40 34 40 33 41 25 33 46 39 33 28 46 39 36 35 41 43 30 37 50 39 36 34 30 38 45 42 43 39 37 34 23 42 42 40 24 28 37 46 32 25 37 30 19 36 46 42 33 33 39 30 41 36 36 55 33 40 33 15 26 23 40 46 42 32 43 30 37 38 37 42 32 30 49 46 31 22 48 40 37 38 37 31 37 38 47 37 33 34 42 34 39 35 24 36 14 30 43 22 38 26 37 37 36 33 29 43 44 31 42 29 31 48 40 37 36 57 37 17 43 44 29 40 22 28 18 32 36 29 34 40 31 53 30 33 36 43 31 38 30 40 44 34 24 42 39 35 28 18 43 31 45 37 25 31 22 28 38 29 32 34 34 21 33 43 40 30 38 36 41 43 35 46 25 42 39 34 31 42 38 36 39 39 49 40 35 41 35 30 19 38 26 4 33 40 37 37 39 43 32 33 46 37 42 36 32 41 44 32 42 33 46 37 24 30 42 39 34 42 31 32 37 33 44 30 34 35 46 43 33 46 38 41 36 35 33 41 37 35 31 31 44 38 35 42 42 32 40 37 28 34 36 49 41 33 17 34 43 30 41 40 33 29 35 35 41 31 25 43 42 22 32 42 30 40 41 43 48 38 36 37 52 37 46 31 22 22 48 42 34 28 35 43 36 34 35 38 47 0 35 35 42 27 36 43 32 41 37 44 34 45 34 56 34 42 26 31 39 34 28 34 37 41 38 44 39 34 37 45 49 38 38 24 28 24 34 27 38 31 40 39 28 39 34 37 29 24 37 53 46 35 47 41 39 23 35 35 31 47 32 40 41 35 33 33 36 44 30 60 37 47 41 40 31 34 31 26 40 32 45 34 38 43 31 50 50 40 28 36 48 44 32 41 36 41 43 23 28 35 41 28 30 30 42 35 38 50 42 26 40 40 35 40 39 22 33 31 38 25 25 43 31 33 25 33 40 29 38 43 40 40 35 29 40 46 60 33 36 35 27 32 32 27 47 27 33 35 39 31 33 38 32 46 36 48 38 38 39 33 36 
42 37 46 35 32 42 13 44 35 36 43 37 31 32 51 33 50 34 33 36 35 29 41 39 46 38 42 41 42 41 41 48 45 40 32 46 34 43 32 25 41 41 35 33 45 35 39 34 46 29 38 42 27 48 42 33 34 33 46 49 38 37 35 29 33 49 33 38 29 31 34 34 52 37 28 34 35 21 56 35 45 31 28 42 30 52 42 31 36 31 30 40 22 27 41 26 36 40 30 11 29 40 51 48 34 39 35 38 23 28 43 32 34 47 50 36 32 39 32 38 40 38 37 10 34 30 40 33 32 37 35 26 39 31 32 21 36 30 22 43 37 41 40 39 34 34 48 45 35 35 36 28 21 43 20 28 46 32 27 39 38 29 40 30 38 43 38 40 36 33 50 38 53 40 38 30 43 22 33 35 37 31 29 35 45 43 38 41 28 40 41 43 38 35 22 29 30 24 32 35 42 33 31 39 11 46 40 39 26 35 39 40 35 24 40 43 41 36 42 38 39 32 16 37 28 27 43 38 38 30 34 29 39 31 36 37 33 54 42 36 31 33 25 44 29 37 27 46 35 37 28 39 29 46 45 37 42 36 42 30 39 32 40 33 37 33 27 37 35 44 32 42 28 35 17 38 37 32 40 38 34 45 41 44 36 45 31 39 35 39 35 41 42 32 34 24 45 41 28 40 25 43 33 38 41 45 33 30 42 34 37 28 45 33 31 43 27 47 43 36 35 51 47 37 38 27 37 43 46 34 39 45 42 28 45 32 31 34 35 0 29 40 37 22 34 36 32 26 46 16 44 39 48 37 47 17 33 42 41 38 28 44 39 38 36 23 35 39 36 41 38 27 33 17 39 34 43 37 19 23 44 28 43 34 37 40 35 36 43 41 40 38 41 40 43 35 17 35 34 36 40 43 36 16 25 28 38 35 42 34 43 38 46 36 25 29 31 32 30 45 27 53 38 39 48 35 40 34 15 46 47 42 38 37 35 39 30 31 34 46 27 29 30 30 30 42 54 46 31 43 31 26 38 40 32 34 35 29 32 36 32 37 40 28 40 42 39 29 41 34 35 40 37 39 45 52 43 31 33 32 23 30 32 53 36 27 41 45 36 32 37 37 43 34 36 29 38 23 36 9 
18 8 40 27 27 17 25 24 28 27 26 30 24 31 36 24 26 27 29 28 9 26 15 19 32 31 34 33 33 27 12 28 27 30 12 37 29 34 18 22 23 37 28 9 21 18 24 31 40 29 31 31 24 34 35 23 26 28 35 33 33 30 19 23 30 35 26 30 22 2 26 21 28 31 20 29 24 18 32 30 20 2 23 20 1 40 16 23 20 30 22 23 23 29 36 28 31 36 31 6 28 33 40 34 25 33 25 32 15 22 25 17 25 35 40 25 31 39 18 33 11 26 29 18 23 24 35 24 24 27 23 20 25 27 36 18 25 24 15 33 19 29 30 28 28 26 32 27 24 27 22 23 29 37 29 29 43 17 29 32 13 21 20 27 35 35 9 31 23 34 37 15 42 20 17 19 32 31 25 28 33 25 22 24 26 31 29 23 24 33 29 38 30 15 29 25 24 32 24 27 27 32 30 20 20 30 31 21 19 25 32 33 28 18 26 34 17 20 32 14 27 24 28 31 25 19 30 23 19 25 25 13 23 23 27 13 27 30 26 20 26 23 22 31 22 30 20 40 28 19 20 28 19 39 23 19 20 26 35 25 28 31 36 27 29 27 28 33 14 38 36 24 22 23 20 24 25 25 25 28 25 33 32 36 29 32 25 29 9 33 29 34 34 25 26 21 34 36 21 28 28 35 24 28 36 22 25 23 25 31 15 22 19 31 20 34 22 26 20 12 30 35 32 37 29 2 13 34 28 27 19 34 25 20 32 22 24 36 26 12 0 32 32 30 31 25 33 23 40 20 37 17 37 32 32 26 21 36 21 9 19 39 27 32 31 20 20 21 38 29 31 24 28 26 17 27 35 33 16 17 29 24 22 25 32 27 22 30 37 38 35 34 22 34 32 30 21 23 28 29 33 18 7 25 26 19 31 28 42 14 28 23 27 14 22 34 24 30 22 38 24 47 28 24 26 19 16 23 23 31 35 33 23 41 19 17 26 15 22 28 21 23 25 15 22 24 44 25 23 35 35 30 23 16 28 20 26 37 21 14 24 25 35 22 26 13 14 30 34 5 32 33 22 32 39 40 39 21 33 20 24 25 17 45 16 22 21 23 29 26 30 28 31 29 36 29 33 20 10 17 
39 39 46 41 44 48 43 39 40 32 41 29 27 37 41 37 46 39 37 46 41 31 38 40 49 36 40 27 38 18 43 50 41 42 37 47 42 39 32 41 37 48 44 41 49 35 39 50 50 36 43 44 43 42 42 44 44 41 34 54 41 35 38 43 39 46 45 45 32 35 35 20 39 45 38 31 39 31 53 42 46 39 33 48 34 47 42 36 39 37 35 45 30 34 61 41 38 44 43 23 41 46 52 46 38 37 28 49 33 47 48 28 30 47 46 27 38 46 42 41 43 30 44 42 36 44 43 36 32 41 27 30 32 35 41 45 32 34 28 39 23 32 36 41 44 40 44 41 44 39 36 43 49 48 47 43 54 40 35 46 45 39 43 28 35 42 39 41 40 40 46 34 59 45 32 36 49 35 43 31 39 35 39 30 43 34 32 47 31 53 34 43 34 22 37 33 46 35 34 37 31 35 39 43 45 38 45 35 22 40 48 32 44 44 42 39 47 37 41 42 42 42 26 50 44 37 45 41 31 25 33 32 35 30 35 41 34 48 43 38 36 43 41 39 42 18 39 51 28 38 27 47 40 30 49 44 45 44 48 40 16 45 44 44 41 44 41 41 43 46 49 33 32 37 39 30 36 42 36 28 37 37 43 48 29 50 43 41 35 34 46 22 52 35 27 42 38 41 28 44 35 42 29 35 38 40 41 26 49 31 41 29 52 36 41 48 37 50 37 40 38 56 47 44 41 30 39 53 37 34 36 48 46 38 31 23 44 56 31 36 37 0 43 32 50 37 45 27 31 43 45 31 52 38 39 32 28 52 44 40 38 48 40 41 46 33 46 40 43 51 37 35 38 25 43 37 42 42 35 42 36 38 48 37 36 35 21 40 47 48 44 42 41 50 47 38 44 26 43 32 46 51 40 43 39 43 47 29 59 43 37 45 51 45 35 37 27 39 30 51 33 55 29 28 50 49 44 39 47 45 50 39 35 45 45 43 34 34 41 44 41 43 35 40 22 44 50 51 37 44 45 40 37 36 35 29 31 40 40 44 40 42 42 38 40 45 33 42 43 38 42 21 26 44 54 55 40 22 34 24 37 35 24 44 28 39 36 42 30 36 42 34 48 37 46 42 43 33 31 41 
29 35 38 30 33 40 26 34 33 16 43 39 41 30 46 32 44 23 26 37 26 29 25 24 41 30 42 41 46 27 39 34 43 33 34 31 24 23 25 31 39 46 29 35 46 25 33 40 52 28 36 43 33 50 49 41 38 23 44 39 39 20 33 27 36 36 38 37 34 29 37 34 46 37 36 25 28 21 43 27 36 29 30 34 28 43 38 33 38 29 31 32 33 26 48 29 35 33 29 27 27 40 43 47 39 39 30 37 36 33 35 30 14 40 34 35 23 33 40 39 38 37 39 26 35 35 41 28 37 40 34 31 36 24 35 29 30 35 34 38 37 40 46 40 32 29 43 39 35 34 29 32 37 33 37 32 48 42 25 33 36 30 41 36 34 33 36 37 29 32 39 32 47 38 27 20 44 21 34 35 24 36 23 35 42 42 37 39 18 43 27 46 28 29 21 22 36 40 36 39 33 46 29 30 37 44 38 37 39 35 32 42 35 39 35 23 34 34 35 35 31 35 29 40 34 35 48 33 32 30 35 35 19 17 37 39 39 54 35 32 33 46 31 42 32 32 32 51 36 39 30 42 37 39 43 36 44 29 45 32 32 30 33 28 30 31 25 43 27 37 43 40 33 37 29 33 28 26 40 34 35 44 45 39 36 43 29 25 36 43 34 36 42 27 35 32 45 44 33 36 15 33 13 38 39 37 26 40 50 28 36 36 43 34 32 41 27 48 38 38 36 41 41 31 29 27 37 47 44 32 29 32 34 36 41 30 34 47 15 39 27 42 0 40 40 21 31 40 41 32 29 33 56 29 46 16 35 42 42 36 29 37 41 39 36 23 37 34 35 45 22 29 31 27 38 28 42 33 25 28 43 27 35 29 38 39 31 32 48 40 39 40 25 38 38 36 33 34 39 40 43 31 34 34 23 30 37 30 58 40 43 36 41 35 25 31 40 31 35 48 27 46 37 30 49 46 37 32 31 41 29 40 43 39 36 39 23 33 44 40 25 27 28 38 31 35 38 38 26 29 30 25 36 37 22 30 15 42 35 38 39 31 45 28 33 36 28 28 42 32 34 35 28 31 43 53 39 30 35 38 21 34 31 45 31 38 26 45 31 28 29 32 46 35 39 28 36 23 29 25 
41 42 43 43 40 51 28 45 37 39 38 32 36 41 45 34 47 40 35 41 42 32 48 47 54 24 38 39 44 40 46 53 47 46 43 45 42 46 38 42 43 54 45 44 49 38 36 53 50 30 40 46 42 55 44 49 46 41 39 57 50 40 23 38 44 46 39 35 32 37 40 32 51 39 43 41 37 36 55 32 40 37 39 37 36 43 50 39 36 40 36 45 35 35 61 38 48 46 42 24 38 43 47 43 39 34 42 48 38 42 54 21 37 54 49 44 39 44 46 39 39 30 41 23 39 44 43 36 43 43 27 40 44 33 29 34 39 44 36 47 35 49 27 37 43 42 40 47 32 43 42 36 34 43 34 45 42 45 35 49 47 44 41 49 44 49 44 51 30 45 47 41 46 36 17 43 36 34 38 40 40 36 42 27 42 51 35 43 31 53 42 48 22 34 31 35 46 40 34 37 43 44 39 33 35 50 42 46 31 25 44 35 47 33 49 46 47 24 29 39 36 39 31 46 47 42 48 44 28 28 40 29 35 30 42 38 46 49 48 35 42 48 44 33 43 40 33 58 36 44 41 46 45 48 56 34 42 42 49 43 38 41 46 41 36 42 36 48 47 46 32 41 42 36 25 24 43 45 41 32 37 37 43 48 44 45 40 48 44 52 47 44 57 35 34 37 37 48 39 44 33 46 36 47 40 49 39 35 43 46 49 41 54 36 44 54 39 57 48 37 36 59 44 44 39 37 43 54 44 30 40 47 47 35 43 40 44 47 31 45 35 48 40 0 49 33 44 46 53 29 52 42 55 34 51 29 33 37 42 43 34 47 47 39 51 38 41 35 44 50 38 23 29 30 51 41 54 38 40 37 48 37 48 37 38 32 33 45 52 38 45 49 44 49 38 36 30 43 48 41 47 46 42 40 34 43 47 40 55 46 33 48 51 31 37 40 36 40 41 52 34 55 46 30 51 48 41 43 28 41 44 44 40 48 40 44 36 31 35 43 36 38 26 43 37 44 53 51 39 40 40 38 33 41 35 20 38 24 25 43 45 28 46 43 46 48 18 41 42 40 32 43 38 44 54 56 43 39 41 32 32 38 36 50 40 40 40 50 37 41 42 37 48 38 14 41 34 35 44 35 
29 29 28 18 27 35 26 25 38 21 27 23 25 30 37 25 41 28 25 28 26 27 16 29 36 31 35 33 37 24 33 39 34 24 33 16 30 28 24 23 30 35 26 34 39 24 18 32 43 29 36 34 25 31 40 20 27 29 36 44 23 20 20 32 24 37 36 31 25 3 28 22 37 38 21 25 25 19 43 17 30 33 29 34 24 39 17 27 28 30 23 27 13 30 43 26 32 32 34 11 30 33 42 36 27 34 26 21 16 34 26 18 19 40 34 27 23 32 19 30 33 23 24 23 26 32 29 29 25 28 20 20 32 23 36 19 26 24 5 35 25 30 34 31 32 17 36 34 36 36 28 26 18 29 30 18 44 19 25 30 36 22 29 25 30 38 10 37 25 37 21 28 43 13 25 25 33 26 25 29 24 25 20 25 27 32 17 33 17 39 30 38 29 24 26 21 26 37 32 35 26 33 29 30 21 32 38 28 20 30 30 26 29 34 31 28 33 21 33 33 21 25 29 34 26 20 36 25 30 23 13 27 24 16 15 32 27 31 30 28 30 24 23 32 30 24 30 42 24 29 21 32 26 35 37 20 34 20 11 33 22 27 27 31 29 34 29 21 1 36 23 24 22 27 21 23 16 23 18 24 23 30 33 38 30 42 27 30 10 34 18 28 35 28 26 22 35 36 22 29 29 26 18 19 33 32 28 24 34 25 34 29 20 22 27 34 25 27 23 31 27 44 26 30 26 25 14 33 28 29 20 32 29 21 33 23 32 31 20 13 31 35 28 32 0 21 36 32 37 7 34 24 41 19 41 21 25 23 30 30 20 36 34 27 23 21 28 26 39 34 22 25 28 27 36 25 26 23 17 33 38 28 30 25 26 23 23 37 37 35 24 22 23 37 42 24 8 24 42 28 23 31 8 26 27 25 32 29 33 32 30 25 28 28 19 30 25 26 23 28 25 45 29 23 40 26 29 32 28 22 29 39 32 38 27 18 22 23 26 45 30 25 25 23 23 35 38 33 14 25 35 30 34 31 21 19 20 28 22 30 23 24 37 9 32 14 15 33 27 6 29 27 21 26 47 40 35 22 34 23 25 25 26 35 30 27 22 24 30 33 24 28 36 26 33 33 33 21 17 22 
37 42 46 46 44 46 43 53 32 40 48 41 42 43 52 39 54 49 36 39 34 30 37 46 45 50 42 48 45 42 46 47 51 48 42 44 45 36 35 32 49 49 46 45 47 41 46 41 49 35 36 40 34 50 53 34 43 44 48 51 37 28 44 26 44 56 48 42 44 41 40 35 54 44 37 33 38 22 51 35 44 41 38 45 40 53 20 37 43 40 38 51 36 33 67 42 42 43 45 31 40 41 56 48 46 48 40 40 42 33 46 41 38 48 48 43 31 52 47 40 39 40 49 37 32 45 39 41 28 48 40 41 46 34 45 48 46 43 37 45 38 33 51 37 31 45 50 53 45 41 39 40 40 44 35 42 53 31 33 51 47 38 42 37 42 48 43 45 39 48 39 40 63 46 40 48 52 37 43 36 32 46 45 36 44 35 42 42 34 43 46 49 49 37 37 32 42 49 35 38 46 50 35 38 44 29 38 48 40 36 11 44 36 44 47 47 50 43 48 43 39 36 46 41 35 45 55 37 24 31 38 38 34 36 40 42 37 49 39 42 41 46 32 44 33 40 42 56 41 47 33 43 30 44 49 43 48 44 40 43 41 41 43 40 45 30 38 44 42 37 53 34 43 30 30 35 20 48 42 39 47 47 33 39 37 54 46 49 31 48 37 44 47 45 41 47 46 52 39 44 36 46 43 39 50 52 41 41 37 39 41 32 42 46 31 56 28 47 46 41 37 53 45 50 40 28 44 36 38 37 49 50 53 41 46 38 35 52 39 41 39 50 36 48 41 0 42 51 53 37 42 44 55 37 54 32 40 43 43 43 39 47 49 40 37 24 46 46 42 50 30 34 38 40 43 38 46 38 26 38 27 31 47 42 39 41 36 51 58 47 47 45 17 37 42 37 38 27 49 34 42 44 46 31 36 34 47 38 63 41 42 37 48 39 26 41 33 38 26 47 28 46 46 43 46 29 43 45 42 53 47 40 45 40 46 21 33 40 29 49 47 44 37 39 35 43 52 50 42 43 39 34 45 44 38 31 39 50 48 38 43 38 55 29 43 42 41 44 43 44 41 43 41 43 51 54 47 39 43 39 40 42 39 53 40 38 37 27 39 50 48 40 47 36 40 44 45 24 21 36 
36 48 41 41 39 40 42 30 47 33 33 38 34 44 50 41 43 40 37 36 34 34 41 41 30 44 43 44 40 38 49 44 41 46 44 35 45 36 36 36 42 53 46 35 51 36 37 38 53 39 44 44 38 56 51 34 34 44 24 54 41 28 36 44 45 49 39 38 35 37 42 33 51 45 28 26 39 26 50 30 45 42 40 46 36 52 42 39 37 43 33 39 44 37 55 46 44 42 38 35 41 45 19 49 47 40 37 44 48 34 45 35 31 45 47 43 31 44 41 42 43 37 41 40 36 36 43 39 32 29 34 32 20 35 38 45 41 36 42 47 36 51 43 41 33 40 49 33 41 34 40 40 44 42 40 42 56 47 33 50 36 32 27 25 43 42 44 8 40 41 46 34 49 43 32 37 46 38 33 38 32 37 40 34 36 53 29 46 29 35 34 41 45 35 38 33 44 25 45 47 28 42 37 38 44 49 46 40 29 35 49 41 40 43 40 40 35 37 44 40 34 32 45 43 39 46 55 45 38 29 25 30 35 28 27 39 47 43 24 37 41 35 36 47 24 38 33 53 39 36 43 39 30 50 51 43 42 42 44 46 36 44 44 44 41 41 39 33 37 48 55 49 34 34 34 38 28 43 40 37 44 44 53 43 41 51 37 41 35 53 41 42 49 38 37 45 38 39 34 42 42 44 30 43 47 44 39 33 41 43 45 42 51 43 37 50 32 53 46 38 39 56 45 42 40 32 26 51 49 42 32 45 41 28 21 37 26 27 31 43 40 49 36 48 45 38 0 37 45 41 39 43 47 32 52 33 36 47 28 49 29 48 32 36 41 28 37 40 46 36 30 38 35 38 47 29 49 36 30 29 47 35 32 40 37 39 34 49 42 47 36 34 42 39 44 39 42 45 40 38 49 44 42 36 37 37 45 38 67 40 48 46 21 40 30 31 31 38 30 22 32 57 49 35 50 33 42 46 41 52 42 44 30 39 36 25 34 32 33 50 42 35 41 30 36 42 51 31 37 38 43 38 49 33 33 35 32 30 40 38 46 37 52 33 44 48 33 37 45 40 41 41 33 38 36 47 48 42 43 37 35 37 37 48 40 28 42 31 39 45 36 43 18 38 44 41 49 28 29 39 
38 31 40 34 32 36 32 30 39 39 35 34 36 26 42 29 41 19 24 29 32 30 33 33 34 21 37 36 41 35 35 42 28 25 34 39 41 40 26 21 34 37 33 32 39 29 33 40 32 27 36 29 41 49 42 42 28 40 36 47 40 32 29 38 26 49 18 25 14 25 22 27 44 36 40 23 29 37 47 29 40 25 30 36 24 45 39 33 37 25 30 25 29 33 41 33 36 34 32 23 23 33 39 40 40 31 31 37 35 29 43 6 37 49 46 31 30 45 33 37 28 36 41 22 21 31 40 18 34 30 33 27 37 25 26 33 21 31 23 38 30 37 42 26 29 33 42 38 28 41 30 33 33 41 21 29 39 39 34 37 32 32 42 36 36 41 32 35 30 46 44 23 48 39 23 39 42 22 28 37 33 32 27 28 32 39 37 34 22 44 35 46 19 29 21 23 36 36 31 34 30 49 29 39 25 43 38 32 37 27 37 37 37 35 40 31 38 30 26 36 33 38 35 38 34 33 44 39 30 23 33 30 41 29 35 35 41 50 28 32 33 44 31 37 38 35 12 45 33 11 26 44 38 44 44 24 37 21 43 28 33 26 34 38 34 28 21 33 33 35 36 38 29 21 29 30 34 30 43 29 34 25 38 37 31 35 37 47 32 45 35 39 40 17 31 24 36 45 31 41 37 37 38 40 35 30 18 40 28 30 38 36 40 33 34 45 29 39 41 34 34 49 41 43 23 25 36 26 42 28 25 39 27 34 36 30 39 46 37 35 23 48 35 36 40 29 31 0 48 28 37 28 54 31 41 30 26 44 35 32 32 38 38 40 45 38 36 24 42 35 31 20 27 27 39 32 44 28 33 24 41 22 28 19 39 33 26 37 44 28 35 33 40 34 40 37 29 31 35 39 41 41 30 30 19 23 44 36 54 37 36 42 39 30 34 32 41 19 33 46 22 44 27 27 35 42 38 28 27 52 41 40 37 38 36 40 24 32 20 40 36 37 24 32 28 41 41 31 30 37 30 39 44 31 26 26 23 39 31 28 32 30 41 30 34 28 24 42 40 28 22 38 25 24 49 46 37 29 41 31 17 32 29 40 30 34 35 45 37 33 22 31 36 36 31 29 32 25 33 21 
37 35 33 36 30 40 23 35 23 32 27 36 34 30 33 20 40 32 33 22 31 34 41 37 42 14 37 28 34 30 39 38 37 30 31 44 36 36 34 30 37 43 35 29 30 34 26 37 45 32 34 36 32 41 38 39 35 35 29 32 34 28 22 17 38 43 31 16 27 29 34 27 46 40 35 30 20 31 28 22 35 29 27 34 28 45 43 30 33 29 19 33 33 32 49 30 34 41 35 27 27 24 44 32 34 23 26 38 33 24 38 25 30 42 39 25 28 43 35 36 29 28 38 26 28 35 33 31 25 41 25 31 32 33 19 37 27 35 23 41 30 30 43 27 22 35 42 41 22 34 38 26 32 34 25 42 51 35 31 40 36 18 34 35 34 42 35 33 28 21 44 29 45 43 21 35 32 27 19 30 32 36 34 28 23 32 33 25 27 39 34 38 41 29 21 31 30 30 24 27 30 40 27 37 16 34 36 35 30 29 34 38 28 37 37 39 37 23 19 28 26 41 26 42 33 37 41 39 27 23 30 28 35 27 32 27 34 37 36 24 30 37 30 35 31 30 25 39 23 33 30 29 35 42 49 15 38 26 35 32 28 30 42 38 38 21 25 38 37 39 45 22 33 37 28 26 25 37 44 20 27 35 33 41 37 26 35 41 36 39 38 34 38 30 22 37 36 36 29 34 29 42 34 42 36 35 23 34 45 39 41 29 33 26 25 49 20 39 35 26 33 34 34 41 36 24 28 43 26 28 31 37 35 38 38 21 30 43 31 38 27 42 28 30 39 23 37 31 0 32 42 31 47 24 35 22 21 40 35 36 30 39 37 32 36 33 29 34 41 42 30 32 30 27 43 29 39 19 24 28 32 32 36 32 35 30 28 38 48 19 39 39 34 28 33 33 33 24 39 31 33 20 34 21 23 31 37 33 58 39 6 39 36 33 27 39 35 32 31 38 20 48 27 27 40 38 30 32 31 33 34 38 30 42 34 30 32 28 37 33 40 33 28 33 30 34 43 39 32 30 21 31 25 30 31 22 31 35 29 27 37 30 40 34 36 33 22 34 39 32 13 33 25 32 44 53 39 20 35 31 21 28 20 40 24 29 29 36 31 34 30 24 33 32 41 32 36 16 26 25 
36 35 36 33 35 33 34 36 36 36 34 41 28 30 40 34 42 37 29 25 32 32 31 37 41 24 41 30 41 37 39 43 33 37 28 40 26 35 28 28 29 44 19 27 32 28 36 40 45 30 41 42 33 46 44 39 23 25 30 37 31 27 32 30 17 41 37 27 34 18 25 37 41 37 17 31 31 27 45 32 35 29 33 38 17 44 32 23 29 29 19 35 6 29 51 19 42 36 36 25 27 35 46 33 39 30 30 39 12 34 28 30 34 43 42 29 29 36 21 26 38 32 29 26 34 36 24 28 33 21 29 13 32 27 29 34 28 17 28 31 34 34 37 36 25 30 38 30 32 35 32 34 34 27 26 35 41 16 31 23 29 18 28 33 28 34 25 43 29 39 36 30 37 36 32 35 32 28 22 33 30 18 13 28 38 36 32 36 21 34 34 35 22 24 28 25 41 31 34 37 34 39 35 26 36 40 43 27 26 26 23 44 41 29 32 36 35 31 29 32 36 21 37 43 34 16 42 22 29 33 31 29 35 20 30 31 36 45 35 25 26 39 31 28 27 36 33 42 19 32 17 28 35 43 41 35 35 33 43 32 35 30 36 39 24 31 25 39 30 38 16 30 15 24 29 24 28 16 30 31 18 39 43 40 26 43 32 44 25 47 36 34 31 27 23 34 38 37 33 37 37 36 33 37 39 40 33 30 31 28 33 31 35 17 36 27 33 42 36 30 23 39 43 34 30 29 29 46 34 26 31 36 37 17 35 25 25 47 31 28 27 41 30 33 37 33 38 38 42 0 38 23 37 27 41 23 30 44 29 32 30 40 33 26 42 29 25 34 38 30 28 23 29 34 35 28 44 30 25 29 38 25 38 29 25 29 36 39 30 39 39 40 30 31 39 23 1 28 38 33 41 45 23 22 23 33 40 34 26 39 27 22 32 32 31 23 21 30 31 46 33 47 31 31 44 34 34 32 31 37 44 38 31 31 24 26 26 24 23 41 28 30 26 19 19 42 46 41 29 28 32 32 29 34 25 20 28 36 37 30 16 29 45 30 36 29 30 35 29 21 33 33 29 34 46 41 30 24 36 16 21 18 26 45 30 39 30 32 32 35 32 35 29 22 32 30 34 29 26 25 
26 27 30 11 29 31 27 21 21 17 21 10 22 15 22 20 34 24 22 28 23 18 26 21 34 23 32 18 30 10 31 5 22 20 9 2 29 24 21 23 18 27 21 31 34 16 4 39 36 16 32 32 31 34 31 25 31 28 15 40 21 17 26 28 14 35 25 29 21 20 10 12 19 25 25 22 24 22 40 24 28 28 24 28 19 37 33 20 17 23 22 29 14 21 45 21 30 19 27 15 12 26 42 18 30 17 20 19 20 30 36 20 15 31 41 19 20 30 26 25 27 22 28 27 24 24 22 25 24 18 19 20 24 20 28 30 16 24 20 27 15 24 31 25 22 10 24 22 31 23 25 29 36 31 28 29 41 24 22 25 27 23 22 20 22 30 27 33 25 30 36 18 39 34 22 16 33 21 25 30 21 20 15 14 32 26 13 27 15 36 24 27 26 14 21 18 32 16 26 29 23 34 25 27 30 30 34 16 25 26 25 13 36 25 26 24 31 21 28 22 28 24 18 20 34 21 31 25 23 9 16 10 17 14 18 21 20 35 32 18 20 35 32 19 29 10 19 43 17 27 11 28 21 22 30 29 23 28 32 26 8 16 20 24 22 23 24 24 28 33 29 25 17 18 30 10 19 18 30 9 16 29 35 32 16 30 30 26 27 26 16 14 36 24 11 23 24 25 20 31 27 30 14 27 24 32 25 28 27 18 22 19 35 15 30 32 24 34 29 20 22 42 12 28 24 22 22 42 29 16 20 32 31 20 12 15 27 40 16 30 26 29 25 24 35 22 29 18 23 23 0 12 36 21 31 16 10 37 23 28 19 33 22 20 25 24 27 24 30 31 19 25 15 17 24 18 34 25 26 25 28 17 32 18 19 19 2 27 37 35 24 25 26 28 35 17 24 18 35 27 30 23 25 27 22 27 34 21 39 16 29 7 35 25 5 27 21 26 22 35 20 42 21 20 34 31 24 17 31 28 36 31 19 33 26 28 19 12 19 11 26 28 12 27 13 29 45 35 7 27 28 23 20 24 19 6 16 21 30 34 24 22 18 23 29 23 23 26 28 23 29 13 18 28 44 42 27 14 26 16 22 25 16 36 20 25 23 34 22 24 26 15 32 24 19 28 20 24 20 26 
23 24 29 10 25 29 22 20 24 21 28 31 18 19 35 16 31 24 12 29 17 23 30 26 32 28 29 29 27 20 28 33 10 24 20 30 27 22 11 26 6 36 20 21 37 24 32 27 37 12 20 34 28 35 35 27 27 26 30 41 32 14 14 18 23 31 23 26 19 18 26 22 32 21 21 16 14 26 37 18 27 18 16 21 17 32 31 19 28 18 20 27 22 22 43 20 34 19 25 12 16 25 32 33 24 24 16 25 28 25 31 19 19 34 35 23 14 32 26 29 26 21 27 25 26 32 21 21 29 25 18 19 22 10 28 34 26 23 25 31 20 15 25 24 14 9 15 10 19 28 15 23 36 30 23 22 44 32 19 24 25 21 21 30 20 34 25 23 15 35 24 23 37 31 26 25 27 26 26 22 18 24 14 27 26 17 17 26 17 28 12 36 31 15 26 8 20 31 17 20 22 35 13 24 32 27 22 4 22 28 24 34 34 13 22 28 29 15 22 25 22 20 25 38 29 21 33 36 20 25 13 21 24 16 15 24 19 31 26 15 19 29 28 30 17 20 17 36 16 30 22 16 23 28 18 31 34 20 36 21 18 14 19 23 26 13 14 21 26 23 31 16 21 6 26 21 16 17 29 22 15 28 26 25 21 30 20 30 25 29 34 24 30 21 24 22 37 38 25 29 18 32 18 28 28 31 17 26 38 23 10 14 25 14 26 37 32 32 30 23 26 43 23 30 12 18 19 37 20 21 25 31 29 22 33 24 19 41 20 28 16 26 19 28 35 20 34 30 33 25 28 0 42 20 32 21 21 35 22 25 7 23 10 19 24 28 15 26 31 30 16 28 12 26 12 20 35 24 22 25 25 7 30 17 18 25 23 25 26 35 24 22 30 20 25 16 26 9 36 23 34 32 23 25 12 25 32 24 48 30 37 28 23 15 23 17 20 26 27 39 20 32 31 19 37 19 27 21 24 39 30 24 24 25 14 28 9 23 30 25 16 18 17 23 14 27 39 33 6 26 27 22 31 27 18 17 20 28 34 24 25 17 32 33 19 27 27 31 31 21 29 23 17 26 34 40 25 24 29 21 22 24 17 33 17 28 19 34 25 21 24 18 20 25 35 33 23 28 17 24 
20 23 30 33 33 40 29 32 9 28 39 38 26 35 37 22 35 26 24 35 30 20 27 36 36 32 38 31 35 28 27 43 31 33 35 41 22 35 32 30 27 42 23 32 43 32 35 42 34 18 35 31 35 27 42 27 21 21 41 38 41 31 23 3 24 46 27 34 23 25 20 33 48 27 30 23 29 33 34 27 21 25 37 25 24 39 37 27 35 34 24 34 23 23 50 31 36 40 34 29 32 33 42 35 29 39 25 37 29 10 37 26 26 37 38 20 27 39 36 27 34 30 29 31 29 31 34 18 35 28 27 30 31 25 35 33 30 34 30 34 24 36 12 34 8 32 36 31 37 31 36 34 28 20 30 28 41 29 24 33 36 33 32 38 21 37 24 32 30 38 31 16 41 21 23 32 36 33 32 16 28 30 25 33 41 38 26 24 25 37 27 35 35 34 30 29 35 42 25 28 35 30 28 34 32 36 37 27 21 31 35 41 28 32 41 33 19 24 32 29 31 35 32 34 36 31 37 31 34 29 22 35 23 25 24 28 40 37 30 24 28 23 33 21 26 22 21 51 29 34 31 24 35 39 41 31 36 30 21 37 33 35 35 29 24 7 30 30 30 34 31 26 27 29 31 12 25 28 26 32 28 37 34 36 34 35 34 29 30 43 39 26 24 26 31 24 42 41 31 31 35 35 25 40 40 37 27 21 45 32 33 35 19 27 36 48 35 26 28 27 24 40 39 37 32 25 28 43 30 14 27 34 36 32 38 24 28 11 19 27 23 32 32 25 37 31 37 33 42 36 41 32 0 29 43 28 28 41 33 24 16 41 31 30 43 35 24 22 32 28 26 32 17 33 35 31 25 33 27 32 34 30 34 19 29 29 34 34 35 37 33 31 34 14 19 27 37 30 36 31 19 40 30 37 28 21 29 20 55 37 39 35 27 19 32 32 22 28 33 24 22 43 33 32 37 40 31 24 36 26 39 30 35 37 23 36 30 32 37 43 31 32 14 32 33 26 35 37 29 35 39 37 18 31 21 8 25 36 31 31 33 24 46 30 40 36 24 34 30 28 31 25 30 33 30 39 26 26 25 25 26 25 28 36 32 15 29 35 21 30 31 17 28 26 39 37 22 32 26 30 
22 25 9 31 8 29 17 21 26 20 36 33 25 30 18 21 35 27 27 30 19 21 27 28 40 30 27 14 23 28 29 32 36 23 24 29 28 21 26 25 32 28 33 33 38 26 29 30 39 19 29 36 27 35 33 32 32 31 35 25 33 13 12 27 33 31 28 24 21 25 29 30 35 28 32 18 28 25 36 20 13 26 20 26 24 32 32 20 25 18 20 35 23 24 51 27 37 32 23 15 27 32 35 33 28 32 27 22 27 31 35 10 18 27 37 12 16 23 31 23 35 19 30 25 28 33 35 22 31 26 16 28 28 25 30 33 12 30 25 17 22 38 30 33 30 30 29 36 32 19 30 25 33 10 23 36 46 33 18 33 25 19 25 30 11 20 32 24 19 26 36 14 35 31 6 24 25 23 27 28 17 25 27 16 31 40 33 16 19 27 31 23 32 18 23 23 29 36 17 16 30 33 22 22 24 34 31 38 20 14 32 30 30 22 22 27 35 13 31 23 24 35 20 24 28 31 35 38 17 28 29 18 23 32 31 34 20 38 34 31 23 25 25 22 33 25 22 36 29 28 30 42 28 29 34 23 31 30 29 21 26 30 34 28 25 31 14 37 26 38 32 30 30 25 23 13 26 30 30 5 29 26 22 28 18 34 29 29 32 29 28 28 35 21 7 28 26 21 27 10 31 34 17 29 29 36 27 24 32 20 30 15 36 28 33 42 28 30 22 33 20 27 37 21 27 26 32 39 33 19 16 33 37 32 32 23 18 37 19 34 24 35 21 17 34 25 25 25 41 17 27 34 32 0 35 18 6 33 26 26 23 21 34 23 40 27 31 20 33 34 15 27 18 21 28 14 35 4 19 26 32 26 34 23 22 21 29 26 41 27 34 38 25 36 25 20 18 32 28 30 27 34 30 23 23 28 13 23 43 34 22 29 31 20 29 32 25 27 29 32 23 47 35 27 42 41 25 16 30 31 32 33 15 29 30 33 24 20 24 38 25 27 15 34 26 23 41 33 27 6 29 27 36 25 23 9 19 26 14 32 26 17 34 19 34 26 7 22 26 28 21 27 25 30 40 45 16 28 28 23 21 15 20 38 24 31 24 27 24 22 32 32 34 19 31 30 23 24 27 24 
33 30 39 36 27 39 25 32 25 23 37 36 31 33 47 35 37 21 26 28 29 27 29 30 36 25 25 33 13 25 34 42 40 27 34 39 29 36 31 23 36 39 35 31 40 29 19 42 34 31 33 31 36 43 3 42 26 28 40 49 32 28 29 19 28 34 20 30 16 24 24 27 44 40 20 25 34 28 45 33 37 24 36 41 23 40 30 26 34 32 22 27 23 30 43 33 38 34 39 23 30 38 41 42 19 33 33 34 15 26 39 28 34 46 31 7 26 39 24 18 27 16 41 22 23 33 40 20 23 32 32 29 37 30 30 30 23 33 25 34 30 37 26 25 24 33 44 40 20 38 35 33 33 39 23 30 35 33 28 39 35 21 31 34 35 37 9 32 35 41 39 25 46 35 25 38 35 31 25 32 32 34 29 30 39 39 32 39 24 33 35 38 34 27 23 28 15 36 31 34 25 42 31 38 23 29 35 34 29 29 32 39 35 14 41 33 38 30 26 36 37 24 28 35 36 19 6 37 22 25 35 32 34 23 30 35 39 46 30 31 27 39 33 34 22 25 14 31 28 30 20 31 38 37 19 31 36 23 37 28 23 33 37 40 36 23 28 35 34 37 35 31 31 27 29 25 31 32 33 34 34 23 40 39 29 31 21 39 23 14 31 29 34 19 26 26 40 40 29 30 37 39 33 34 26 32 20 33 34 31 11 34 35 33 32 45 33 41 17 34 26 51 27 37 25 21 35 29 31 25 27 39 29 20 38 28 24 45 32 12 22 33 28 12 42 21 33 33 38 26 37 30 40 30 0 26 19 46 23 31 32 41 33 29 42 29 20 26 34 33 30 16 30 29 13 27 41 33 28 26 27 28 30 21 28 35 28 26 46 35 36 22 36 30 35 26 27 31 12 17 35 38 29 25 26 25 33 31 52 25 38 35 37 35 20 37 24 26 31 40 24 46 34 22 37 39 38 34 25 40 45 37 34 40 30 31 27 34 26 35 17 19 27 22 22 39 35 33 32 36 35 35 32 27 28 21 25 36 33 31 33 32 42 32 34 30 26 38 32 27 29 28 20 26 35 44 40 27 27 31 24 34 15 42 19 31 32 37 23 22 24 33 34 25 26 30 35 30 32 21 
29 28 33 28 17 28 26 33 33 28 40 26 31 23 38 16 35 32 16 27 23 27 32 30 40 36 36 26 32 24 32 31 38 28 24 36 31 28 15 30 34 40 32 25 35 23 38 37 41 12 26 34 32 42 39 31 36 34 31 40 23 20 24 27 25 37 31 21 23 22 21 26 36 21 35 22 18 20 43 22 31 22 20 25 21 36 32 23 32 22 28 31 26 10 47 32 19 23 13 20 20 29 34 38 30 38 20 21 32 34 35 19 26 39 39 19 20 22 30 29 29 21 29 29 26 37 30 26 23 25 18 33 26 14 34 38 24 20 18 34 24 24 35 27 18 27 33 38 22 18 19 28 37 29 27 26 51 36 15 33 24 27 31 25 26 26 29 23 19 16 37 26 47 28 26 25 37 5 24 26 24 31 26 33 28 26 27 30 16 33 28 35 35 19 5 12 26 32 26 25 26 40 19 30 21 35 28 32 29 31 34 29 33 23 32 35 31 25 37 30 26 26 29 39 33 25 39 28 24 28 32 25 31 22 34 29 28 40 34 22 23 30 30 35 31 24 30 41 25 34 26 33 27 34 28 20 38 24 38 25 22 15 23 23 27 17 18 40 25 27 31 25 28 34 28 26 27 29 29 25 24 28 31 27 26 31 26 36 26 35 18 28 34 25 19 32 30 33 25 30 27 31 25 32 30 31 21 31 41 28 20 23 29 23 29 34 25 36 29 28 26 42 35 20 31 22 33 41 29 25 28 32 33 22 28 15 26 42 27 32 20 39 25 24 39 23 15 34 36 31 34 28 42 24 36 0 25 35 32 29 29 27 38 29 35 22 34 32 19 40 22 32 22 11 22 24 39 24 24 30 33 11 34 27 28 25 18 26 48 24 32 39 24 24 29 26 32 18 35 29 36 36 27 26 16 29 21 30 56 34 37 32 36 19 24 21 32 15 21 37 24 36 21 23 36 39 24 25 33 30 34 30 27 29 36 33 13 27 33 29 25 27 21 33 28 32 37 37 24 30 14 9 38 31 19 26 27 32 34 28 33 21 36 27 23 31 27 12 32 25 18 27 21 30 39 51 31 14 32 25 30 21 21 40 21 32 27 39 28 31 28 22 33 25 38 12 27 21 19 28 
49 46 54 62 52 61 58 56 47 53 48 46 46 57 63 51 56 52 49 60 48 48 45 45 62 56 59 49 58 57 50 63 57 58 54 60 53 52 53 50 54 53 61 59 56 34 54 59 61 47 50 62 52 56 49 64 59 52 56 55 60 44 50 54 49 62 51 54 47 46 53 56 46 56 55 47 52 58 63 49 53 56 55 55 45 64 60 41 50 44 46 58 52 47 74 48 51 65 57 30 54 44 59 53 55 44 55 58 58 41 55 44 51 64 65 35 45 66 56 44 58 46 59 53 54 54 63 51 54 53 43 50 39 48 59 60 54 54 53 49 57 59 55 56 57 61 51 58 56 53 57 48 57 55 53 57 66 52 49 66 57 45 46 55 32 52 53 48 57 60 55 54 68 62 51 57 59 55 57 53 48 55 58 56 61 61 49 45 50 62 60 53 62 29 54 54 51 57 57 60 41 57 44 54 54 45 52 56 44 59 61 49 39 49 60 60 64 51 52 44 53 56 61 59 53 56 52 56 38 52 52 55 50 52 54 48 41 66 56 45 58 62 50 50 51 51 45 67 57 49 49 63 60 50 65 53 56 54 50 47 55 57 60 58 59 58 52 60 55 60 60 60 52 58 48 41 55 61 58 50 57 53 66 62 26 64 56 62 53 54 55 49 66 50 50 57 65 60 56 55 49 49 50 42 56 58 51 48 60 28 57 36 58 56 63 50 58 59 45 47 41 57 59 64 48 37 57 64 64 41 58 54 60 57 53 50 53 58 52 56 54 56 50 40 59 57 59 55 70 59 58 52 67 45 46 50 0 61 47 47 47 56 62 44 55 42 49 57 56 55 46 47 47 58 59 56 49 49 44 47 43 59 57 52 43 60 57 58 66 57 63 61 52 61 54 41 60 53 51 51 48 62 51 49 50 53 58 51 66 59 63 50 57 52 44 55 49 48 58 53 37 69 56 38 61 69 46 56 58 69 61 54 49 63 54 61 55 55 58 51 52 54 55 57 51 55 69 59 58 51 59 59 61 46 52 54 52 57 59 61 47 53 58 47 53 57 52 56 47 49 51 48 36 57 70 66 37 49 56 58 48 36 31 67 35 46 47 56 52 54 55 51 58 40 54 56 63 54 54 52 
22 26 17 17 15 19 19 25 29 23 32 25 23 21 26 25 38 25 13 17 5 25 26 28 29 30 27 20 28 14 30 35 22 25 21 34 28 29 12 22 33 33 24 22 38 12 23 28 36 21 15 27 24 31 36 28 32 30 27 32 24 21 18 23 30 14 25 30 18 20 26 16 33 30 29 4 15 23 36 6 21 20 17 32 19 29 21 18 17 20 10 28 23 19 44 25 23 20 22 17 18 32 27 38 18 30 14 26 29 25 32 14 21 19 23 18 2 31 27 21 26 16 28 17 19 27 28 22 15 23 13 23 20 11 16 28 17 27 19 25 19 25 32 24 20 16 26 28 19 26 16 11 28 18 17 23 43 32 4 29 27 9 23 24 15 28 27 16 12 25 27 11 41 17 12 27 23 14 14 25 3 28 21 20 29 27 24 24 5 30 18 22 30 16 14 9 15 28 23 23 24 34 8 9 30 30 17 31 21 20 31 22 27 18 22 30 21 19 29 26 10 26 22 32 22 22 27 29 21 21 21 22 19 18 23 26 26 41 23 19 20 26 22 28 25 11 19 31 15 18 20 33 24 23 30 29 23 21 33 23 12 4 20 27 17 26 16 29 23 24 38 26 25 29 20 19 20 24 22 13 22 23 29 26 25 34 23 32 20 24 27 15 36 21 14 28 30 23 13 18 22 20 20 29 26 33 18 25 36 27 29 22 22 21 27 28 29 29 17 25 18 34 24 29 25 19 24 33 30 21 20 21 30 23 27 9 26 34 22 30 18 21 7 23 28 20 24 32 27 23 33 27 39 8 33 9 14 0 24 27 15 24 20 21 31 25 23 17 28 32 1 24 11 20 31 21 36 12 16 20 28 20 31 23 20 25 17 15 34 33 27 30 18 26 33 18 24 19 31 19 31 20 25 13 14 23 21 9 49 27 28 27 20 26 24 18 26 24 15 36 21 33 22 21 33 29 28 23 22 33 18 19 22 26 22 22 10 12 28 30 21 23 19 30 18 28 27 28 13 14 23 18 25 28 9 15 22 29 20 19 32 14 33 26 20 28 13 21 24 23 27 14 19 27 38 43 20 15 14 20 12 13 18 24 18 29 24 28 10 26 25 19 26 17 35 21 27 25 17 16 
35 35 44 41 36 46 33 39 40 36 41 29 38 39 41 14 46 34 37 31 32 26 38 29 49 36 36 27 12 18 37 42 40 28 37 37 38 34 32 36 36 48 44 41 49 28 12 50 44 24 42 34 42 42 42 35 41 41 34 53 29 26 28 34 41 46 33 38 29 35 37 20 39 28 38 31 39 31 49 33 36 35 33 44 34 39 37 33 39 37 28 40 29 29 56 34 38 27 37 23 36 39 52 46 38 37 28 27 33 40 48 28 34 41 30 27 29 43 36 17 33 30 34 35 26 42 28 31 22 37 27 30 32 35 41 39 32 34 28 39 23 32 47 31 38 40 40 40 40 37 36 32 44 45 34 29 54 39 31 44 43 36 38 28 30 42 42 41 35 40 48 34 51 44 30 40 41 35 33 42 30 35 41 30 43 34 32 39 31 33 42 42 34 22 36 33 41 35 30 33 31 42 35 36 38 38 44 35 33 37 49 25 34 38 42 43 46 29 25 42 37 32 26 28 44 37 40 34 31 25 29 32 29 30 31 41 34 41 43 35 26 43 41 25 38 18 27 50 23 37 27 39 31 30 49 37 42 36 48 40 16 39 44 30 30 38 34 37 39 46 35 33 32 37 38 16 32 44 47 28 22 37 39 46 24 50 35 45 35 34 24 22 48 32 27 37 38 41 28 35 35 42 33 35 38 29 33 37 49 26 41 29 49 21 41 44 32 50 37 40 30 55 20 44 38 30 35 28 37 24 36 43 42 28 31 23 24 53 25 40 33 41 34 32 43 41 36 26 31 39 37 31 48 35 39 32 28 42 0 36 28 46 40 36 44 33 36 37 38 47 28 35 23 25 43 27 42 39 35 35 36 38 43 32 35 35 21 31 47 43 40 38 45 44 47 33 40 26 43 28 46 31 40 40 32 38 38 29 47 24 35 42 46 44 13 37 38 34 30 51 28 55 29 28 40 45 44 39 40 44 45 39 35 42 35 38 34 34 41 38 32 33 20 37 22 40 34 46 37 41 43 40 36 36 35 14 35 33 38 30 31 28 36 38 40 31 31 40 36 38 37 21 26 39 50 50 35 22 34 24 30 34 24 44 28 39 31 42 30 27 37 34 43 32 27 29 28 33 31 34 
30 27 38 42 33 38 29 37 27 34 36 27 31 28 44 25 37 38 21 35 31 25 26 35 45 27 40 32 40 29 31 44 39 33 28 41 36 33 20 30 35 43 31 30 37 33 35 36 38 21 31 35 32 45 30 30 25 39 40 48 41 25 29 22 32 43 37 29 20 27 28 31 27 30 38 20 23 32 44 27 34 27 24 30 26 39 30 27 32 25 30 36 30 28 52 31 38 28 34 11 25 37 40 45 35 36 25 34 36 29 36 23 32 45 44 20 28 30 35 35 34 27 35 32 27 40 32 15 32 34 24 35 20 19 32 41 37 28 32 40 29 37 40 32 23 20 32 39 35 36 24 37 43 39 30 31 47 33 30 35 34 31 37 35 40 43 34 29 24 34 36 37 45 41 34 35 42 30 32 30 29 32 25 23 36 39 30 37 30 38 41 43 40 10 30 17 41 41 31 34 22 39 34 35 29 26 33 39 26 21 35 30 41 29 36 37 38 30 32 35 31 24 32 42 33 30 33 37 19 34 34 25 31 33 36 34 22 47 39 27 27 38 30 31 34 23 31 46 27 30 30 31 32 39 38 28 38 29 39 28 27 28 28 32 36 22 23 42 33 32 38 34 35 15 28 22 36 28 37 31 26 34 40 34 36 39 24 43 34 41 36 27 39 23 32 21 33 41 28 28 32 30 31 23 37 13 26 30 22 38 38 17 34 25 35 42 33 41 30 33 32 50 40 28 29 18 38 45 38 22 36 42 38 31 37 28 35 47 33 37 25 42 33 25 39 36 37 39 42 29 39 35 51 29 27 25 16 41 38 0 28 32 41 35 46 33 36 21 37 32 27 28 29 33 40 29 30 32 24 33 24 16 38 16 34 28 32 24 47 32 37 43 33 29 34 32 30 31 36 35 37 41 32 34 21 33 31 34 47 39 19 36 38 24 35 26 31 33 30 42 27 41 34 19 41 39 37 30 28 38 39 35 40 34 35 31 18 27 14 31 20 22 26 38 32 36 46 40 38 35 34 34 43 27 33 27 29 37 41 33 15 24 38 27 17 36 35 37 38 30 26 26 17 35 38 43 40 27 35 30 32 29 12 45 16 27 32 37 31 20 33 27 35 31 37 37 32 29 28 31 
24 27 33 22 20 34 28 23 31 14 29 29 20 28 29 30 34 21 18 28 24 23 23 22 33 25 22 25 35 23 31 30 40 30 26 27 26 21 17 23 36 38 27 27 40 17 29 38 34 26 30 31 21 40 40 21 20 25 36 37 32 18 7 25 28 30 20 29 16 21 24 25 38 35 14 23 20 19 38 24 34 21 22 32 20 38 28 20 21 27 28 24 15 24 40 22 30 25 27 22 25 32 38 34 29 25 22 30 21 31 33 12 12 38 32 24 21 25 30 23 21 14 33 24 23 33 33 20 24 32 11 22 28 16 30 27 22 26 24 28 22 37 29 19 14 21 35 17 33 30 21 30 35 31 23 24 42 25 19 30 30 27 25 33 30 31 28 35 21 30 29 24 30 30 25 18 20 19 31 22 22 24 21 23 34 39 10 33 10 21 20 32 26 21 19 14 30 37 28 28 19 28 23 28 26 20 26 35 15 21 30 31 33 27 32 21 23 8 30 30 19 25 31 31 32 25 38 31 24 22 6 25 17 9 8 29 30 29 27 8 12 42 29 28 10 23 28 43 21 27 24 30 19 35 31 25 27 26 40 30 21 28 25 26 19 29 23 14 25 29 38 32 24 27 27 19 9 23 29 16 27 21 34 31 27 36 23 23 24 39 27 27 30 19 18 26 33 32 20 26 35 25 11 34 24 29 23 19 34 26 34 26 38 26 20 33 25 36 32 28 20 39 35 23 25 21 12 39 28 23 18 24 26 26 35 28 12 39 13 29 19 32 26 29 32 19 29 38 36 27 25 31 43 24 38 14 17 40 26 28 0 29 31 23 31 21 8 19 31 27 20 25 19 25 25 15 35 28 23 26 18 25 27 21 22 28 25 22 19 32 17 15 23 20 35 20 28 31 37 21 38 29 26 31 21 22 29 24 53 26 35 29 35 32 16 23 20 23 22 43 25 38 34 16 37 36 32 30 26 33 27 28 26 30 7 28 15 16 26 36 23 21 26 16 26 30 36 30 18 27 28 23 34 24 11 20 13 21 33 30 25 23 42 26 25 31 26 26 26 24 26 26 14 23 36 33 27 27 25 23 19 27 23 40 23 34 13 34 21 18 21 24 32 19 28 26 34 21 10 23 
33 23 38 40 23 27 31 36 33 20 30 13 31 29 45 29 43 27 32 38 13 32 29 28 37 34 9 29 35 31 27 38 30 37 38 35 32 27 32 30 37 43 33 35 42 35 31 36 42 29 29 39 32 41 39 39 38 31 40 40 40 24 30 31 34 38 30 38 24 28 30 31 35 38 34 12 35 25 46 27 21 28 34 37 27 41 40 26 37 28 18 37 32 27 51 33 29 40 30 26 26 43 35 35 28 26 23 38 38 25 39 20 18 31 44 27 10 39 38 29 34 17 40 25 31 27 42 28 38 31 19 23 29 31 24 33 27 27 27 34 33 40 21 32 31 39 38 40 27 34 33 19 36 35 25 40 51 38 27 37 35 17 31 32 29 37 35 24 35 33 39 19 51 30 27 24 31 22 35 26 26 28 27 28 41 42 16 24 28 41 30 38 32 33 22 29 29 39 25 28 37 30 22 32 30 34 31 38 29 35 16 16 39 34 30 27 33 31 37 31 31 38 34 34 30 41 34 41 24 32 29 30 23 32 31 30 35 39 31 27 34 34 27 23 30 34 24 45 36 36 29 36 35 37 45 37 43 33 35 31 33 29 40 32 29 30 24 37 31 37 33 40 25 35 28 14 32 30 31 34 36 24 34 39 38 39 33 29 35 37 35 38 46 27 22 34 38 36 34 38 30 41 17 34 27 37 30 21 42 32 37 30 30 35 36 41 29 37 37 29 26 42 38 37 33 23 34 41 15 24 31 34 39 36 37 23 32 38 19 19 26 31 15 32 36 25 32 33 42 31 33 34 47 29 36 17 35 46 32 24 23 0 30 29 40 27 28 25 18 40 24 32 25 28 39 32 40 33 24 20 32 28 40 29 28 33 32 34 40 41 38 38 29 37 19 26 32 34 31 33 33 41 33 21 22 30 38 32 56 39 43 35 28 36 29 38 22 32 36 33 15 46 38 34 43 39 33 24 30 35 39 33 30 40 30 36 30 32 34 38 29 31 26 36 31 35 48 36 36 33 31 26 27 33 21 30 19 5 35 19 39 26 27 32 37 39 28 29 32 31 35 37 32 36 41 51 34 31 24 34 20 21 33 45 21 28 30 35 20 30 34 18 34 25 34 29 34 27 26 24 
13 26 22 22 20 24 24 25 29 28 18 21 28 26 31 24 31 14 18 22 10 25 28 33 29 18 32 19 32 19 30 23 27 20 26 20 33 12 17 16 28 32 28 27 36 17 22 33 27 26 20 24 28 36 34 33 23 34 32 31 31 4 23 28 21 36 13 16 9 20 17 21 37 35 32 9 20 19 27 11 26 20 22 25 19 34 32 23 22 25 15 20 23 24 36 28 28 25 23 19 23 24 32 23 23 14 19 29 29 24 36 19 26 24 28 23 7 32 26 26 23 21 31 18 16 26 33 13 22 25 18 22 25 16 21 29 16 26 18 30 24 30 37 21 25 21 31 32 23 31 21 16 29 23 16 28 37 33 9 32 31 14 28 29 20 33 27 21 17 30 14 16 43 22 17 32 28 19 19 30 8 27 22 17 32 32 24 25 10 35 2 30 26 21 16 14 19 32 28 27 29 39 13 14 25 35 22 26 26 25 32 24 33 23 27 26 26 24 23 19 15 10 27 33 27 27 32 34 20 18 26 19 24 23 28 18 31 45 23 15 25 31 25 31 28 16 7 35 20 23 25 17 29 28 35 24 28 16 37 28 17 26 25 32 22 31 21 28 28 27 33 31 24 27 18 22 25 25 27 18 27 28 33 23 26 35 28 33 25 28 32 20 26 12 19 19 27 28 18 23 26 25 25 34 31 25 13 30 34 25 30 27 27 26 26 33 25 34 22 17 23 33 29 30 18 19 29 38 35 26 20 26 22 28 30 14 30 31 27 30 18 26 12 28 33 24 26 28 32 17 18 22 42 13 36 14 19 38 29 27 20 29 0 26 32 19 26 19 33 30 6 18 16 22 32 26 39 17 21 19 33 25 23 14 25 22 20 29 38 28 31 28 23 29 34 23 18 24 30 24 36 25 25 18 19 18 26 14 43 32 31 25 24 31 21 23 31 19 20 41 17 36 27 22 30 9 21 28 22 38 23 24 27 30 25 18 15 17 26 29 26 28 24 27 23 19 32 26 18 19 21 23 30 21 14 20 18 31 25 24 27 19 35 24 25 23 18 26 29 23 22 19 24 19 35 41 25 20 19 25 17 18 23 29 17 29 20 24 15 25 17 24 21 22 26 26 32 21 22 17 
27 20 22 30 21 21 21 34 26 30 18 28 2 28 31 9 27 25 25 20 19 30 27 31 39 29 15 19 35 23 24 33 32 28 24 34 27 34 25 27 28 41 25 21 28 25 25 37 41 5 23 21 28 35 33 34 31 29 35 38 28 26 25 20 18 38 24 14 23 14 14 21 29 14 25 18 18 29 40 31 26 14 25 24 13 30 28 28 25 27 22 31 21 3 47 25 32 33 15 18 25 22 36 23 31 14 24 29 20 27 37 23 28 37 21 23 16 24 26 28 20 23 28 25 13 19 23 26 23 18 23 25 30 23 30 25 25 29 20 30 24 28 11 18 22 29 34 32 24 11 29 25 30 23 23 36 42 29 17 29 17 23 32 30 24 19 14 25 26 18 38 25 43 20 19 18 37 25 17 30 30 24 19 26 21 30 31 23 18 28 26 36 30 23 25 22 28 36 30 29 19 35 21 32 14 32 25 26 28 24 28 31 26 25 35 37 27 26 34 19 23 29 24 26 31 24 36 33 25 21 33 25 15 24 31 18 32 42 34 15 18 32 28 28 29 24 21 37 18 20 25 36 30 31 30 13 29 24 38 19 25 28 29 16 28 24 23 39 18 34 24 29 21 28 13 19 21 22 25 18 17 30 35 20 23 24 22 38 21 31 36 28 38 26 20 28 34 34 26 23 21 33 30 36 33 24 21 26 37 25 22 27 31 16 23 41 18 37 30 17 29 40 32 22 4 14 25 35 21 28 29 34 33 25 32 19 19 43 11 17 12 34 21 28 37 25 17 28 29 24 32 22 42 13 30 20 19 28 27 21 29 34 32 0 30 31 27 31 12 38 28 25 24 25 24 22 38 17 22 22 30 29 34 27 11 27 22 29 42 17 26 39 31 28 24 29 25 22 33 7 36 30 19 19 21 29 23 22 50 26 30 35 32 26 26 30 27 8 26 39 18 43 25 16 27 31 21 29 26 25 31 27 28 37 28 29 23 27 31 38 18 20 25 24 27 26 25 37 26 19 19 25 17 17 22 19 29 30 27 25 26 27 42 32 31 25 20 14 34 17 11 27 14 30 32 33 29 18 27 25 24 27 18 43 22 32 17 34 23 25 28 22 35 28 36 30 33 14 21 24 
21 29 30 22 29 25 6 18 29 23 36 30 18 34 39 29 29 21 26 29 22 22 31 27 36 25 31 33 35 26 33 31 30 27 28 32 27 24 29 23 26 12 32 12 32 26 27 26 34 25 32 31 15 31 41 24 27 26 28 23 34 16 26 28 28 34 20 30 16 18 24 21 40 22 21 21 32 14 35 23 30 23 34 23 17 16 32 17 23 27 23 27 21 23 40 24 34 37 33 10 31 33 41 37 25 32 28 32 16 15 22 24 21 36 35 25 19 37 25 20 30 10 32 9 23 17 33 20 29 32 27 13 33 28 21 20 23 17 9 25 22 35 27 28 30 21 13 30 24 29 33 26 20 31 7 32 44 31 21 36 29 22 22 22 22 28 25 33 29 36 35 25 44 34 20 27 36 28 26 22 20 18 26 26 37 36 22 28 22 35 29 29 33 23 23 26 29 23 31 34 31 26 25 26 29 33 34 24 13 28 36 14 28 23 37 30 20 27 28 17 22 25 9 24 20 20 34 36 20 21 18 20 26 21 20 16 24 25 30 28 27 26 17 34 24 24 14 45 28 22 21 32 20 30 37 29 29 23 25 28 24 33 31 24 24 29 29 26 27 37 31 27 15 26 16 27 21 29 27 26 27 17 40 38 29 24 30 32 25 34 29 28 35 19 27 23 36 36 25 31 24 37 20 31 20 32 20 17 35 31 30 25 35 26 25 31 20 41 30 15 17 25 35 35 24 19 24 37 31 20 27 30 29 21 32 26 26 33 22 27 21 28 24 30 26 25 33 26 37 15 30 20 40 21 40 23 20 35 23 30 21 39 27 20 0 16 22 26 26 31 18 25 21 10 31 29 30 25 18 10 37 27 30 21 19 31 22 29 30 33 29 27 30 31 33 17 16 29 21 23 23 32 23 26 27 20 34 22 41 22 36 26 30 17 18 8 18 24 27 28 20 46 35 28 29 34 6 33 14 38 30 32 25 16 27 26 27 22 27 32 26 28 18 23 23 27 39 33 18 27 34 32 30 19 26 23 22 22 28 15 30 1 25 21 33 29 21 32 23 21 27 27 26 26 34 42 17 28 21 23 25 18 25 41 17 20 29 32 17 25 24 35 28 16 32 32 26 16 15 8 
24 24 26 30 25 22 19 31 29 18 27 19 18 29 35 15 37 29 29 25 19 6 29 22 29 35 28 30 31 30 28 26 29 27 29 23 23 23 28 8 25 25 27 25 34 21 25 17 35 11 22 21 10 36 34 36 19 22 33 36 18 15 22 26 20 33 30 20 21 20 16 28 35 20 13 18 17 27 38 22 28 30 31 30 25 29 30 13 24 22 22 30 20 9 46 20 22 36 21 7 26 28 37 33 26 25 30 16 26 28 35 17 23 35 37 22 16 30 32 16 28 19 31 22 21 30 24 25 24 24 16 26 30 27 30 33 29 30 22 21 31 34 27 26 27 26 26 29 21 17 32 25 33 27 20 35 29 30 20 31 23 23 18 13 19 24 27 30 28 24 38 25 39 30 19 24 35 28 22 12 19 26 21 21 27 36 22 29 21 20 30 25 36 20 28 25 22 34 29 32 25 29 15 25 20 36 24 24 16 19 31 22 32 21 36 32 33 23 24 25 26 21 22 17 11 27 33 23 22 24 21 23 28 24 23 24 19 38 31 24 24 38 8 29 9 27 27 38 24 30 22 28 33 30 28 19 30 23 28 25 28 23 35 16 32 30 27 20 18 33 30 35 23 26 6 20 24 24 30 22 23 26 38 26 13 30 22 34 23 31 13 27 37 24 24 31 28 37 20 27 14 22 23 15 29 28 20 20 39 15 20 21 36 22 29 37 24 43 32 23 13 38 31 28 20 21 21 45 34 16 27 26 32 17 33 25 11 38 24 29 28 29 21 27 17 22 23 27 29 24 21 20 37 17 31 23 23 19 19 25 24 27 28 16 13 0 27 31 18 26 17 10 18 23 22 14 22 21 2 23 34 27 33 26 15 26 23 30 43 23 23 21 30 33 29 13 25 28 34 23 28 20 25 25 25 11 29 25 43 17 34 22 34 30 2 21 21 14 22 33 8 42 31 22 27 37 19 29 27 29 34 26 21 29 31 31 26 20 31 31 24 20 28 15 24 30 36 36 26 23 25 31 21 27 25 22 24 27 27 28 25 14 33 5 24 30 20 20 19 23 17 26 20 29 38 30 24 24 22 30 23 23 22 40 26 23 24 37 26 26 27 21 32 12 16 26 36 20 25 21 
30 30 31 28 21 26 21 31 25 34 21 27 21 32 39 22 34 31 29 31 21 33 22 38 42 35 21 22 36 27 34 22 35 37 26 19 40 29 28 25 31 34 27 34 40 27 21 34 44 24 28 34 27 32 32 36 12 39 28 41 24 21 31 26 31 39 30 33 26 27 27 29 30 28 6 20 31 25 43 22 31 27 28 28 26 31 23 27 24 28 26 36 31 22 52 27 36 36 30 14 29 41 42 26 27 17 30 22 31 30 28 26 32 35 34 23 18 37 29 37 31 28 29 24 26 32 31 30 30 35 25 28 23 27 27 35 32 32 24 38 29 36 30 29 31 19 28 35 30 30 32 27 35 33 22 36 39 34 20 31 22 25 39 26 25 38 33 31 25 33 35 27 32 28 25 33 34 22 28 32 19 24 21 15 40 38 30 34 21 13 34 31 40 13 22 25 31 29 32 29 25 36 24 25 33 29 18 29 29 13 31 30 39 21 30 36 37 22 40 22 26 27 24 23 28 35 36 23 16 26 29 17 34 21 31 21 25 42 38 18 31 41 25 26 2 27 24 47 25 23 28 34 32 36 29 32 30 33 37 31 25 31 36 30 33 30 32 37 23 27 36 37 30 27 23 17 22 24 33 26 24 35 35 29 19 35 15 19 16 40 19 31 43 29 28 32 25 29 26 32 31 33 31 26 38 37 30 27 34 21 35 20 38 24 33 43 31 45 33 20 34 43 29 35 23 21 31 38 27 25 26 37 38 23 29 25 4 45 30 35 25 36 23 28 34 31 32 31 40 29 17 25 43 24 30 17 19 37 33 31 26 35 35 19 40 27 0 33 30 19 17 27 27 25 37 7 33 28 19 25 27 28 39 27 30 20 19 32 45 28 39 38 29 37 29 34 30 30 36 20 35 26 32 29 30 28 35 25 50 33 41 24 35 35 8 34 28 27 28 40 27 36 36 22 34 32 24 28 29 39 34 20 36 22 33 24 26 19 26 28 24 13 27 8 29 29 38 34 24 30 31 26 31 24 25 21 33 29 33 34 31 16 35 23 36 38 26 29 40 30 30 30 20 35 41 30 30 29 30 30 28 29 15 40 19 30 23 30 26 28 33 28 35 33 22 19 35 27 23 23 
39 39 45 39 31 46 25 38 38 34 46 38 36 34 35 22 47 33 37 24 33 25 43 39 44 37 37 31 36 31 43 37 39 32 33 46 27 38 36 32 36 45 37 31 32 36 45 41 43 23 36 38 34 52 40 31 41 39 43 48 33 30 29 38 35 45 32 18 28 36 36 29 48 32 35 32 22 33 53 37 35 35 29 42 35 41 49 32 37 35 29 35 24 28 51 23 36 44 35 28 31 26 41 50 38 46 28 31 30 29 46 27 32 41 43 27 30 44 39 32 37 30 23 29 30 37 17 32 27 36 27 31 34 35 41 38 29 35 29 40 32 32 45 35 39 40 38 40 42 36 40 27 34 40 27 47 49 34 35 41 42 31 36 35 36 42 37 35 24 38 46 31 52 24 23 37 42 27 21 41 34 36 31 30 25 34 33 27 29 41 42 37 40 31 27 33 36 43 34 37 32 42 29 39 18 36 38 39 33 31 41 41 30 37 36 41 39 30 40 36 41 36 28 39 35 34 43 38 29 25 33 30 28 32 31 35 36 42 38 33 32 44 32 26 33 31 26 41 12 36 35 43 37 43 50 17 43 28 49 38 29 37 44 34 29 38 31 41 12 47 34 33 33 40 30 17 27 34 29 22 11 37 43 44 41 28 37 43 42 45 28 35 49 31 24 38 38 35 35 46 31 43 34 36 38 37 25 37 47 36 42 31 40 10 27 35 22 41 37 34 29 50 44 42 37 26 39 45 37 23 33 42 37 32 40 23 32 47 24 40 34 48 30 32 41 32 37 33 36 18 44 35 49 36 37 22 23 42 37 25 27 41 45 34 34 29 31 0 37 45 32 34 22 29 44 31 43 21 26 30 34 33 38 33 34 34 30 46 46 21 39 23 43 45 36 32 19 26 41 29 47 49 41 23 33 33 43 38 44 34 39 40 42 36 31 41 38 33 37 52 22 56 29 29 44 46 38 36 34 52 48 40 32 40 34 38 34 32 39 34 36 35 19 37 35 44 47 41 37 36 23 31 45 37 33 13 33 41 31 29 34 26 41 34 42 35 24 34 35 39 15 34 27 34 54 40 37 22 41 33 31 29 22 47 26 34 36 38 37 42 32 26 40 31 45 34 27 18 28 28 
42 35 48 49 45 44 43 27 19 41 45 41 36 51 53 40 39 39 44 42 36 38 42 40 52 41 43 39 23 30 39 49 52 40 39 46 47 46 44 35 48 46 33 36 48 39 24 44 52 36 50 45 37 37 21 47 31 46 37 59 41 38 39 37 46 52 38 48 34 29 42 32 17 45 38 38 47 43 56 37 36 29 45 29 28 50 43 44 47 49 40 43 40 41 59 41 50 39 45 33 48 50 58 50 37 41 40 39 33 43 52 40 39 53 41 25 37 52 42 28 38 34 44 37 37 45 50 38 33 41 39 41 44 43 46 45 41 45 37 49 28 44 44 42 42 48 22 52 38 48 48 43 38 49 35 38 53 39 39 29 40 39 41 40 42 52 27 47 45 46 41 42 43 47 42 45 52 37 43 40 38 46 47 42 53 46 37 39 37 40 47 54 39 34 37 41 33 38 40 43 43 44 43 44 41 47 37 47 31 46 50 44 45 32 51 46 44 40 36 41 41 42 38 40 38 37 24 45 40 37 33 40 41 36 35 40 46 48 46 42 37 50 35 39 40 30 32 49 40 46 38 49 43 42 37 46 47 41 31 41 28 47 52 43 42 41 46 41 41 46 49 33 43 45 33 30 36 50 45 40 44 41 49 48 36 46 39 50 36 19 36 34 52 37 39 44 50 53 40 46 41 45 38 47 44 48 38 35 52 38 29 41 46 43 47 55 43 53 35 39 42 61 32 50 43 29 39 39 37 36 45 52 45 38 43 35 31 39 37 30 27 51 42 30 44 39 47 38 43 43 44 43 58 39 18 32 37 59 41 36 40 55 45 39 54 42 38 44 0 38 36 34 35 37 31 34 54 43 29 38 45 43 44 39 38 47 33 42 58 51 44 40 49 48 48 36 44 38 30 35 29 43 34 31 44 38 49 40 59 35 49 45 54 23 25 49 36 42 42 34 36 55 41 40 51 46 43 39 42 50 49 39 44 49 46 44 42 42 44 49 35 37 32 40 34 48 45 47 45 45 46 41 42 43 41 26 40 43 48 35 50 42 54 47 51 40 41 44 48 32 45 33 38 42 53 49 47 34 45 29 42 40 33 55 37 48 42 47 41 38 40 46 52 43 39 40 40 45 37 36 
23 26 30 32 26 30 22 27 31 24 34 29 25 31 39 28 35 31 25 27 23 19 8 29 34 23 28 24 30 21 30 36 27 35 32 33 30 25 24 15 27 34 37 34 36 27 30 24 34 24 31 25 17 20 41 25 32 29 15 33 20 17 19 30 33 38 32 29 28 27 29 23 29 24 26 22 27 11 35 19 26 27 28 34 26 32 9 26 28 29 26 34 25 22 50 31 30 32 33 20 28 30 33 29 23 33 25 18 26 31 18 24 22 37 30 24 20 34 35 29 28 26 39 25 21 33 28 22 17 29 23 27 31 23 23 36 18 31 25 34 10 22 30 26 26 31 29 29 26 30 28 22 29 22 23 33 20 20 22 40 26 27 31 20 23 37 32 34 28 37 28 17 13 9 25 28 32 26 24 25 21 32 31 25 33 24 20 29 20 32 25 38 21 25 25 21 31 16 20 23 27 33 24 27 29 18 33 34 20 25 38 29 25 30 29 17 22 20 28 27 17 23 25 30 18 30 32 25 22 20 16 21 27 19 18 26 26 31 28 20 24 37 15 36 22 21 26 44 28 25 22 30 21 33 35 32 34 33 29 32 19 19 32 23 31 26 26 24 25 15 34 23 29 19 13 27 18 33 14 26 34 33 25 17 26 40 32 33 2 36 15 19 39 31 24 28 35 38 20 21 21 35 21 28 35 34 30 24 26 21 27 21 38 33 22 43 17 36 33 25 26 35 38 32 31 17 22 40 27 14 22 28 33 19 34 20 24 41 23 30 25 27 25 29 24 27 31 34 34 26 31 30 39 21 38 21 27 32 32 27 12 32 23 29 26 13 20 23 31 0 19 17 27 26 29 27 35 25 9 26 30 20 37 23 28 19 24 27 31 36 27 25 15 32 35 26 27 16 37 20 35 27 32 20 24 18 24 27 52 24 31 26 37 28 15 30 25 27 15 40 17 24 26 24 31 18 29 29 30 32 25 8 32 18 19 10 22 23 18 37 28 30 29 28 24 29 34 40 28 23 28 23 24 29 23 28 23 21 33 31 32 17 39 18 31 33 26 33 23 30 30 18 22 33 29 11 28 19 29 11 28 23 27 37 30 36 25 16 28 23 31 31 34 25 29 9 36 13 19 24 
21 25 16 16 14 18 18 24 28 22 31 24 22 20 25 24 37 24 12 16 4 24 25 27 28 29 26 19 27 13 29 34 21 24 20 33 27 28 11 21 32 32 23 21 37 11 22 27 35 20 14 28 23 30 35 27 31 29 26 31 25 20 17 22 29 30 24 29 17 19 25 15 32 29 28 3 14 25 35 5 20 19 16 31 18 28 26 17 16 19 9 27 22 18 43 24 22 19 21 16 17 31 26 37 17 29 13 25 28 24 31 13 20 18 22 17 1 30 26 20 25 15 27 16 20 26 27 21 16 22 12 22 19 10 15 27 16 26 18 24 18 24 31 23 19 15 25 27 18 25 15 10 27 17 16 22 42 32 3 28 26 8 22 23 14 27 26 15 11 24 26 10 40 16 11 26 22 13 13 24 2 27 20 19 28 26 23 23 4 29 17 24 29 15 13 8 14 27 22 22 23 33 7 8 29 29 16 30 20 19 30 21 28 17 21 29 20 18 28 25 9 25 21 31 21 21 26 30 20 20 20 21 18 17 22 25 25 40 22 18 19 25 21 27 24 10 18 30 14 17 19 32 23 22 29 28 22 20 32 22 11 20 19 26 16 25 15 28 22 23 37 25 24 28 19 18 19 23 21 12 21 22 28 25 24 33 22 31 19 23 26 14 35 20 13 27 29 22 12 17 21 19 19 28 25 32 17 24 35 26 28 21 21 20 26 27 31 28 16 24 17 33 23 28 24 18 23 32 29 20 19 20 29 22 26 8 25 33 21 29 17 20 6 22 27 19 23 31 26 22 32 26 38 7 32 8 13 39 23 26 14 23 19 20 30 27 22 16 27 31 0 23 10 19 30 20 35 11 15 19 27 19 30 22 19 24 16 29 33 32 26 29 17 25 32 17 23 18 30 18 30 19 24 12 13 22 20 8 48 26 27 26 19 25 23 17 25 23 14 35 20 32 21 20 34 28 27 22 21 32 17 18 21 25 21 27 9 11 27 29 20 22 18 29 17 27 26 27 12 13 22 17 24 27 8 14 21 28 19 18 31 13 32 25 19 27 12 20 23 22 26 13 18 26 37 42 19 14 13 19 11 12 17 23 17 28 23 33 9 25 24 18 25 16 34 20 26 27 16 15 
40 50 60 61 51 55 51 57 58 55 52 66 60 45 51 46 65 59 52 54 51 49 57 52 65 59 59 26 56 60 53 61 59 60 36 58 58 63 51 58 55 67 52 51 62 53 60 63 62 42 64 60 60 71 61 47 55 57 62 58 62 57 58 52 51 53 58 48 53 44 47 59 66 51 49 53 52 48 54 58 54 44 32 59 43 61 46 35 44 44 34 63 38 40 72 52 63 59 51 42 42 56 61 55 54 48 50 63 44 59 66 49 57 57 72 49 58 57 53 56 53 51 43 41 52 61 60 48 53 55 48 45 56 50 64 52 54 49 53 57 53 54 61 52 54 60 58 59 61 48 55 59 52 61 51 62 19 48 53 41 51 50 60 57 58 56 51 62 44 55 45 56 55 58 53 43 63 49 51 62 61 50 46 44 55 56 55 57 49 52 36 57 57 55 49 48 50 55 53 56 53 71 57 58 48 61 66 60 58 53 56 66 60 47 44 61 39 51 64 53 59 44 54 58 59 48 63 54 56 55 51 37 62 48 53 52 48 68 59 49 35 65 56 62 51 52 57 64 53 58 45 51 58 59 64 47 50 56 59 47 58 29 59 51 35 53 40 59 49 61 61 55 47 47 48 53 53 49 62 52 49 58 61 57 52 58 54 68 51 59 62 56 63 47 49 54 54 55 59 44 51 59 56 65 54 61 53 62 54 54 57 43 61 53 57 63 52 68 59 51 53 60 68 55 50 44 51 72 53 42 57 40 65 49 65 45 43 58 58 51 42 56 58 54 48 62 54 56 56 47 56 56 69 59 67 44 53 65 60 51 51 55 66 58 63 50 49 54 49 62 59 0 46 44 58 46 72 51 52 54 62 47 55 49 57 49 58 40 62 51 54 60 64 60 61 55 48 48 65 59 68 60 49 53 38 41 47 60 73 49 59 44 56 55 52 55 53 42 51 70 51 70 51 50 65 55 54 47 46 65 67 64 57 60 56 47 49 39 46 63 50 52 43 51 47 46 64 58 57 64 44 39 61 55 27 53 53 58 61 56 48 46 60 55 57 54 54 51 59 47 45 55 48 62 68 73 61 44 62 48 36 50 52 68 56 58 54 53 58 51 60 50 53 54 61 56 51 48 52 40 
32 37 41 41 38 42 43 37 48 38 43 47 33 32 50 39 38 39 37 41 29 36 44 39 40 43 46 35 36 37 41 42 46 45 41 39 50 31 36 36 47 49 45 38 50 36 36 45 52 39 39 45 38 34 51 45 45 49 51 50 42 23 38 47 41 52 38 46 34 31 37 40 53 48 42 28 39 43 46 30 33 31 40 44 30 53 45 42 41 31 24 45 31 38 61 41 47 44 38 32 29 44 51 45 42 51 38 37 37 39 54 36 36 43 47 38 26 47 46 41 40 40 41 31 37 41 41 35 33 38 37 37 44 35 40 42 33 41 33 44 39 43 42 42 41 40 50 51 43 40 40 35 35 42 31 35 57 36 28 49 38 23 47 41 39 47 38 40 36 38 34 35 61 41 36 42 37 33 38 37 27 42 39 34 46 45 34 36 29 46 42 44 44 36 33 33 39 45 37 30 43 41 32 33 49 24 41 49 28 44 48 46 45 42 43 45 44 39 48 43 34 46 46 48 39 41 51 42 39 36 30 36 29 31 32 42 41 53 34 42 37 50 36 49 40 29 32 49 36 31 28 53 43 28 51 48 47 41 28 34 36 32 44 44 40 40 27 38 39 48 53 44 39 46 34 40 33 42 42 37 35 47 36 49 37 48 47 47 38 32 46 33 45 34 28 41 44 42 37 42 42 42 35 49 41 50 38 32 53 39 44 36 46 34 42 52 37 51 41 41 40 52 44 45 40 31 36 46 48 34 37 45 47 42 49 33 42 36 37 41 29 45 31 43 45 43 43 43 51 37 37 46 53 32 53 28 35 54 48 38 34 48 44 45 53 43 42 41 43 52 25 38 0 39 45 45 34 36 30 34 22 34 41 36 42 39 39 43 53 52 41 39 42 47 45 42 38 37 45 38 26 44 36 27 25 39 45 33 63 43 47 34 44 42 37 42 33 43 39 31 37 57 40 40 51 48 45 34 36 55 42 43 36 50 41 46 34 36 45 48 45 47 30 44 30 37 51 36 37 38 42 37 48 28 33 36 37 45 40 43 41 38 47 40 44 42 33 40 46 34 46 32 38 44 61 57 15 33 38 40 26 37 38 48 36 37 41 47 34 42 42 40 50 41 48 40 38 33 34 30 
25 33 34 34 33 40 35 42 33 34 42 44 26 38 43 30 33 34 36 39 31 39 40 42 43 38 39 39 36 36 37 35 34 40 37 41 40 33 35 36 30 44 43 16 42 38 31 40 43 26 36 44 45 44 51 32 40 40 41 40 40 25 30 32 36 49 33 34 29 27 32 35 50 26 34 30 38 39 39 28 33 27 40 27 26 44 41 21 27 37 36 40 35 24 56 28 45 43 34 31 35 42 51 41 42 38 34 45 29 29 26 28 32 42 45 29 28 43 38 24 35 35 39 38 36 31 44 30 37 39 32 27 40 34 25 43 36 31 38 29 26 38 35 33 20 33 39 34 28 30 39 30 45 35 36 35 52 38 30 47 36 35 23 36 26 32 34 40 35 37 47 37 45 41 24 37 43 39 36 28 29 32 37 34 41 40 39 32 31 41 36 33 37 37 27 32 41 42 37 40 35 37 34 35 34 37 38 28 24 32 40 44 40 29 46 41 24 31 32 21 32 38 38 38 34 33 51 44 24 32 35 24 37 37 37 20 34 46 37 32 39 35 31 38 30 35 27 56 37 26 34 36 30 44 34 33 33 36 44 32 34 37 43 28 38 19 38 43 37 46 36 31 29 30 37 31 38 40 38 30 38 42 46 39 35 39 34 38 34 48 42 39 36 32 32 36 44 46 35 35 41 44 31 50 44 38 33 28 41 37 34 29 31 37 38 45 33 38 39 19 21 42 39 41 28 23 34 41 35 24 40 34 42 34 42 29 32 43 33 37 25 43 33 34 40 29 36 30 41 39 39 24 44 25 51 34 31 40 24 34 31 46 34 24 42 38 28 36 33 32 27 38 36 0 28 35 44 29 39 24 47 31 43 31 23 39 36 38 44 37 43 44 40 26 31 21 40 32 35 31 42 42 32 37 36 26 38 33 65 39 40 30 34 21 32 12 29 28 35 47 33 55 35 32 33 43 23 36 38 48 40 40 26 20 31 40 33 26 33 39 30 32 33 36 32 31 49 44 30 31 28 23 40 23 33 27 33 45 32 19 40 35 46 42 42 38 25 33 27 30 31 38 30 39 42 43 31 28 38 27 38 30 37 46 21 34 37 43 34 34 37 29 38 20 46 36 41 29 35 37 
30 38 40 39 27 41 32 41 40 34 41 35 37 37 38 24 32 39 15 31 28 36 34 39 48 43 36 34 22 28 42 39 39 38 40 42 40 40 35 39 35 47 41 21 39 24 22 38 47 34 38 34 41 46 33 37 19 39 41 45 31 32 35 35 39 21 38 25 34 32 40 27 46 35 39 14 29 35 44 29 44 32 36 32 31 49 33 35 32 36 33 42 28 38 47 37 27 37 43 17 34 33 37 40 39 41 30 28 34 34 35 17 34 42 40 31 25 47 43 27 33 32 38 16 26 36 32 9 22 43 29 29 36 34 26 27 32 33 35 41 30 39 45 31 40 38 44 39 29 39 39 34 27 33 34 39 46 38 27 45 37 32 32 33 34 44 39 26 35 33 45 34 39 35 29 40 46 33 28 43 26 34 35 36 32 41 38 34 28 36 41 42 41 29 28 32 36 30 25 28 27 47 31 32 25 38 40 33 34 37 41 35 34 30 42 43 29 36 35 26 33 38 35 38 32 38 48 36 31 31 37 33 39 39 39 25 40 51 42 37 36 48 36 35 37 28 32 48 27 31 37 45 35 40 6 24 38 35 35 36 26 30 26 37 40 39 32 45 27 26 38 36 31 32 23 26 34 38 40 25 26 39 34 28 34 18 37 35 28 44 30 32 53 37 27 15 45 41 22 41 31 38 33 31 42 30 32 38 39 23 39 35 45 25 34 40 29 48 40 24 30 47 30 45 39 30 39 38 40 34 36 26 44 34 38 25 27 40 35 21 30 20 30 36 38 30 36 35 41 22 40 29 49 31 44 31 26 35 10 39 34 47 39 35 45 35 35 15 45 26 24 33 33 30 0 23 38 28 33 29 41 33 45 10 41 41 28 41 46 28 42 38 41 46 43 39 23 33 40 28 49 41 37 30 30 31 44 32 48 34 36 44 39 26 23 41 39 41 24 54 29 35 36 24 38 41 28 31 21 48 41 34 35 29 39 34 33 35 31 40 33 35 30 37 32 35 44 48 35 37 30 40 44 28 32 24 35 33 37 26 32 37 46 21 39 41 30 42 19 35 22 31 22 41 40 37 39 29 35 31 28 34 29 47 28 33 35 40 33 37 39 33 36 38 37 35 38 25 33 15 
36 32 34 39 28 32 30 35 33 29 30 30 14 34 43 21 39 24 29 32 18 38 38 41 39 28 14 31 43 31 36 45 31 30 36 43 38 35 34 26 37 42 37 33 40 34 27 38 37 17 34 33 37 39 44 45 33 37 43 42 30 27 34 27 30 44 23 26 19 26 26 32 40 21 29 17 30 38 38 23 38 26 37 36 25 40 40 29 26 33 23 30 32 15 46 37 34 42 27 18 31 34 40 35 33 26 33 28 24 27 21 28 34 36 33 24 15 36 33 33 30 22 40 28 25 29 35 23 34 30 27 25 39 33 20 37 26 29 28 38 35 40 23 28 32 38 37 41 23 23 38 24 39 35 26 34 47 41 29 41 29 22 35 32 21 31 26 29 23 30 49 24 53 32 28 30 36 27 29 38 31 30 31 33 33 35 33 27 27 40 37 42 37 34 22 31 34 42 38 36 31 42 27 20 26 44 36 35 29 35 35 33 36 29 35 36 39 35 33 31 27 33 33 36 32 28 42 35 31 28 34 19 27 32 36 30 40 50 33 27 30 39 29 40 38 31 17 49 30 16 29 40 41 39 42 25 32 26 39 31 29 32 40 23 36 31 29 38 30 40 31 41 27 29 25 31 33 34 37 30 29 29 42 32 30 36 29 45 33 42 25 35 43 22 27 29 41 41 30 35 33 33 33 26 32 35 23 33 36 32 34 35 35 28 33 43 28 42 34 29 30 44 35 34 16 26 33 31 20 33 30 38 32 29 41 28 31 43 23 29 24 36 20 29 38 24 29 40 36 33 41 31 49 25 41 22 31 30 36 33 28 39 35 12 37 36 36 29 23 40 29 28 30 28 36 0 33 29 29 22 42 30 33 24 23 38 31 41 42 29 38 38 35 38 36 30 34 34 33 19 37 37 31 26 27 28 35 34 54 36 41 38 33 38 28 40 33 20 32 38 20 49 32 28 39 43 33 36 32 37 35 38 35 15 35 38 32 21 28 34 25 27 32 31 31 38 37 36 35 31 31 31 29 29 31 29 28 41 36 33 37 25 41 16 37 33 29 26 36 29 23 34 26 29 43 45 26 30 29 36 25 25 30 41 34 32 29 38 25 37 27 34 39 29 36 34 40 24 33 27 
46 47 49 39 48 51 40 46 33 40 31 41 39 48 58 46 48 48 40 43 43 48 37 50 56 46 44 44 53 45 51 49 52 45 46 37 44 45 45 40 48 46 47 45 50 45 39 21 61 44 52 50 42 40 58 41 41 43 48 54 41 37 41 35 45 55 47 45 43 24 43 43 58 53 35 39 46 40 60 38 39 43 43 49 35 50 38 40 46 47 37 48 24 42 64 47 51 53 45 29 45 53 61 51 45 48 45 39 30 42 47 35 40 57 50 44 40 49 39 43 32 41 45 37 42 45 46 34 46 44 38 31 51 44 51 40 46 34 26 48 46 49 48 30 40 38 47 48 25 50 49 47 39 50 35 39 59 34 42 51 47 36 45 43 50 51 31 50 46 48 42 48 59 34 39 45 49 37 40 43 41 36 41 46 48 51 38 42 38 54 49 52 48 41 37 42 47 49 43 46 33 47 46 44 26 38 39 46 34 44 20 44 50 42 50 49 50 37 51 50 42 39 43 48 15 34 54 40 47 42 34 47 43 37 36 49 48 52 50 41 44 45 40 51 43 35 41 35 41 40 35 46 43 56 58 41 41 41 32 50 43 45 48 20 42 39 43 42 22 46 44 45 33 42 38 42 37 44 39 45 40 48 52 48 44 56 43 51 31 55 36 39 49 42 41 40 55 55 43 47 46 44 39 37 51 32 47 38 49 46 52 43 41 39 48 48 46 48 44 48 40 56 47 47 47 43 35 45 49 43 41 52 50 35 52 40 45 42 41 34 41 48 33 49 21 26 47 29 33 28 51 42 55 40 58 32 41 41 46 48 41 57 47 43 34 42 41 40 49 48 39 42 47 43 53 46 0 44 34 38 36 43 47 35 42 44 44 52 47 49 45 43 43 46 47 40 29 43 49 36 32 52 29 31 41 43 50 36 54 49 38 40 49 43 40 41 39 40 44 37 46 55 46 44 56 47 40 42 42 37 50 41 48 49 40 39 43 44 41 60 39 41 44 36 37 52 54 50 35 46 46 41 47 38 42 40 41 33 43 47 34 35 55 27 28 35 36 44 45 27 43 38 42 47 57 59 51 39 41 34 39 35 43 56 47 45 43 45 37 48 45 46 50 39 50 44 52 42 38 36 
18 21 27 27 21 25 13 17 22 26 38 29 21 26 14 19 32 25 23 26 15 17 26 33 36 26 23 10 29 24 25 28 32 30 20 25 31 17 22 27 28 24 31 29 34 22 25 32 35 15 25 32 27 40 29 28 28 36 37 36 29 9 8 23 29 27 24 20 17 22 25 26 31 24 28 14 24 21 32 16 27 22 16 22 21 28 35 19 21 14 16 31 22 20 47 23 33 30 19 11 23 28 32 29 24 34 24 27 23 27 31 6 24 23 33 24 12 28 32 24 31 15 26 21 24 29 33 18 27 22 12 24 24 21 26 30 8 28 21 32 21 34 30 29 26 26 25 32 28 15 26 21 29 28 19 33 48 32 14 29 21 15 26 31 25 23 29 26 15 22 32 10 31 27 2 22 21 19 23 24 13 21 25 12 27 36 29 20 15 38 28 19 29 14 19 19 25 35 31 29 26 29 18 18 20 30 27 34 16 10 31 26 32 18 18 24 31 9 31 34 20 31 16 31 26 27 31 34 13 24 25 14 20 28 27 33 16 34 30 27 19 33 28 18 29 21 18 32 25 26 26 38 24 33 30 19 27 26 34 17 22 26 30 24 21 27 10 33 22 34 28 26 26 21 26 9 28 28 30 1 27 22 31 24 28 30 25 35 28 25 24 24 31 17 3 24 22 17 23 28 32 30 23 25 25 34 23 20 28 30 26 11 32 26 29 38 24 26 27 32 21 38 33 26 23 22 28 39 29 15 12 31 33 28 35 19 29 36 16 30 20 31 17 29 32 29 21 35 37 27 23 30 28 18 31 14 2 29 27 22 19 32 30 20 36 23 27 16 29 35 11 29 14 17 24 10 32 0 22 22 28 22 30 19 23 17 25 30 37 23 30 34 28 32 28 21 28 28 33 26 32 30 27 19 19 29 27 19 47 31 18 28 27 16 25 28 21 25 25 37 19 43 31 23 38 37 36 28 26 36 28 29 11 25 26 29 20 16 20 34 21 23 11 30 22 24 37 29 23 24 25 23 35 31 19 5 16 26 10 28 22 13 30 15 30 33 3 18 27 25 17 23 21 26 36 41 28 24 24 22 17 23 16 34 20 27 32 31 20 26 28 28 33 23 31 26 19 20 25 20 
37 36 35 33 34 33 25 31 27 27 25 32 29 41 37 26 45 27 31 34 32 19 31 20 27 39 33 30 37 32 35 39 42 30 34 31 21 32 30 6 38 38 40 38 44 19 33 15 46 24 32 32 8 34 32 34 32 20 42 45 31 28 33 26 33 41 37 33 33 18 29 30 48 33 26 31 30 32 51 32 33 32 35 43 29 35 32 24 23 20 31 33 18 22 49 28 35 38 34 20 38 41 47 44 24 38 31 29 24 33 41 29 25 46 37 30 29 38 33 27 26 28 33 28 31 36 22 28 35 37 28 25 37 29 43 34 31 28 20 32 33 35 33 24 31 32 32 42 19 30 34 38 33 38 26 33 27 28 25 31 36 30 29 11 32 35 25 43 34 37 36 33 45 28 31 31 38 26 31 25 32 28 34 19 40 37 23 36 23 33 28 36 37 32 26 27 35 42 37 40 32 40 28 38 20 43 33 37 27 17 31 34 42 21 41 32 39 26 35 38 28 32 28 30 9 28 31 30 20 26 19 21 30 22 21 37 17 42 29 35 37 39 6 38 22 29 33 51 31 36 29 39 32 40 26 29 29 26 26 23 30 36 38 14 35 30 36 18 16 42 38 36 27 31 4 29 22 24 33 24 30 35 46 39 26 38 27 36 25 43 26 25 43 36 26 34 29 40 31 36 12 27 24 28 38 26 23 31 38 15 18 26 35 29 33 35 23 42 37 36 24 47 38 36 31 32 25 46 39 27 26 37 35 29 41 26 24 36 26 28 30 27 27 35 15 20 36 25 27 22 34 33 49 28 29 21 25 32 30 30 35 39 26 27 26 13 35 34 31 38 30 8 22 29 20 27 35 32 0 29 41 32 36 29 26 24 31 33 41 36 21 19 36 37 39 24 23 29 37 25 26 33 23 25 34 9 39 29 48 15 32 33 43 37 15 34 32 27 33 31 21 51 32 29 38 35 32 36 32 27 36 35 32 38 34 33 28 18 30 29 24 26 31 28 29 43 41 35 29 34 35 30 19 35 27 25 24 25 37 41 23 20 36 18 22 29 30 33 30 21 30 24 27 32 42 43 36 25 20 28 32 26 29 45 33 36 22 39 30 29 30 34 43 23 29 33 39 30 23 27 
26 30 26 26 25 23 26 22 28 25 26 20 18 30 30 25 33 11 16 28 23 20 21 32 26 15 31 26 31 23 34 36 26 17 18 31 17 25 21 13 22 29 25 31 22 21 27 16 24 21 28 21 24 35 33 29 20 16 25 27 32 17 18 26 18 36 10 22 6 8 14 11 30 30 25 15 24 17 40 23 28 30 26 35 7 36 22 13 26 28 22 17 19 19 33 20 28 29 29 14 27 30 31 33 24 30 26 29 21 5 31 18 23 32 33 23 20 29 24 16 20 15 31 15 13 7 23 10 23 22 22 3 23 20 20 24 13 7 15 21 14 31 27 18 23 25 33 26 20 25 25 27 26 26 13 32 34 29 22 29 19 24 18 12 27 24 15 27 19 32 36 15 40 26 15 25 31 27 25 25 21 8 19 20 29 33 21 31 14 32 27 25 25 13 13 18 28 26 24 27 22 29 21 16 21 29 30 22 16 18 29 23 31 21 27 23 30 19 20 29 27 30 29 14 10 25 33 26 21 15 17 19 28 20 19 28 25 31 20 19 23 29 7 29 21 17 4 37 27 30 21 36 25 35 32 21 29 13 27 31 28 23 27 15 14 22 28 25 17 27 31 20 5 24 20 21 20 22 30 19 26 22 33 29 23 32 28 34 15 37 27 21 32 9 21 16 30 26 19 22 28 28 22 26 25 22 10 20 32 22 28 20 25 25 26 21 23 31 23 27 13 29 34 33 15 21 14 45 24 16 17 26 19 26 22 22 23 37 24 18 28 27 25 28 16 21 23 36 28 20 31 20 46 17 30 22 18 33 19 31 11 33 26 16 27 14 19 16 28 27 19 15 24 16 26 24 20 21 16 0 27 25 20 11 15 24 12 30 20 25 28 25 28 26 29 13 21 25 11 23 27 34 13 26 26 10 25 15 46 27 28 22 32 29 16 27 21 16 21 32 14 36 28 19 27 24 31 31 19 28 35 25 21 30 18 16 19 21 24 33 24 26 24 24 23 32 37 23 22 22 27 29 20 27 18 18 15 31 23 33 24 21 34 19 23 19 16 28 19 11 19 20 17 16 39 38 32 21 20 15 24 8 15 32 19 10 24 22 16 26 14 25 33 12 22 28 32 19 16 14 
10 23 19 19 17 21 21 27 26 25 34 25 25 20 28 27 32 27 15 19 7 27 28 27 31 26 25 22 30 15 27 20 24 27 23 17 29 9 14 24 30 35 26 24 33 14 19 30 37 23 17 23 26 33 38 30 26 28 29 28 20 1 20 25 19 33 27 29 20 17 15 18 34 32 20 6 17 27 24 8 23 17 19 22 16 31 29 20 19 22 12 24 9 21 40 19 25 22 20 19 17 28 29 23 20 32 16 15 15 27 34 16 23 21 25 20 4 25 24 23 22 18 30 19 15 29 30 24 11 23 15 16 22 13 18 30 19 20 21 25 21 27 34 20 22 18 28 30 21 28 18 13 30 20 19 24 44 19 6 30 28 11 25 22 17 28 24 18 14 27 12 13 43 19 14 29 25 16 16 27 5 21 20 22 27 29 26 26 7 32 20 27 24 18 16 11 17 30 25 25 26 36 10 11 29 2 19 31 23 22 30 24 23 20 24 32 23 21 31 28 12 24 24 34 24 19 29 25 17 20 23 24 7 9 25 28 28 43 25 21 15 28 23 28 27 13 21 33 14 20 6 31 26 25 32 28 25 23 35 25 14 21 22 29 19 28 18 31 25 26 38 28 18 27 22 19 22 23 24 15 24 25 31 28 15 35 25 30 22 26 29 17 23 23 16 30 32 25 15 20 24 22 22 31 28 29 20 27 34 17 27 24 24 23 29 30 25 31 19 27 20 30 26 23 27 16 26 35 31 17 22 23 26 20 27 11 28 28 24 27 15 23 9 25 30 22 25 31 29 25 15 27 40 10 35 11 16 40 26 24 17 26 22 23 33 29 25 19 30 33 3 25 13 22 29 23 38 14 18 22 0 22 27 25 22 27 17 32 33 32 29 32 20 28 33 20 26 21 33 17 33 22 22 15 16 22 23 11 51 29 30 12 22 28 20 20 24 23 17 38 23 35 24 23 29 31 30 22 24 33 20 21 24 28 24 26 12 14 26 26 23 25 21 22 8 16 29 30 15 16 25 20 27 27 11 15 24 31 22 21 19 16 33 26 22 21 15 23 26 20 26 16 21 23 40 44 22 17 16 19 14 15 20 26 14 31 26 32 12 28 21 21 28 19 34 23 29 29 19 18 
23 17 22 26 18 22 15 27 22 20 31 24 24 12 28 9 24 22 5 22 18 16 24 19 29 26 25 22 25 13 21 33 30 17 13 34 20 27 4 24 26 31 29 14 30 21 29 28 34 5 25 30 24 35 28 20 25 23 29 38 28 23 13 19 23 30 21 25 22 11 19 15 25 14 26 20 7 23 37 11 20 11 9 14 10 25 25 12 21 11 17 20 15 19 36 26 27 12 18 9 9 32 25 30 31 27 9 18 21 24 24 18 18 36 28 18 21 34 19 22 20 20 20 18 22 26 23 15 22 18 17 22 15 3 23 27 22 26 18 24 13 23 28 22 7 25 22 30 26 27 8 28 29 23 16 15 44 25 20 22 18 16 24 23 24 27 18 27 8 34 34 24 36 25 19 20 26 25 19 15 24 26 23 23 21 25 16 23 14 22 27 31 24 8 24 1 27 30 15 18 20 29 20 29 25 24 27 24 21 24 28 27 27 27 21 27 22 14 30 19 15 19 18 33 22 14 31 31 13 18 24 14 23 18 26 18 20 33 23 11 12 22 26 25 28 13 23 30 18 23 15 23 16 25 22 24 27 13 34 14 11 12 12 16 20 6 7 32 19 16 24 18 24 24 25 20 21 26 30 15 17 27 24 18 23 33 15 28 18 29 36 17 23 14 17 21 33 31 18 23 26 28 17 21 21 24 10 20 31 25 24 15 18 16 19 37 29 25 23 17 19 40 34 32 20 11 22 30 22 14 26 26 22 15 26 18 19 41 19 21 9 33 26 23 28 25 32 23 26 20 32 20 35 13 25 20 14 28 25 18 18 16 30 22 30 25 26 21 28 32 25 25 13 19 25 13 28 17 23 19 22 0 23 16 21 18 16 23 37 28 21 28 23 13 18 19 21 17 30 28 32 25 16 20 5 18 26 24 45 23 30 21 26 8 27 10 21 19 20 37 13 25 24 17 31 28 21 14 22 34 23 29 25 18 25 26 2 16 23 18 17 19 10 24 17 25 32 26 22 19 30 25 27 21 18 19 19 21 27 17 25 10 25 27 12 20 20 30 25 14 22 16 15 19 29 40 26 17 29 14 19 27 10 29 10 21 16 32 25 21 17 11 27 18 28 30 16 25 12 17 
31 21 31 27 22 26 33 23 37 28 36 34 23 16 40 22 39 26 19 33 22 20 28 23 38 30 30 16 37 31 25 33 35 31 25 30 32 35 22 17 31 30 26 22 34 27 32 26 38 21 35 35 19 40 32 35 29 31 40 42 32 29 29 31 32 33 25 27 21 15 29 26 37 30 25 24 25 29 45 29 30 15 21 32 14 43 29 24 24 15 5 32 19 19 43 26 28 30 22 13 13 30 43 41 34 37 27 30 25 20 38 26 26 29 42 26 29 31 31 27 24 28 29 12 28 22 33 19 32 28 25 18 30 21 35 23 14 22 14 28 20 27 32 33 25 26 40 35 30 21 26 30 23 34 12 33 38 29 24 30 22 4 32 22 31 29 22 32 26 25 42 16 44 29 24 28 18 14 30 27 33 23 20 15 37 29 32 31 20 32 33 25 31 20 14 19 30 26 29 30 32 31 28 31 30 36 37 34 18 28 30 32 41 26 24 35 30 22 35 27 31 34 36 29 20 29 37 35 29 26 28 17 31 19 30 26 22 43 35 29 24 36 17 35 21 29 19 46 24 32 16 41 31 43 35 29 30 27 34 18 29 16 30 25 24 24 11 29 23 30 34 28 20 27 15 28 24 23 32 31 30 35 32 30 25 29 33 37 22 39 27 30 41 18 9 25 25 23 32 31 23 35 25 31 25 35 24 22 34 26 28 17 32 29 33 36 34 32 33 25 24 44 40 29 24 15 26 47 32 18 18 37 34 30 37 24 23 36 27 25 13 36 34 31 26 31 24 27 38 18 28 30 34 31 37 9 19 35 33 22 22 34 37 26 37 24 27 22 28 33 31 19 17 20 29 26 35 30 11 15 34 18 0 20 29 20 27 27 35 33 25 30 33 31 34 27 19 21 26 28 32 31 20 8 9 20 30 27 44 26 40 33 33 26 26 28 23 24 30 37 22 39 30 29 39 31 29 18 17 38 39 37 17 33 29 30 20 19 26 36 29 31 14 27 18 37 46 3 23 37 23 18 30 29 24 24 27 29 32 27 28 28 31 21 30 26 25 21 30 18 27 29 27 31 42 44 32 23 31 21 7 23 22 41 26 25 25 36 28 33 29 21 42 26 32 21 22 30 23 11 
36 35 30 37 17 31 38 37 37 26 41 26 27 32 38 26 22 35 5 30 26 29 25 31 38 33 27 34 25 27 39 34 35 36 39 43 40 35 32 32 34 48 40 36 42 30 23 41 37 30 38 28 34 43 23 36 38 39 31 46 25 32 26 31 36 38 36 39 24 29 32 17 36 25 33 4 35 28 42 19 34 29 37 46 28 45 26 33 30 31 29 39 30 28 55 40 22 38 38 20 29 33 27 30 29 39 20 18 28 36 25 20 26 36 36 21 28 37 37 30 26 22 31 36 20 38 40 28 16 40 19 34 26 31 16 41 32 38 37 31 20 39 35 24 36 36 41 38 19 34 36 37 32 23 39 32 45 33 27 44 27 34 35 27 24 34 36 16 32 41 35 32 49 34 27 32 39 33 27 37 36 39 34 30 44 39 29 31 25 36 33 43 31 19 18 29 38 32 15 18 28 41 31 33 39 28 40 32 30 35 31 29 28 32 42 35 41 27 38 28 23 37 35 39 35 32 38 30 28 25 27 23 31 30 29 27 31 50 32 31 34 38 32 36 32 27 30 44 28 29 27 43 32 39 26 38 35 36 25 34 25 20 16 27 33 35 27 35 28 16 35 40 36 33 30 27 28 37 39 25 34 29 24 18 34 44 33 37 19 34 35 31 47 27 27 5 40 41 12 31 38 39 25 32 32 41 33 32 40 36 29 26 46 33 33 46 32 41 31 26 33 48 31 42 29 27 33 41 33 27 36 34 41 33 28 15 34 45 27 36 27 32 27 26 41 20 30 30 40 34 41 28 51 21 36 28 25 39 30 33 29 42 31 25 41 30 35 34 36 44 34 32 26 22 31 13 39 25 26 31 33 34 45 0 35 35 18 31 44 42 32 36 31 39 37 33 35 33 37 22 40 33 34 37 25 35 34 26 56 26 43 38 29 41 24 34 33 33 14 45 31 25 38 25 34 35 30 21 36 38 31 36 35 19 34 27 30 25 32 30 29 31 23 30 29 25 40 39 33 27 42 37 34 30 29 25 27 23 35 32 37 34 37 29 33 39 28 37 39 32 36 30 23 42 30 50 29 31 25 21 31 28 21 37 25 36 25 33 27 33 40 31 26 32 38 37 31 28 23 35 
24 27 11 33 10 31 19 23 28 22 38 35 27 20 20 23 37 29 27 32 21 23 29 27 42 32 29 16 25 30 31 34 38 25 26 31 30 23 26 27 34 30 35 35 40 28 31 32 41 21 31 38 29 37 35 34 34 33 37 27 35 15 14 29 35 33 30 26 23 27 31 32 37 30 34 20 29 27 38 22 15 28 22 28 26 34 34 22 27 20 22 37 25 26 53 29 39 34 25 17 17 34 37 35 30 34 29 24 29 33 37 12 20 29 39 14 18 25 33 25 37 21 32 27 30 35 37 24 33 28 18 30 30 25 32 35 14 32 27 19 24 31 32 35 29 32 31 38 34 21 30 27 35 12 25 37 48 35 20 35 27 21 27 32 13 22 34 26 21 28 38 16 37 33 8 26 27 25 29 30 19 27 29 18 33 33 35 18 21 29 33 25 34 20 25 23 31 38 19 18 32 35 24 24 26 36 33 40 22 16 34 32 32 24 24 29 37 15 33 25 26 37 22 26 30 33 37 40 19 30 31 20 25 34 33 36 22 40 36 33 25 27 27 24 35 27 24 38 31 30 32 44 30 31 36 25 33 32 31 23 28 32 34 30 27 28 16 39 28 38 34 32 32 27 25 15 28 32 32 7 31 28 24 30 20 36 31 31 34 31 30 30 37 23 9 30 28 23 29 12 33 36 19 31 29 38 29 26 34 22 32 17 38 30 35 44 30 32 24 35 22 29 39 23 29 28 34 41 35 21 18 35 39 34 34 25 20 39 21 36 26 37 23 19 36 27 27 27 43 19 29 36 34 2 37 20 8 35 28 28 25 23 36 25 42 29 33 22 35 36 17 29 20 23 30 16 37 6 21 28 34 22 36 25 0 23 31 28 43 29 29 40 27 35 27 22 20 25 30 32 29 36 32 25 25 30 15 25 45 36 24 31 33 22 31 32 27 29 31 34 25 47 37 29 44 43 27 18 32 33 34 35 17 31 32 35 24 22 26 40 27 29 17 36 28 25 43 35 29 8 31 29 38 27 25 11 21 28 16 34 28 19 36 21 34 28 9 24 28 30 23 29 27 32 42 47 18 30 30 25 23 17 22 40 26 33 26 29 26 24 34 33 36 21 25 32 25 26 29 26 
31 31 36 26 31 35 32 13 39 28 37 30 26 22 42 29 37 26 20 36 21 28 29 19 34 29 36 35 37 30 35 43 38 26 21 39 37 37 21 26 35 42 29 31 41 21 38 42 28 27 24 25 35 40 38 37 24 38 36 41 34 29 30 36 22 24 25 31 10 25 18 28 42 36 34 19 24 35 37 25 38 25 17 36 24 42 33 18 15 25 26 29 23 31 45 29 35 29 32 11 19 26 42 38 23 39 26 33 29 36 39 6 32 46 40 27 18 43 34 35 24 8 28 22 17 38 30 14 25 26 5 22 32 20 31 33 26 26 30 34 16 33 35 22 29 18 39 39 30 39 25 27 33 32 28 32 45 33 13 27 32 25 37 36 24 37 32 31 25 37 36 27 24 26 24 28 14 22 33 33 31 27 23 29 38 35 33 27 14 38 27 42 27 25 26 18 24 36 30 33 33 37 17 35 31 31 26 33 24 27 33 33 37 33 29 27 30 2 34 35 27 34 35 45 36 29 32 37 30 27 34 22 35 29 35 35 31 39 28 28 20 42 33 33 32 30 27 40 25 35 26 38 33 32 39 30 21 22 40 28 28 26 29 36 26 28 21 38 25 31 43 34 24 21 29 30 36 26 30 32 24 15 38 33 35 30 32 39 32 33 35 30 40 13 30 20 39 40 27 31 31 29 31 36 18 34 19 28 28 35 38 26 38 23 36 37 33 41 37 34 32 43 33 41 19 24 22 47 38 28 8 31 31 30 36 26 29 43 33 35 23 26 23 32 39 31 27 33 41 28 38 29 50 27 37 21 31 40 30 32 28 33 25 35 40 37 30 13 40 31 29 26 20 32 35 28 43 31 27 31 39 22 32 15 34 0 29 27 39 34 31 36 35 30 36 32 29 27 38 28 40 37 30 29 19 27 34 33 47 25 40 27 29 30 35 27 29 25 29 45 23 40 37 30 31 34 37 24 27 38 35 28 38 34 32 34 19 10 20 39 34 36 24 28 28 37 44 35 22 33 35 30 30 37 18 26 19 35 32 34 33 27 41 26 29 29 25 33 38 28 28 29 28 28 32 42 29 30 19 17 17 27 27 41 27 27 21 35 15 23 26 28 26 31 27 29 32 31 29 21 
24 27 33 20 31 29 26 19 32 15 38 8 28 29 20 26 41 22 21 31 21 26 24 23 36 21 30 16 35 26 31 33 20 33 26 30 27 22 20 30 16 30 28 30 38 14 32 37 40 22 30 34 32 36 40 23 29 26 13 38 35 15 24 26 33 33 33 27 28 24 31 28 37 31 23 20 23 20 38 22 32 27 22 31 23 36 37 25 26 25 21 27 12 25 43 28 30 28 25 17 26 35 41 39 34 34 25 33 18 33 34 24 13 29 39 27 18 28 27 31 33 26 33 25 26 31 31 27 29 28 23 19 30 19 26 28 14 23 29 28 30 25 35 31 24 19 25 20 29 21 24 27 36 32 27 27 47 22 20 32 25 21 29 35 24 29 31 32 24 28 34 16 46 32 21 19 35 20 28 30 19 24 22 29 30 27 11 26 13 38 22 25 27 20 20 17 30 14 27 30 27 43 23 25 32 36 32 14 30 29 31 11 34 23 24 22 29 25 26 34 26 27 29 35 32 22 29 28 28 24 14 19 18 12 16 34 22 34 30 25 18 39 30 18 27 27 27 46 17 32 9 26 19 38 28 31 32 29 30 28 27 24 28 27 25 23 24 22 26 32 28 26 21 16 28 9 17 25 35 7 25 33 36 30 18 40 28 24 31 31 30 30 37 26 9 31 39 23 28 34 28 28 12 31 36 32 26 34 36 20 20 17 35 24 28 30 24 32 33 33 28 40 33 26 22 26 20 42 30 20 18 30 29 23 10 25 29 38 14 34 25 36 23 32 38 20 27 39 40 30 28 10 34 24 37 15 8 35 30 28 17 32 20 26 30 22 25 22 34 36 17 28 22 26 22 16 38 28 24 30 34 17 30 27 26 34 0 31 36 35 25 23 24 30 33 24 31 19 35 29 28 36 29 25 22 25 33 25 53 34 33 28 33 25 24 26 27 26 30 33 26 41 36 24 40 29 36 31 29 36 34 34 17 31 24 32 18 21 28 35 24 26 20 25 11 30 43 33 16 28 29 24 35 32 17 18 14 19 29 33 22 21 22 21 28 35 22 24 32 27 29 29 22 26 42 41 29 29 30 22 20 24 22 40 26 23 25 37 26 27 24 13 30 27 29 27 28 22 18 24 
31 28 36 26 21 26 29 36 34 26 34 27 28 27 38 20 39 25 20 28 25 16 23 31 31 28 24 30 31 28 32 35 30 31 28 33 31 30 19 18 26 35 24 29 33 20 35 27 35 16 28 20 20 39 39 34 29 30 35 37 23 22 28 31 29 41 24 22 20 22 25 21 37 25 23 24 22 8 45 26 31 26 24 29 21 39 6 23 29 26 21 31 25 14 44 24 23 27 17 14 24 27 38 33 32 30 24 25 31 19 33 23 24 40 34 21 22 17 34 26 19 25 33 13 12 21 25 24 14 29 22 17 30 18 33 24 27 21 13 31 24 19 36 17 22 25 36 30 26 16 23 26 24 30 11 30 39 17 19 28 22 29 28 23 18 24 29 27 23 20 36 29 42 29 26 23 41 9 25 22 26 22 18 22 30 21 30 28 20 29 32 35 26 23 9 16 28 27 21 24 30 39 21 30 25 39 30 32 26 22 28 30 22 27 33 33 35 29 33 29 29 30 32 18 21 29 41 23 25 17 28 24 29 26 29 28 23 35 25 26 27 34 18 37 19 28 18 36 29 33 30 35 30 36 32 24 28 27 26 29 26 19 27 26 28 21 22 30 23 31 35 20 19 16 16 28 30 21 24 25 28 32 30 25 12 35 30 35 17 37 22 31 38 23 23 27 32 37 25 4 22 32 29 25 34 35 24 30 23 14 24 18 33 27 19 35 14 35 31 27 23 39 37 15 29 14 28 45 24 26 31 36 33 26 32 19 21 33 25 27 24 37 27 26 27 27 19 37 39 19 31 28 43 27 40 4 26 29 29 29 25 15 36 26 23 10 26 30 23 36 24 20 24 15 26 24 32 24 12 14 37 15 34 25 25 27 22 0 34 28 33 31 28 28 29 23 20 13 25 20 31 30 27 17 20 20 7 29 45 27 28 23 36 23 12 25 31 19 12 30 14 40 25 27 26 15 28 29 18 25 37 32 31 33 27 7 17 26 15 33 29 30 25 23 26 31 38 37 22 33 18 13 31 30 23 27 25 20 34 28 29 24 40 15 27 30 27 16 29 25 22 30 25 30 37 40 23 18 30 25 23 22 25 44 25 24 23 13 29 31 28 26 37 22 26 16 31 10 23 12 
35 38 41 37 28 33 37 25 28 34 31 31 30 38 42 30 38 36 21 30 34 27 16 35 37 38 30 32 28 28 27 31 43 35 35 28 30 36 32 23 39 39 36 27 44 24 28 32 44 26 39 37 25 37 39 34 25 37 36 45 34 28 20 22 39 27 35 31 29 32 36 22 37 35 34 20 35 19 43 35 36 34 36 34 31 41 17 31 34 37 27 38 34 30 53 35 32 40 40 23 35 34 43 36 25 27 26 34 40 29 26 18 32 47 40 25 31 42 19 33 36 27 30 22 29 32 36 15 25 28 24 35 32 31 32 19 26 39 34 26 25 30 39 34 27 36 42 37 35 38 30 24 33 34 32 37 31 28 32 11 43 26 36 28 22 29 37 32 31 39 39 28 25 11 34 38 33 32 34 33 32 40 30 25 38 32 30 35 30 22 34 34 36 24 31 29 39 36 31 34 33 41 32 30 31 29 41 37 28 33 11 34 29 17 34 41 34 21 33 32 28 36 40 38 26 42 34 34 30 28 26 27 31 29 28 31 34 31 31 28 32 24 23 29 30 32 29 52 15 32 32 43 30 31 12 30 35 31 31 40 30 36 32 31 32 26 33 34 33 32 38 30 37 27 21 20 20 4 16 29 31 34 33 34 16 24 24 30 10 34 32 31 43 32 27 21 35 41 22 29 29 40 31 33 37 36 35 32 34 18 35 29 20 31 30 40 25 27 35 30 31 47 36 40 32 25 14 36 34 26 20 32 40 36 33 23 13 39 27 27 32 26 36 30 32 32 39 41 43 28 26 33 52 35 40 27 29 37 16 39 20 40 37 28 34 21 28 21 39 32 30 25 25 27 6 16 37 34 17 35 27 28 41 16 33 21 23 29 0 34 37 35 23 33 34 31 29 24 40 31 29 37 8 28 31 26 32 31 53 32 39 33 28 28 23 38 33 31 23 34 25 41 29 30 43 26 34 37 27 44 35 40 35 31 27 18 30 29 26 37 20 22 22 36 9 39 44 38 33 41 36 31 36 31 31 16 33 39 22 32 37 32 38 23 34 14 15 39 25 6 28 30 28 37 38 43 18 22 31 26 29 26 25 46 29 32 22 24 32 25 35 36 42 30 37 39 30 21 21 21 
19 20 31 18 26 28 4 20 17 27 25 25 25 23 40 21 26 27 21 27 20 20 30 30 35 31 20 13 23 25 24 33 28 21 23 30 23 22 22 20 24 27 29 24 26 22 24 29 29 17 20 18 22 31 19 23 25 22 29 37 15 14 24 28 23 25 26 24 11 19 19 19 34 26 19 19 25 12 33 21 23 19 19 33 18 35 31 22 27 18 16 27 22 22 43 20 27 30 22 18 20 23 29 36 24 27 7 28 14 26 34 7 25 26 26 6 17 31 23 28 17 9 30 23 10 28 35 15 6 25 6 24 13 21 23 30 11 28 27 35 22 11 34 15 28 26 35 28 26 18 26 26 30 32 28 31 36 22 14 32 24 20 31 17 23 26 25 18 26 25 25 13 45 27 21 25 34 14 24 26 18 29 23 20 22 13 23 24 15 34 28 22 33 17 25 19 25 30 13 16 11 21 18 24 32 15 22 28 29 26 33 28 18 27 21 28 31 25 30 21 21 23 7 31 23 18 22 20 8 15 30 22 20 22 32 20 15 27 29 21 22 24 20 20 23 25 20 34 27 19 19 30 19 28 33 31 26 23 29 21 23 27 27 27 27 27 22 32 25 31 30 12 26 22 18 11 26 26 32 27 29 16 22 27 27 7 30 30 24 30 27 23 32 14 6 21 17 20 17 25 14 30 24 28 17 19 20 33 29 29 27 10 36 28 20 38 18 29 16 19 27 39 29 29 20 7 27 34 16 11 15 32 29 19 26 2 25 37 26 22 17 27 22 11 29 27 20 30 38 29 28 24 31 22 16 22 5 32 31 21 30 34 26 23 27 14 26 19 29 32 16 17 21 8 27 28 35 26 14 21 13 23 27 16 20 25 20 28 41 0 31 33 25 31 31 27 30 5 22 12 27 31 24 24 20 23 28 24 54 29 25 25 30 27 16 20 23 26 19 32 18 40 8 8 24 31 23 25 28 39 29 24 14 28 25 32 20 24 21 21 26 28 25 21 21 23 30 30 23 28 29 26 33 16 19 24 20 21 29 27 21 23 28 18 23 24 22 21 33 22 29 22 6 26 33 43 28 1 20 23 18 27 1 39 5 31 15 35 16 24 24 29 27 26 25 21 33 14 10 22 
16 21 16 25 15 25 23 28 22 16 24 12 8 20 25 15 32 23 21 22 13 21 25 24 33 29 21 21 21 22 25 26 23 30 19 23 22 15 20 27 19 35 26 27 30 20 21 36 25 11 23 27 32 37 36 33 29 27 23 32 22 7 12 16 19 35 24 16 21 20 15 18 35 20 23 12 20 21 30 14 18 20 25 30 19 26 23 3 25 19 18 31 27 9 47 10 31 28 19 21 17 24 35 23 22 20 22 27 26 23 35 17 14 27 27 19 10 28 31 6 26 7 21 25 19 25 28 22 25 23 16 29 23 19 24 29 19 33 24 11 21 30 17 24 21 24 30 23 27 15 24 19 32 17 25 31 37 34 12 30 21 17 8 24 18 14 20 24 20 22 35 19 30 25 13 20 25 21 19 15 11 13 20 19 23 32 15 21 13 30 26 15 28 20 21 17 23 24 19 22 17 19 16 17 16 32 25 32 6 21 30 15 28 11 29 23 29 13 14 25 18 31 26 31 30 26 31 27 23 14 24 20 19 26 26 24 16 38 27 21 24 32 30 22 19 17 24 39 23 23 26 37 29 31 34 15 31 26 34 22 20 21 28 22 25 20 21 32 22 32 30 31 22 30 19 13 25 23 20 12 22 14 28 24 24 26 18 21 19 32 24 21 29 24 14 28 29 28 21 17 27 28 13 33 17 20 23 10 37 24 26 11 30 21 25 32 20 37 23 23 3 34 29 26 10 20 30 37 27 6 23 16 33 27 29 17 21 34 15 20 18 25 15 24 36 21 21 30 34 23 21 28 39 7 34 16 13 34 9 22 23 28 24 6 36 23 17 24 18 17 9 23 19 20 28 21 38 11 24 28 31 22 30 23 5 24 19 20 41 19 0 33 25 27 18 3 24 24 35 13 32 28 25 21 22 29 20 15 49 32 26 12 28 27 22 26 11 10 23 37 20 41 27 14 31 29 27 21 22 31 26 25 11 34 30 21 18 20 29 32 14 16 22 25 17 22 31 33 21 13 21 25 23 22 17 16 15 4 21 27 22 22 26 24 28 31 14 18 9 23 13 20 12 26 31 28 23 20 18 22 20 21 19 32 20 27 23 27 14 16 28 17 25 2 30 18 30 16 25 24 
27 19 35 22 28 28 28 31 31 14 33 27 29 27 38 15 26 21 18 35 18 27 23 16 33 27 14 32 33 25 23 32 35 25 23 29 26 21 17 25 34 38 27 20 32 15 24 34 36 26 22 20 27 38 40 23 32 25 34 37 37 18 26 25 30 34 22 29 18 13 26 22 38 35 31 17 15 19 41 24 31 13 22 31 12 29 27 25 31 27 21 24 28 24 40 27 29 25 27 17 24 28 38 40 30 31 22 31 26 28 33 16 12 36 20 28 15 25 24 31 19 18 22 22 12 30 29 22 29 34 15 26 28 16 29 27 22 30 22 36 25 37 38 17 25 21 35 38 27 32 21 24 27 31 20 24 42 28 23 31 24 22 29 30 29 31 20 29 21 30 32 24 45 31 24 18 36 19 32 33 22 31 21 23 29 39 10 29 10 34 23 36 26 21 19 14 29 35 28 31 19 39 22 28 11 37 24 32 26 32 27 30 23 29 33 21 26 27 32 25 24 25 31 34 28 27 27 34 26 18 27 24 17 9 8 24 31 41 27 24 25 34 25 28 29 23 16 36 24 19 28 32 19 30 34 10 28 21 42 30 24 28 25 26 22 29 23 35 25 29 38 35 28 31 23 19 9 24 31 26 23 25 37 31 34 39 27 23 20 34 32 27 40 21 27 28 33 34 25 33 31 25 11 34 28 29 18 30 36 26 26 28 30 22 20 31 15 36 29 23 28 39 31 23 27 13 24 34 20 29 26 27 26 28 33 28 25 39 13 23 11 33 20 33 34 19 22 26 35 27 27 28 44 26 38 14 27 35 30 20 27 29 32 27 31 21 28 28 23 38 20 25 25 25 28 26 40 25 19 23 35 25 27 23 30 28 23 30 43 32 25 0 23 31 36 28 28 31 33 6 40 29 18 16 21 22 35 21 53 11 35 34 33 25 23 23 22 23 27 38 15 38 34 16 26 30 27 29 26 33 32 26 32 31 27 28 15 26 30 25 23 25 26 23 29 33 24 30 18 27 28 23 34 16 14 25 13 29 32 25 31 23 32 26 25 24 25 26 34 16 26 26 14 23 41 33 34 27 26 26 19 26 23 40 23 29 18 34 22 26 21 19 36 27 28 26 34 11 10 21 
41 36 42 37 35 43 31 36 16 29 43 32 33 37 42 36 37 36 33 31 35 27 38 30 40 43 31 38 35 40 40 37 46 45 39 44 32 36 32 28 46 37 30 37 48 32 36 37 52 32 19 25 30 34 41 17 28 40 31 37 39 33 31 39 37 47 40 25 35 30 33 40 50 33 34 34 35 34 55 34 33 30 37 32 29 41 42 34 42 36 26 36 34 30 52 41 25 40 42 28 34 33 44 39 34 41 37 37 40 40 39 29 27 49 37 38 32 40 30 37 24 33 41 33 17 42 40 36 39 38 30 38 43 31 38 42 33 42 34 42 31 43 42 22 40 36 38 50 41 38 36 33 35 37 32 25 49 24 35 40 41 34 39 33 35 45 37 35 36 37 38 35 48 44 30 33 44 34 28 33 34 43 36 36 46 45 25 34 25 38 29 46 41 33 34 29 43 32 35 38 33 41 36 39 41 37 21 45 28 38 44 35 48 34 38 36 41 32 35 42 38 19 34 38 31 42 43 30 7 36 21 37 32 24 23 41 39 44 34 33 40 51 28 42 30 29 34 41 35 36 31 26 13 27 41 40 33 41 28 39 39 34 40 35 28 43 32 29 38 30 43 33 40 44 26 33 3 39 25 29 34 40 44 32 34 49 38 38 35 31 34 33 52 38 31 42 46 45 35 27 34 32 26 36 43 40 38 32 49 32 40 39 47 33 14 39 40 30 45 40 34 39 28 38 23 29 27 40 37 33 33 36 38 38 48 34 32 36 28 40 28 46 36 43 37 34 27 45 48 39 42 41 38 36 38 29 27 40 40 37 37 38 39 37 25 21 33 41 39 35 33 30 38 35 35 33 43 28 22 35 35 39 30 37 36 30 40 41 54 44 32 30 0 42 43 34 40 37 46 23 26 41 35 38 30 31 30 37 55 37 35 30 31 26 23 33 16 35 37 31 29 39 40 30 31 47 31 36 38 48 44 23 39 33 32 43 30 39 43 43 37 36 35 28 33 45 41 33 33 40 30 36 41 33 29 33 28 36 31 38 42 26 46 26 40 25 26 41 29 33 38 32 28 26 44 46 40 33 39 32 28 35 23 43 27 36 32 45 38 37 36 37 30 33 37 34 43 36 4 32 
33 38 35 34 19 34 35 33 39 27 29 28 35 36 40 27 33 32 30 32 26 34 36 35 26 35 40 32 30 32 42 35 34 38 36 31 38 30 29 34 30 47 39 38 43 28 31 34 45 34 36 41 32 47 37 41 31 37 33 40 32 24 30 35 37 45 31 30 27 29 35 19 38 29 25 25 32 32 42 24 39 35 32 38 28 49 39 30 27 32 29 30 21 32 46 20 37 37 28 22 33 37 28 34 29 27 29 33 27 26 29 28 25 32 41 23 23 25 36 35 32 18 31 36 33 28 41 31 31 39 29 24 31 28 28 40 34 28 33 37 22 39 44 30 37 33 39 34 31 24 33 30 45 27 34 36 53 31 25 43 30 28 39 33 26 32 36 37 32 31 44 30 30 37 24 31 39 25 29 39 24 29 33 20 28 41 23 35 22 32 33 37 33 21 27 26 36 34 20 23 30 43 29 30 35 37 37 28 30 32 43 31 32 37 36 34 38 27 30 21 28 28 38 34 31 31 38 31 30 15 34 22 30 21 36 20 29 27 20 19 27 27 28 38 21 30 25 49 26 26 18 10 37 44 42 34 22 34 44 32 30 24 37 31 34 37 31 42 31 20 39 12 26 30 36 29 33 36 32 27 35 25 29 22 20 39 34 33 34 45 30 34 10 30 29 37 30 35 27 36 42 37 24 34 28 35 31 34 39 22 34 28 43 34 41 42 36 50 33 19 34 42 39 23 36 29 22 41 16 29 28 39 32 24 30 30 23 41 26 39 33 32 28 28 37 32 30 30 43 33 36 24 43 26 38 22 27 43 26 39 31 41 31 37 45 34 19 36 41 38 22 34 32 24 36 26 41 30 35 21 35 31 33 32 36 25 20 33 38 38 45 38 36 0 37 34 34 33 32 37 42 37 34 32 29 28 15 28 58 30 40 37 17 38 19 35 35 29 29 47 31 29 41 27 33 40 23 38 32 33 36 38 37 23 18 37 27 24 31 42 33 32 33 27 20 30 45 27 30 32 35 31 36 23 26 27 26 31 32 37 31 34 42 39 37 40 25 27 40 32 32 33 25 29 16 49 31 34 25 23 31 29 23 27 27 31 23 41 21 29 27 33 14 33 33 32 36 32 32 35 
15 4 23 24 24 33 25 27 24 9 27 27 25 23 26 10 24 16 25 29 19 13 18 17 28 23 32 28 16 20 8 27 28 28 30 24 21 16 24 14 24 39 22 29 33 25 16 23 31 18 29 28 16 37 35 22 30 20 29 32 32 13 17 18 15 29 32 25 24 21 11 24 32 27 29 18 27 14 29 20 2 22 26 27 20 30 21 20 26 22 24 19 26 16 32 22 28 31 22 12 20 33 24 32 21 23 20 30 32 25 28 20 7 27 34 25 16 31 27 20 31 22 30 19 26 30 24 20 26 19 19 26 25 23 28 22 31 29 11 15 27 33 19 30 23 23 33 28 27 24 22 20 30 26 26 29 35 32 18 26 29 23 25 19 27 18 28 13 19 25 20 25 40 28 20 13 30 14 26 7 17 21 16 26 22 35 25 5 19 29 11 29 21 15 14 21 25 30 6 9 26 11 22 16 23 27 31 27 23 25 25 30 28 25 28 16 14 18 28 20 24 19 28 32 17 22 30 30 24 23 21 28 12 24 23 19 25 44 22 23 27 37 14 26 25 22 26 41 19 25 23 24 22 32 30 26 32 24 31 25 20 23 32 21 10 22 18 26 20 32 34 33 18 19 12 22 19 19 12 26 18 29 15 32 27 31 20 17 28 34 27 26 35 20 28 25 36 37 27 19 20 34 6 28 32 18 21 2 26 19 26 22 34 17 23 41 20 39 31 18 17 34 24 29 21 20 27 32 28 11 22 15 21 23 26 15 20 33 8 12 20 35 21 30 23 14 24 14 34 25 22 23 43 22 32 9 21 35 24 5 15 30 33 23 29 16 23 26 25 34 15 16 10 19 28 21 35 26 8 23 29 20 30 21 22 17 24 15 34 30 29 25 18 29 0 20 26 27 34 30 29 33 26 27 16 16 22 23 48 23 24 29 26 28 17 30 3 21 27 34 15 41 30 23 27 30 22 5 24 33 31 33 26 35 22 22 22 26 18 24 16 18 7 31 24 16 38 33 20 22 23 18 25 22 2 18 8 19 28 31 20 21 31 21 22 28 21 21 21 24 24 25 21 30 34 37 25 23 28 28 14 22 17 38 21 28 19 16 24 11 28 28 23 19 31 21 15 16 13 18 
26 23 13 31 12 22 21 25 29 24 21 31 5 22 22 12 30 28 27 23 22 25 22 29 42 32 18 18 18 24 27 36 35 27 16 33 28 25 26 28 31 32 28 24 31 26 18 34 43 8 26 24 30 34 36 35 34 32 29 29 31 17 16 23 21 35 27 17 25 17 17 24 32 17 28 21 21 25 40 24 17 17 24 27 16 33 23 24 24 22 24 34 24 6 50 28 35 33 16 19 19 25 37 26 32 17 27 26 23 30 32 14 22 31 24 16 19 25 29 23 23 23 31 23 16 22 26 26 26 21 20 28 32 25 33 28 16 32 21 21 24 31 14 21 25 30 27 35 25 12 30 28 33 14 23 35 34 32 18 31 18 23 5 33 15 20 17 26 23 19 40 18 27 23 10 19 29 25 20 32 21 27 22 20 24 33 34 20 19 31 29 27 33 22 25 23 29 30 21 20 22 36 22 26 17 32 28 29 24 18 31 31 29 26 26 31 30 17 31 22 26 32 24 28 31 27 39 36 21 24 30 17 18 25 32 21 24 42 37 18 21 29 28 26 32 24 24 40 20 23 28 39 31 33 31 16 30 27 33 22 22 31 32 19 29 27 18 38 19 29 27 32 24 27 16 17 24 25 28 9 20 30 26 21 21 27 25 33 16 33 29 28 39 25 11 31 30 25 29 14 24 34 21 31 31 27 24 27 34 23 23 19 34 19 26 42 21 34 26 20 24 31 26 23 7 17 28 34 24 23 20 36 36 28 35 22 22 41 14 20 15 36 24 21 37 26 18 29 32 21 31 25 36 4 33 20 10 31 6 24 26 25 35 3 33 27 30 24 15 14 19 28 22 25 25 18 38 8 22 25 33 24 27 27 2 25 25 30 45 20 29 39 29 31 25 0 22 25 32 10 31 33 22 19 24 31 17 25 47 29 26 33 35 24 19 32 28 11 29 36 21 38 28 19 30 32 24 20 28 28 34 22 8 32 31 24 24 19 26 41 21 23 19 27 14 27 28 30 27 10 22 28 20 20 23 13 23 30 18 28 29 21 38 21 34 28 11 15 30 20 14 27 17 23 33 25 20 21 30 25 25 19 21 42 25 35 20 30 26 26 31 25 36 23 27 23 27 17 22 24 
45 42 46 32 37 37 35 42 35 35 41 47 40 37 44 33 50 39 33 30 39 31 35 43 40 43 41 37 41 37 38 42 32 39 32 39 33 42 33 27 28 50 18 43 36 35 41 47 49 29 42 41 40 45 51 43 37 32 51 48 30 36 36 29 16 50 38 34 34 22 36 39 48 38 38 32 34 28 44 40 41 36 38 43 21 45 36 31 28 36 26 42 27 34 58 18 42 41 41 34 34 36 46 46 46 37 34 40 33 35 27 35 33 46 49 36 36 43 28 38 40 39 28 33 33 43 23 27 36 20 36 34 31 32 44 38 35 38 35 37 41 37 47 38 24 31 37 32 41 42 37 33 44 45 33 42 42 37 41 22 33 25 43 32 33 40 29 44 29 40 46 37 36 40 31 39 39 33 27 32 40 22 12 35 43 39 31 37 28 33 34 42 43 35 33 30 42 47 39 42 40 39 35 46 37 40 44 26 39 33 22 50 42 28 41 40 44 37 44 42 40 28 38 45 41 23 41 35 36 37 35 33 34 27 29 38 41 48 34 36 33 43 38 27 39 37 32 47 18 31 24 35 39 42 40 36 34 35 42 39 35 36 41 40 28 33 32 39 34 44 37 34 19 28 36 23 30 15 40 38 17 43 48 46 27 47 31 44 29 46 37 41 38 26 30 33 45 40 32 42 40 43 32 45 38 44 32 30 46 29 32 36 39 16 39 41 34 46 40 40 35 50 45 41 32 34 33 46 38 29 38 45 44 24 49 32 24 50 30 32 34 40 29 41 41 40 43 47 41 36 37 22 44 42 51 28 39 49 40 31 29 45 32 39 43 30 37 33 43 44 38 29 28 39 34 27 48 37 32 36 38 29 45 28 40 40 39 38 48 40 42 40 42 30 45 38 0 31 37 42 40 50 27 29 30 40 45 45 25 38 47 40 31 37 32 39 31 31 34 45 33 53 38 37 47 38 44 39 35 51 48 46 38 42 36 30 31 23 38 40 27 29 25 40 20 49 49 41 28 42 39 37 50 40 32 19 32 46 38 46 37 30 47 35 41 33 32 40 41 25 34 40 35 41 45 54 29 31 46 37 28 35 36 52 39 40 41 36 43 34 39 38 28 37 36 40 33 30 30 32 
18 15 27 27 25 29 29 28 34 22 24 31 30 22 36 19 28 27 23 27 15 26 28 29 35 30 28 23 18 20 19 28 29 27 25 25 18 17 22 29 25 43 32 22 34 22 26 32 40 15 25 35 33 26 38 35 35 17 36 35 27 9 19 30 34 41 26 31 22 15 30 22 41 24 33 14 25 27 32 16 27 15 21 33 14 38 29 24 22 13 11 30 25 29 43 15 29 30 28 14 19 33 37 31 24 22 24 35 28 21 38 23 20 27 29 23 12 38 31 23 24 13 26 18 27 23 33 25 23 28 23 19 28 21 26 29 27 23 22 32 25 6 38 32 30 26 34 29 29 35 26 21 29 28 27 33 48 30 14 34 26 19 33 28 25 35 22 26 22 35 37 21 42 27 19 26 32 20 24 34 13 24 26 21 17 8 18 30 15 36 28 35 28 24 24 19 25 32 8 11 33 38 18 19 33 32 27 23 25 27 30 28 35 28 32 29 30 20 25 16 16 25 28 30 26 32 33 27 25 27 30 23 25 24 32 15 10 22 29 23 24 36 23 33 34 20 20 41 25 21 22 32 31 32 36 32 28 23 31 16 18 22 30 26 27 30 17 38 27 33 34 7 21 25 25 26 21 29 32 23 27 20 17 35 31 34 32 31 22 34 32 18 27 24 23 31 31 33 19 28 9 30 19 30 23 29 20 29 38 33 28 5 32 26 32 37 27 39 27 14 28 37 34 36 28 15 26 34 11 24 23 27 32 33 33 19 29 36 21 25 13 27 17 28 32 27 30 25 33 24 23 19 39 18 41 19 24 38 34 16 25 34 26 31 40 29 33 27 37 39 11 29 21 27 30 31 36 22 25 16 34 24 33 26 30 26 23 32 36 38 31 38 24 36 39 28 25 0 27 29 40 26 20 23 15 26 31 19 50 27 35 30 29 27 27 28 30 29 21 45 24 42 25 30 28 26 18 24 23 39 24 29 31 36 32 30 20 22 30 34 28 30 20 28 24 18 33 28 23 24 33 28 31 18 19 22 21 35 27 27 16 24 33 34 30 26 20 31 34 18 32 17 28 29 37 50 30 18 20 26 13 23 26 34 22 26 10 36 16 28 27 27 31 27 36 26 28 29 22 17 
34 36 42 29 34 38 35 37 42 24 33 36 35 38 45 32 50 22 25 38 24 23 42 39 30 26 39 40 35 29 40 43 41 31 33 35 40 33 24 24 40 42 39 34 47 24 37 34 48 28 27 38 27 43 48 40 36 39 39 37 35 25 32 39 35 48 21 33 30 29 33 30 45 37 30 23 27 31 33 31 41 30 29 45 28 45 29 30 30 37 29 28 24 26 44 37 39 32 38 24 35 41 42 44 19 35 29 33 30 32 39 30 38 45 45 29 21 40 39 33 30 4 40 26 35 34 40 34 37 32 33 30 35 23 31 37 29 34 26 31 33 42 41 28 32 28 42 44 34 34 28 30 37 43 24 35 41 34 16 39 39 28 35 30 27 34 31 35 28 41 35 20 53 29 26 38 42 32 36 29 29 35 33 31 36 44 36 42 17 37 23 42 44 28 24 21 27 40 35 38 36 46 20 35 33 35 29 38 33 34 43 39 45 36 41 47 33 33 31 38 35 31 38 34 28 34 28 40 33 26 36 33 38 32 38 38 36 35 24 31 21 45 25 42 26 33 28 43 35 43 35 34 36 35 41 32 34 32 45 40 31 34 32 33 29 43 33 36 35 36 47 31 32 39 23 33 39 36 34 35 34 11 44 38 30 26 35 49 36 36 30 33 43 33 33 40 38 43 37 27 31 32 37 32 14 33 30 37 46 32 33 35 41 33 39 40 37 47 39 37 30 39 36 38 37 30 30 50 35 33 32 34 30 32 39 34 28 41 39 34 28 22 26 34 34 35 40 41 46 31 38 37 51 33 45 27 29 36 26 37 34 36 21 33 30 17 39 26 35 43 27 22 23 28 35 31 39 36 19 27 42 38 31 35 32 36 29 23 46 36 39 36 43 38 39 30 32 36 0 31 43 37 34 32 31 26 30 35 57 34 39 39 25 39 19 30 38 27 35 48 25 45 44 33 44 30 36 40 30 46 43 31 38 33 38 30 22 35 38 45 37 37 35 32 37 40 49 34 25 39 38 36 38 40 21 29 39 41 34 37 34 30 50 22 32 34 27 37 36 32 30 36 31 27 28 47 32 37 15 34 29 31 30 49 30 37 36 36 11 19 25 31 22 29 33 39 43 33 32 25 
23 13 35 32 22 22 29 29 33 26 29 21 27 26 41 29 20 21 26 31 12 30 20 24 34 25 8 26 32 24 17 33 29 27 17 36 34 33 23 23 28 39 30 14 26 23 18 34 34 28 16 14 27 32 36 28 30 33 28 38 34 26 24 28 28 38 20 32 16 7 24 26 33 36 25 11 29 23 37 26 25 7 28 25 6 23 21 22 25 25 15 25 28 26 41 29 28 33 29 11 23 38 34 34 24 25 27 32 20 24 30 22 24 30 14 26 9 37 23 25 13 16 34 22 6 26 37 20 29 30 26 22 30 28 23 23 23 26 20 30 24 31 35 11 33 31 37 32 26 32 27 18 32 34 23 31 44 22 28 35 18 16 25 30 28 33 14 23 28 32 38 18 47 25 18 24 30 21 30 32 30 27 27 25 31 33 24 28 22 28 26 34 35 20 21 26 28 29 29 30 29 37 21 25 25 34 18 26 24 26 21 24 33 23 29 33 22 25 30 19 29 29 32 33 28 24 33 28 24 25 28 18 26 21 30 18 32 35 28 22 31 28 25 31 24 17 14 30 32 13 25 29 24 24 28 24 22 23 40 28 22 26 37 32 31 32 21 35 19 27 41 29 24 28 23 22 30 30 30 31 30 23 36 29 30 37 30 34 14 28 29 21 34 19 21 26 35 35 26 33 29 37 23 33 26 27 20 28 30 32 20 27 24 30 25 39 27 31 23 17 22 40 25 35 25 7 18 28 14 25 24 35 27 25 36 22 26 37 25 17 5 27 14 31 34 27 16 28 37 25 38 22 42 26 35 16 24 41 26 14 22 33 26 25 36 25 22 24 17 34 28 25 24 27 22 29 39 30 19 19 32 27 27 21 24 30 27 35 39 35 19 35 27 36 37 22 26 25 30 0 38 23 12 20 19 24 36 15 47 19 33 28 27 19 19 35 29 26 27 32 14 36 28 27 20 24 21 28 27 36 34 20 28 30 21 22 27 20 27 33 26 28 24 17 27 29 18 30 28 32 30 25 28 10 26 20 25 23 26 19 29 29 35 27 31 18 19 28 28 10 29 20 25 26 40 45 33 21 20 25 17 20 20 41 21 27 26 28 16 31 24 26 33 21 33 23 32 25 15 21 
19 23 19 20 18 34 23 21 29 12 31 23 7 24 28 15 28 19 16 19 22 18 21 20 31 20 20 12 21 16 27 30 33 27 22 27 24 19 15 19 29 33 25 25 34 15 20 28 35 20 28 26 21 8 32 19 20 23 28 30 28 16 20 23 19 31 27 27 17 19 15 14 33 29 26 9 18 17 33 8 7 19 18 30 18 32 26 16 19 24 20 22 15 21 38 23 25 23 25 17 21 35 29 27 20 30 13 29 21 30 31 13 10 32 25 12 19 23 26 19 25 15 15 22 18 24 29 10 19 12 12 15 19 14 21 25 17 19 22 20 17 17 16 23 16 19 30 30 24 24 19 24 9 20 24 9 38 10 19 29 30 19 21 24 21 23 19 18 16 28 12 19 40 25 14 16 33 17 16 11 18 20 19 15 27 19 8 10 8 30 21 28 18 16 17 12 17 29 11 14 17 15 23 26 24 30 29 29 2 22 28 24 31 24 22 19 18 21 25 24 12 23 24 31 22 25 29 16 23 10 4 17 15 7 6 23 21 27 25 22 21 35 19 23 28 3 21 33 17 20 12 30 17 26 33 23 25 24 2 27 14 25 23 24 20 27 21 12 23 27 33 18 17 24 17 14 7 22 16 15 23 22 20 29 21 34 25 21 22 26 30 7 32 20 12 16 23 26 15 20 20 16 9 29 23 25 21 6 31 23 31 16 36 22 18 31 23 34 19 22 16 32 28 21 23 19 10 24 22 16 16 23 24 26 25 8 25 10 11 16 17 23 24 17 28 17 27 19 28 25 25 25 37 10 31 12 9 36 22 24 20 27 22 19 29 19 26 16 17 27 18 19 15 19 33 24 33 14 13 27 28 23 15 11 16 20 15 20 32 30 15 13 20 22 19 16 26 11 28 12 0 22 24 23 19 20 23 11 51 24 21 16 31 28 21 21 7 21 17 5 20 36 14 14 32 31 26 10 24 30 20 21 20 29 27 27 13 14 23 28 21 23 12 28 14 21 29 18 16 16 26 21 22 22 12 10 11 19 22 21 25 18 27 22 23 21 15 24 22 22 24 6 12 21 38 31 26 7 16 18 17 11 16 26 20 32 21 21 12 16 19 22 28 15 26 24 20 19 8 21 
29 34 32 24 29 33 19 19 28 32 30 25 24 30 36 25 36 13 20 24 19 23 29 37 36 28 29 31 23 22 38 36 36 32 28 36 32 31 19 26 34 40 34 29 40 19 24 38 41 21 22 18 33 38 35 35 37 38 34 33 29 23 14 29 26 37 23 26 23 24 31 30 40 30 32 18 22 27 43 26 33 28 24 28 23 34 30 19 27 29 19 29 30 25 45 26 24 27 33 24 27 34 33 35 14 26 24 33 29 33 39 12 30 43 40 24 16 42 34 22 25 21 28 26 24 35 22 27 20 30 18 31 30 18 30 36 24 35 27 27 27 40 33 23 27 23 31 38 33 31 23 25 35 33 25 30 47 40 11 37 35 23 24 31 22 30 26 30 21 36 26 25 37 24 8 33 27 25 29 31 27 27 28 18 33 42 28 35 12 37 14 31 38 23 25 16 10 35 30 33 31 35 15 24 26 39 24 38 22 16 38 28 32 24 28 39 28 15 28 31 30 22 22 37 34 29 23 34 19 28 31 20 26 27 33 30 32 25 30 26 27 39 31 24 28 28 24 26 17 36 30 29 31 30 37 25 33 28 40 32 26 30 27 32 24 33 25 38 36 31 34 26 29 27 29 15 34 31 29 23 16 28 39 33 35 36 30 41 23 19 33 32 43 26 25 33 28 39 16 33 36 27 29 36 31 35 25 26 34 35 33 27 36 15 34 35 30 42 32 29 19 35 31 40 26 26 8 39 30 21 14 29 31 30 31 29 30 41 22 29 26 39 21 29 37 34 34 38 41 32 37 34 50 23 40 20 24 44 25 30 25 31 38 22 38 29 26 26 34 33 25 28 18 23 35 28 43 27 25 28 37 28 33 28 21 23 31 36 43 29 36 38 36 33 35 19 33 34 29 26 38 0 29 27 23 28 36 31 58 35 24 28 34 22 25 25 27 26 18 43 25 40 37 28 24 39 33 32 31 13 38 26 27 33 25 31 17 22 26 39 27 29 17 29 28 35 44 36 20 29 31 29 5 33 16 11 31 32 16 32 37 19 39 34 27 35 9 32 25 27 23 31 26 29 45 44 27 30 32 28 21 14 25 44 25 36 31 37 28 32 27 26 33 18 32 27 25 26 27 25 
33 31 37 34 32 35 32 17 31 26 34 23 31 32 35 28 34 33 25 22 28 19 8 29 34 30 31 31 30 20 35 36 35 31 32 36 30 33 24 15 31 31 38 34 36 28 31 24 36 24 31 29 17 36 32 32 32 29 28 39 26 25 19 35 33 35 32 33 28 24 29 14 29 33 26 25 27 11 35 31 38 30 28 32 23 42 9 26 32 29 27 34 27 22 50 31 24 32 34 17 29 30 45 37 32 37 29 27 33 32 18 24 24 43 37 26 25 34 38 29 28 26 39 26 21 34 28 32 17 32 23 30 26 23 35 11 18 32 26 34 17 22 40 26 26 33 34 29 28 30 28 33 29 40 24 35 36 20 30 40 35 32 31 20 31 37 31 35 28 35 39 20 42 37 26 30 32 26 33 25 29 35 33 25 33 24 22 31 22 32 32 38 28 16 26 21 31 29 24 27 25 40 24 30 29 32 33 29 27 25 40 26 25 30 26 33 35 20 26 32 31 32 35 30 18 34 39 26 22 20 18 27 29 21 20 31 26 23 28 20 24 42 15 33 22 25 31 45 32 33 24 39 28 32 35 32 37 27 29 32 31 32 32 23 31 26 27 26 25 36 42 23 32 19 13 24 18 33 40 22 34 33 25 38 26 43 35 35 2 26 24 29 42 31 24 14 35 38 14 21 21 32 23 25 36 35 30 31 26 24 27 21 38 33 22 44 17 36 31 30 26 41 39 32 33 17 6 46 27 28 12 27 36 28 25 27 24 42 25 30 28 27 30 31 24 29 31 34 36 26 34 25 46 30 33 21 22 29 32 32 12 32 34 29 26 13 20 26 31 39 27 17 27 19 29 27 32 27 9 27 30 20 37 33 28 20 15 34 31 36 29 27 15 32 38 26 27 16 38 23 35 33 0 20 25 18 24 23 52 24 31 26 37 28 15 30 31 27 15 40 17 45 35 22 35 18 32 30 31 36 39 33 32 38 19 10 22 27 18 38 33 33 30 28 26 34 41 40 30 36 28 23 28 30 23 29 25 33 22 31 32 27 30 15 31 33 27 33 32 27 30 28 20 33 48 43 36 28 28 18 29 33 18 38 22 33 25 16 24 30 31 28 38 25 29 33 36 13 19 25 
30 29 33 19 18 29 27 29 30 20 28 27 15 24 37 17 36 18 17 28 24 22 28 23 30 22 28 27 33 25 33 32 33 24 25 30 24 27 16 9 29 36 29 26 29 22 28 18 31 13 27 28 11 32 35 29 23 23 32 34 24 21 25 25 25 38 17 22 13 15 21 18 37 22 17 22 19 21 44 23 31 23 21 26 14 37 29 20 26 23 28 24 18 11 37 27 20 24 14 7 21 30 35 38 27 29 21 22 24 12 36 20 18 39 34 20 21 23 31 23 27 22 30 6 20 14 25 17 24 26 19 10 27 15 27 17 20 14 6 28 21 25 24 25 19 18 34 33 22 19 20 24 17 30 4 27 30 28 16 33 25 27 25 14 27 27 22 24 20 17 36 22 43 29 22 24 38 6 25 19 25 15 23 22 29 27 26 31 17 24 29 32 32 20 6 13 26 20 27 26 27 23 20 23 22 33 29 29 10 20 33 30 34 20 33 27 32 26 27 31 27 27 30 21 12 26 34 29 23 18 22 24 23 23 24 30 20 38 27 23 24 31 9 36 13 21 11 42 25 33 27 34 25 35 29 21 32 20 26 26 23 16 24 17 21 18 19 21 19 28 28 26 12 31 7 27 25 26 24 26 24 29 32 28 27 32 26 29 22 35 19 25 35 16 20 20 31 33 26 29 15 30 17 31 31 29 17 14 39 18 21 24 30 23 30 28 26 37 27 29 20 36 32 21 22 23 21 42 30 23 24 33 26 23 29 16 15 30 19 24 21 30 26 25 18 23 16 28 30 12 28 27 43 24 32 1 17 35 26 30 18 28 29 23 29 16 19 23 20 30 23 11 23 12 23 18 27 25 3 7 34 12 27 18 22 26 19 27 27 25 24 22 25 25 30 20 13 19 18 20 24 36 20 0 17 12 22 19 38 18 35 29 37 20 18 22 15 16 22 29 21 37 22 24 34 23 25 26 11 30 35 29 22 30 25 23 14 21 31 30 23 24 22 19 29 33 38 30 15 29 15 10 22 30 20 25 19 25 28 29 26 22 36 21 24 26 23 13 26 18 19 24 22 23 40 41 32 15 23 22 25 15 22 39 22 17 25 29 20 28 21 23 34 19 29 13 28 22 20 5 
22 12 31 28 13 17 24 28 30 25 30 28 23 7 31 14 30 31 14 31 13 11 19 14 34 35 21 31 28 22 16 32 26 22 16 37 29 29 13 26 22 29 32 13 25 22 28 35 29 14 26 26 28 34 34 27 20 29 38 37 34 21 20 27 29 39 30 25 26 6 25 24 28 23 24 15 16 22 36 20 21 6 18 23 5 34 20 18 24 6 22 25 21 14 40 22 27 21 13 10 4 30 34 38 29 34 18 27 19 26 29 18 25 39 35 17 20 35 22 18 15 23 29 22 27 28 28 10 27 27 23 24 24 12 27 22 28 28 19 19 22 18 23 30 16 27 31 26 25 22 17 27 33 25 25 24 43 21 15 28 13 22 23 31 26 22 13 27 17 29 38 19 40 20 21 23 33 27 28 24 25 23 26 28 29 20 23 24 16 31 29 27 33 17 27 10 26 36 20 21 29 34 19 24 24 32 28 25 21 29 23 31 32 22 30 34 21 21 26 18 22 28 27 35 29 23 34 27 22 23 19 17 27 22 21 17 22 34 28 20 21 27 26 34 23 22 24 39 23 23 24 32 23 34 26 23 24 18 36 9 20 7 21 25 15 15 2 27 14 25 31 19 26 27 24 28 22 29 25 24 22 30 23 27 30 28 24 33 13 35 31 26 32 9 26 16 38 40 23 22 21 31 24 30 16 26 15 25 29 32 19 17 23 21 24 38 26 30 24 16 15 39 35 33 15 6 17 38 23 9 23 28 27 24 35 19 24 40 26 16 4 36 25 22 28 26 28 18 35 15 35 21 41 22 34 22 23 36 24 13 13 25 31 21 35 24 21 16 23 27 23 24 8 28 20 22 37 26 20 21 30 9 26 11 20 27 25 18 32 28 16 28 26 22 27 18 16 12 32 28 34 22 11 26 0 23 25 30 41 18 32 27 31 17 26 19 26 19 25 39 13 34 32 26 30 23 20 9 27 35 30 30 26 27 20 21 11 19 26 27 25 27 5 19 26 28 39 21 24 28 30 31 27 20 20 24 26 20 25 18 28 19 22 22 21 17 18 25 21 9 22 25 24 24 38 35 23 25 32 23 24 29 19 37 19 26 16 27 28 28 22 20 35 17 23 30 13 24 14 21 
31 35 35 26 34 39 32 27 35 18 37 33 27 32 28 34 38 25 22 32 28 31 27 26 37 32 33 24 40 29 39 36 42 34 30 33 30 25 21 29 38 38 31 31 47 21 35 41 42 30 38 35 35 49 42 25 38 29 37 36 36 22 30 29 36 38 35 33 24 26 32 30 42 39 38 27 24 23 45 28 37 31 26 36 26 42 38 22 38 31 30 28 32 28 44 29 34 29 31 25 29 41 42 42 37 39 26 35 38 36 37 20 16 37 39 35 25 29 36 25 34 22 37 28 27 43 37 28 28 36 19 35 32 20 37 31 22 38 28 30 33 42 36 32 29 25 39 42 37 29 25 34 39 35 33 28 46 34 27 35 35 29 27 38 36 33 33 39 25 34 36 24 49 40 29 22 43 23 36 34 26 34 25 31 38 44 14 34 14 36 27 33 30 25 23 18 38 38 32 35 23 38 31 32 30 41 35 39 25 37 34 25 37 30 32 25 30 31 33 35 32 29 35 38 36 31 45 38 30 26 10 31 21 13 12 35 30 33 31 28 29 47 33 32 34 30 32 47 32 31 32 36 23 41 39 29 43 30 47 34 28 32 29 30 26 33 27 18 29 33 42 42 37 35 31 23 13 28 35 15 31 29 41 35 38 43 31 27 31 39 36 34 44 27 17 34 41 31 24 36 39 18 15 38 32 33 27 29 42 30 38 25 43 30 24 37 29 40 40 34 22 38 39 27 29 28 16 43 39 25 22 31 30 32 34 32 36 43 17 36 29 40 30 40 39 23 33 42 43 31 31 35 42 26 39 18 16 43 28 36 31 33 39 25 35 25 32 30 37 36 24 29 33 29 38 24 39 30 27 36 39 29 31 29 24 35 29 34 43 36 21 19 27 35 38 22 32 36 47 25 45 42 31 33 25 0 39 32 57 30 39 31 41 36 27 27 26 27 26 50 29 42 39 20 41 33 37 34 30 37 40 37 25 35 38 39 19 33 34 42 27 29 30 38 33 37 43 34 22 31 32 27 42 28 18 32 17 25 37 34 35 27 36 29 29 35 30 30 28 29 30 33 18 27 45 37 41 32 33 34 23 17 27 46 27 38 28 45 29 30 25 28 40 21 32 30 38 25 14 27 
33 26 33 28 15 19 31 35 32 29 27 22 25 32 32 32 35 31 24 21 23 27 30 24 38 35 38 28 30 32 30 37 36 36 32 40 25 32 23 29 35 32 25 28 47 13 33 38 42 28 26 36 31 35 40 32 40 36 35 34 37 24 26 28 28 43 30 15 26 25 32 34 30 37 34 22 26 34 47 30 24 31 28 34 24 43 34 20 29 31 25 37 28 26 53 25 30 31 13 26 29 23 34 26 26 23 28 37 34 31 40 24 27 41 41 14 20 10 35 23 29 28 29 31 32 33 27 30 39 32 27 29 34 22 34 31 26 33 18 28 37 43 34 27 31 27 35 39 22 9 27 25 36 23 29 34 49 37 15 28 15 24 25 33 11 17 32 23 27 16 38 28 42 22 20 16 36 31 18 29 28 34 19 30 40 45 25 24 16 34 29 32 41 27 31 20 26 36 28 23 32 33 19 34 20 36 28 33 23 28 29 25 34 23 36 36 32 24 31 23 32 34 34 38 32 33 35 36 29 31 31 27 32 22 33 27 33 45 32 24 31 30 29 32 30 30 24 38 22 28 34 41 28 29 28 32 35 32 29 34 30 32 31 24 28 32 27 39 16 35 38 38 31 35 27 23 24 22 17 19 21 35 29 18 5 40 30 36 32 33 34 34 46 29 21 34 40 35 35 32 28 31 26 36 38 37 29 24 44 7 20 28 29 20 29 29 37 36 24 26 20 36 35 8 27 28 36 42 42 23 30 33 39 34 32 33 30 26 28 34 29 30 25 19 38 23 15 34 37 22 38 29 46 24 37 26 20 40 26 27 33 35 29 23 34 21 28 34 35 34 26 31 22 35 22 28 35 18 23 26 34 34 40 31 22 22 35 28 46 36 40 40 37 37 22 20 23 37 30 30 27 38 30 25 25 32 0 32 48 38 36 29 36 33 23 29 25 27 37 32 16 44 41 29 36 38 25 27 34 18 36 30 28 37 37 35 21 29 36 42 26 28 29 33 27 30 45 43 24 30 20 35 40 25 20 23 28 33 28 33 38 29 36 26 31 36 21 12 26 28 30 33 27 36 30 45 16 34 23 38 27 15 22 48 26 36 26 35 33 24 34 27 33 19 33 35 37 33 19 30 
24 25 29 27 31 32 14 25 23 25 23 29 22 27 31 20 33 25 21 27 21 18 32 32 20 27 24 11 25 19 29 34 33 26 21 25 28 23 20 24 29 32 15 30 33 22 26 28 34 16 26 30 27 22 30 28 30 27 28 38 36 15 9 24 28 30 24 21 16 19 24 29 39 25 25 20 23 22 38 21 28 23 17 23 18 29 33 20 22 23 19 29 14 21 45 24 34 28 27 23 24 29 33 30 9 25 12 34 20 28 26 7 23 31 38 11 18 30 29 25 20 14 27 22 22 30 34 20 30 29 11 14 18 19 25 31 16 18 22 21 22 16 31 18 28 26 22 33 28 23 24 27 30 24 20 29 45 24 19 20 28 25 27 29 25 22 21 31 16 30 25 18 32 32 3 28 22 19 24 26 19 19 26 13 26 18 21 30 15 31 13 27 32 22 20 17 27 29 18 21 29 26 23 19 21 33 28 33 17 11 36 32 33 19 26 32 31 10 32 26 25 21 17 32 28 24 18 30 14 25 17 15 21 14 19 25 20 32 14 26 20 34 25 19 30 2 18 43 19 31 11 28 24 31 38 20 28 27 35 26 27 21 28 27 22 28 22 25 29 17 29 17 16 22 23 10 20 29 31 18 28 21 27 19 20 31 26 34 26 27 32 6 37 19 11 26 22 25 28 30 19 30 22 25 22 24 24 21 29 22 34 15 36 27 25 32 25 34 8 24 22 40 34 28 25 23 23 40 21 16 20 32 31 25 36 7 22 42 17 24 21 12 23 16 34 29 29 35 40 28 29 29 36 23 34 15 19 37 28 26 20 32 11 25 36 24 28 21 30 36 17 26 15 18 32 25 32 24 19 23 31 23 32 21 24 18 30 31 31 24 28 26 30 34 27 22 29 10 24 27 33 35 24 23 20 27 33 0 54 27 19 29 35 17 26 26 22 26 30 38 20 26 13 26 36 20 28 29 27 38 33 10 19 20 27 27 18 17 21 39 22 24 12 24 13 28 42 35 23 29 26 24 36 28 19 6 24 26 11 29 24 14 26 23 28 29 4 26 28 22 18 5 24 28 31 42 29 6 5 23 18 19 19 39 23 33 20 33 1 27 26 27 32 23 30 26 20 21 15 21 
23 23 32 27 27 34 28 19 37 33 34 31 25 21 41 28 35 35 24 20 20 30 32 28 31 32 37 35 37 26 27 28 27 19 31 30 35 22 23 20 23 42 36 32 32 23 28 28 42 28 30 28 22 20 42 31 32 34 36 23 17 14 23 33 29 34 36 26 32 23 25 24 42 37 27 19 9 22 19 21 35 25 27 25 22 41 33 20 31 33 25 22 31 26 38 27 29 31 26 27 18 34 41 32 33 37 28 15 36 36 2 21 31 34 38 31 17 42 27 23 27 30 38 29 20 38 32 22 23 33 27 34 34 22 31 39 28 36 30 28 24 32 34 25 26 26 32 27 32 32 27 23 40 33 32 34 41 28 19 40 34 24 25 19 30 31 30 31 24 38 38 26 46 32 17 36 36 29 17 21 18 35 30 25 23 34 34 35 16 36 29 32 30 26 29 20 30 37 33 35 32 25 23 21 27 42 32 21 23 25 40 34 35 28 37 40 32 24 31 34 25 20 31 41 23 33 42 22 28 20 30 26 34 33 32 13 31 44 25 20 30 41 20 27 33 26 30 37 30 33 32 27 27 38 35 26 36 15 40 36 27 31 31 28 28 25 29 32 30 35 37 29 32 23 18 24 23 33 26 28 31 35 41 37 32 37 28 42 26 33 12 30 36 35 29 28 35 38 19 33 26 31 30 37 30 27 12 16 30 29 27 28 37 30 28 39 28 44 32 32 20 25 36 40 27 13 34 41 33 23 14 33 24 16 33 24 35 41 31 26 23 36 22 36 29 33 30 32 41 25 28 17 36 23 43 24 29 43 26 24 24 35 27 23 37 24 32 28 25 34 16 22 26 29 29 32 44 27 14 31 40 23 25 23 22 30 23 34 43 30 30 30 30 32 36 20 26 26 42 29 39 35 28 28 28 20 36 24 0 29 33 29 34 19 26 29 17 21 21 44 16 44 37 29 34 29 36 23 24 41 33 34 28 37 31 21 21 26 22 38 31 26 25 29 25 29 42 28 23 29 31 27 33 36 20 20 32 33 13 31 29 26 45 29 31 22 18 35 26 26 24 29 27 21 48 45 35 30 29 25 27 23 28 34 27 23 25 20 25 30 19 13 31 19 40 32 33 24 18 28 
34 24 32 34 35 39 31 34 35 31 28 24 28 31 36 23 41 29 30 38 33 30 29 5 29 31 34 26 22 17 28 38 36 35 36 34 39 35 29 26 32 46 37 34 42 4 35 37 41 30 38 32 38 41 33 34 33 38 29 43 29 27 28 38 30 39 28 35 24 28 26 15 34 39 27 26 32 30 48 34 28 33 32 43 27 35 30 28 25 32 32 20 27 28 36 37 26 37 31 18 28 37 45 34 29 36 27 39 25 39 39 27 29 45 26 17 30 35 34 27 23 26 30 32 24 41 37 28 20 34 26 23 27 28 36 40 30 27 27 32 18 31 37 21 36 33 38 31 16 29 33 39 20 25 31 36 39 37 32 41 35 31 22 27 26 35 19 36 28 34 43 32 44 27 27 35 35 23 35 37 31 28 31 16 35 33 27 31 22 34 35 41 29 17 23 26 25 30 32 35 26 41 31 36 33 33 40 30 28 34 28 25 32 33 30 38 38 23 35 38 13 34 25 43 39 29 16 27 26 11 30 18 32 21 32 38 29 47 23 32 24 40 36 34 23 17 22 41 27 21 25 41 34 29 41 37 31 31 42 35 15 32 37 40 34 35 36 38 15 41 37 32 25 28 34 25 24 34 32 23 31 33 41 38 28 46 34 40 23 33 36 21 44 27 25 20 26 39 16 33 34 37 28 30 36 38 28 32 35 30 33 24 45 30 35 20 8 45 27 37 33 45 43 33 25 25 31 36 36 29 29 24 22 30 26 22 25 33 28 22 31 36 24 22 45 17 33 40 30 21 38 26 50 27 34 18 23 51 23 25 33 41 35 26 37 32 32 34 37 31 29 28 33 20 35 28 37 31 30 34 31 29 38 29 25 21 16 31 40 42 40 39 21 42 40 23 22 25 22 26 42 23 33 35 34 33 36 24 47 0 36 23 46 37 29 32 33 33 18 47 32 50 28 23 38 39 40 31 37 36 21 34 25 40 31 31 27 20 27 14 36 32 33 27 21 40 30 33 30 21 32 27 28 31 26 28 30 30 35 38 35 26 21 37 30 38 28 30 39 31 36 20 21 34 50 42 31 21 29 19 34 28 19 34 23 34 7 37 25 31 32 29 44 32 36 30 41 32 25 31 
31 29 27 30 24 34 17 29 17 26 21 30 28 24 27 14 34 26 27 16 25 28 35 31 36 8 31 22 28 24 33 32 31 24 25 38 30 30 28 24 31 37 29 23 24 28 20 33 39 26 28 30 26 35 32 33 29 29 23 41 28 22 16 11 32 38 25 10 21 23 28 21 40 34 29 24 14 25 43 16 29 23 21 28 22 39 37 24 27 23 13 27 27 26 43 24 28 35 29 21 21 18 38 26 32 17 20 32 27 18 42 19 24 36 33 19 22 37 29 30 23 22 32 20 22 29 27 25 19 35 19 25 26 27 13 31 21 29 17 35 24 24 37 21 16 29 36 35 16 28 32 20 26 28 19 36 45 29 27 34 30 12 28 29 28 36 29 27 22 15 38 23 39 37 15 29 26 21 13 24 26 30 28 22 17 26 27 19 21 33 33 32 35 23 15 25 28 24 18 21 24 34 21 31 10 28 30 29 24 23 28 32 22 31 31 33 31 17 13 22 20 35 20 36 27 31 35 33 21 17 24 22 29 21 26 21 28 31 30 18 24 31 24 29 25 24 19 33 22 27 24 23 29 36 43 9 32 20 29 26 22 24 36 32 32 15 19 32 31 33 39 16 27 31 22 20 19 31 38 14 21 29 27 35 31 20 29 35 30 37 32 28 32 24 16 31 30 30 23 28 23 36 28 36 30 29 17 28 39 33 35 23 27 20 19 43 14 33 29 20 27 43 28 35 30 18 30 37 20 22 25 31 29 32 32 15 24 37 25 32 21 36 22 24 33 17 31 25 37 26 36 25 41 18 29 16 15 34 29 30 24 33 31 26 30 27 23 28 35 36 24 26 24 21 37 23 33 13 18 22 26 26 30 26 29 24 22 32 42 13 33 33 28 22 27 27 27 18 33 25 27 30 28 15 17 25 31 27 52 33 0 33 30 27 21 33 29 26 25 32 14 42 21 21 34 38 24 26 25 43 28 32 24 36 28 30 26 22 31 27 34 27 22 27 24 28 37 33 26 24 15 25 35 24 25 16 25 29 23 21 31 24 34 28 30 27 16 28 33 26 7 27 19 26 38 47 33 14 29 25 15 22 14 34 18 23 23 30 25 28 24 18 27 26 35 26 30 10 20 19 
25 27 32 28 28 28 25 30 31 26 32 29 24 8 35 15 34 32 15 21 28 18 26 15 27 36 35 17 28 23 31 38 28 27 23 32 24 30 14 23 24 38 14 24 27 26 28 35 36 15 34 33 31 39 38 29 33 23 24 43 26 22 23 25 7 36 31 25 22 13 3 25 35 24 29 27 17 22 39 21 28 21 19 24 12 35 26 19 30 21 17 30 18 21 46 14 34 22 28 19 5 31 35 11 35 28 18 28 24 32 34 18 24 37 36 17 25 34 19 22 30 20 24 24 29 34 29 23 28 11 17 20 24 13 33 29 22 24 26 20 23 19 24 31 15 27 32 28 26 29 18 34 35 33 24 25 38 28 25 18 24 16 24 28 29 23 20 37 18 36 30 24 32 31 27 30 30 25 18 23 26 13 8 26 30 21 22 31 19 29 21 31 34 18 26 11 34 25 21 24 30 30 27 32 28 34 36 22 22 24 18 32 36 24 31 31 24 24 30 24 23 19 28 38 32 14 26 31 23 28 25 24 29 18 20 28 23 35 33 21 22 32 29 18 30 23 28 38 22 27 15 26 25 35 27 27 36 23 38 24 21 9 22 26 19 16 17 33 25 26 28 20 10 24 27 19 21 11 31 25 23 27 30 28 23 23 25 35 20 33 37 12 29 22 17 29 28 31 26 24 22 34 23 31 17 30 20 21 37 25 28 18 28 22 26 38 28 35 27 27 19 45 36 32 26 21 24 40 24 16 26 25 32 15 21 13 20 43 25 23 19 38 20 22 32 27 35 19 36 16 33 18 35 23 35 21 24 38 16 28 20 26 28 22 37 24 28 29 30 33 24 25 15 29 21 23 38 27 23 27 32 10 33 24 21 28 26 20 37 31 17 34 31 21 28 19 17 13 32 29 36 33 18 20 15 26 27 31 42 24 36 0 33 18 26 20 22 22 26 41 20 35 19 27 39 29 26 10 29 38 31 38 25 28 27 21 12 26 29 28 23 25 12 31 16 31 40 36 24 29 30 30 30 26 12 23 23 21 32 27 28 20 32 28 22 24 25 32 25 16 25 11 25 29 37 42 25 12 31 24 19 25 20 39 20 31 17 27 27 30 27 21 30 18 27 32 20 24 16 23 
16 28 25 25 23 27 27 30 32 28 12 21 25 23 33 20 38 33 21 25 13 27 30 30 9 28 35 23 21 22 32 26 30 32 23 14 36 15 20 24 29 37 32 29 39 20 16 17 44 27 23 36 26 36 30 36 36 38 26 34 33 7 26 29 24 39 32 31 26 22 31 12 31 36 32 12 23 33 30 14 29 22 19 39 21 37 34 22 22 22 12 36 25 25 50 33 30 28 26 15 20 37 35 39 26 38 22 31 31 27 40 22 26 27 31 24 10 37 20 26 28 24 27 19 28 29 34 26 24 28 21 25 24 19 24 30 21 29 21 33 15 33 34 26 28 24 34 33 21 25 24 19 30 26 19 31 45 35 12 32 29 11 31 29 23 33 29 24 20 31 35 19 42 25 20 30 25 20 22 33 11 30 27 13 15 35 24 32 13 38 26 32 26 14 20 17 23 27 31 31 23 38 16 17 35 30 25 27 25 28 33 24 36 26 30 35 29 20 33 34 18 34 30 32 27 30 35 24 23 8 27 15 27 25 29 33 26 46 3 27 22 34 24 31 28 19 26 39 23 26 22 39 32 31 38 34 28 29 30 25 20 23 28 31 25 31 18 35 30 32 41 34 27 25 22 22 28 30 30 20 28 31 37 34 28 36 31 36 27 32 28 23 29 25 16 32 17 30 20 26 30 28 25 27 32 28 26 29 32 30 33 21 30 27 35 36 31 37 25 32 26 36 24 35 31 22 29 37 38 25 25 29 35 31 23 17 30 34 27 32 20 29 15 29 33 22 30 30 35 25 21 23 26 16 31 15 20 42 9 29 23 32 28 29 39 31 31 25 34 40 9 26 19 17 35 29 34 20 18 22 28 25 39 27 28 18 13 32 41 38 32 36 26 34 35 26 26 27 33 27 28 28 27 15 16 27 29 17 51 32 34 28 0 33 17 26 30 29 22 33 29 41 30 20 42 37 36 25 24 37 26 27 24 34 30 32 18 17 24 32 29 31 21 32 24 22 35 10 21 22 29 24 29 28 17 18 27 21 28 27 30 22 35 28 28 33 21 27 32 25 32 22 18 35 46 51 28 23 22 16 14 21 16 32 20 31 32 34 18 28 33 26 34 25 31 24 29 35 25 18 
19 12 33 31 31 21 29 28 26 22 29 34 20 35 38 28 16 27 33 32 13 23 19 23 36 18 30 30 28 31 16 32 31 34 16 37 33 29 22 26 27 23 32 13 25 22 28 35 42 28 29 32 28 38 39 27 30 32 29 37 30 26 23 27 32 38 29 34 24 6 28 25 32 35 24 31 28 22 33 26 24 6 27 6 5 44 20 27 24 34 26 27 27 26 40 18 35 40 35 10 32 36 44 34 27 25 20 36 19 24 29 20 20 30 39 29 29 39 22 33 15 16 29 22 27 26 36 28 28 31 19 22 26 31 23 22 29 26 19 34 5 33 29 31 32 30 36 31 26 31 26 27 33 33 32 33 36 21 25 36 17 25 24 31 34 37 13 35 27 38 40 19 46 24 21 23 36 23 29 24 30 27 26 28 30 35 21 27 26 34 28 42 16 19 25 29 28 30 18 21 24 28 29 24 24 34 31 25 15 29 36 25 32 22 30 23 21 24 23 18 30 28 32 33 29 23 34 27 17 23 29 17 25 27 31 17 31 25 30 24 30 27 26 33 23 26 23 44 30 23 24 32 23 37 27 23 24 30 38 18 32 35 40 31 33 31 31 37 18 36 40 10 24 27 24 24 29 29 29 32 29 23 27 38 33 36 29 31 13 37 33 30 38 27 30 25 38 40 25 26 32 39 19 32 26 26 29 19 29 34 19 26 23 29 24 38 26 30 24 16 30 39 36 37 33 6 17 38 14 31 23 38 28 24 35 15 25 37 21 16 4 30 34 34 35 27 37 27 34 24 35 21 41 28 36 22 22 40 25 13 23 37 29 33 35 24 21 25 35 33 28 17 32 24 21 28 39 32 20 19 33 28 26 29 29 31 26 22 39 40 39 38 26 38 36 30 25 27 30 25 36 22 11 29 29 23 29 24 46 18 32 27 31 0 26 36 20 31 26 41 25 45 32 21 30 23 20 27 27 27 38 33 27 39 23 21 30 19 26 32 25 27 29 19 26 25 43 29 27 29 36 31 19 20 30 24 21 33 25 12 28 29 36 26 30 17 18 34 36 9 34 29 19 35 40 44 39 25 23 6 27 27 21 44 14 26 25 24 19 18 33 32 34 29 39 30 37 24 14 21 
22 22 31 31 29 33 28 37 36 34 33 27 31 35 40 33 41 31 27 23 19 32 31 30 42 40 36 34 36 28 26 32 27 39 35 24 42 21 26 35 23 38 38 36 39 19 26 42 43 30 29 27 35 41 43 40 45 41 41 40 16 13 23 37 33 45 39 25 32 25 37 30 46 39 40 18 29 34 36 20 34 29 31 37 24 42 32 26 31 34 24 37 32 32 50 33 28 34 32 31 32 33 41 38 32 29 28 14 38 37 41 21 32 33 37 20 16 30 33 29 26 30 40 31 19 39 40 35 22 37 27 35 34 25 30 41 31 39 29 34 33 39 40 24 25 30 39 27 33 34 30 25 42 32 31 37 51 42 18 43 36 23 31 18 17 37 32 30 26 37 41 25 46 31 17 35 36 28 20 33 17 25 35 26 42 41 30 33 19 44 32 38 38 30 28 23 28 42 32 35 38 42 22 23 35 42 31 41 29 24 45 30 34 32 36 41 33 24 37 29 24 19 31 15 36 36 41 21 27 31 35 28 33 30 37 33 39 43 36 22 34 40 35 33 36 25 33 40 29 32 34 26 36 35 43 34 35 35 35 37 26 31 34 40 31 36 30 43 37 36 32 37 22 36 25 24 26 38 36 27 29 34 36 38 11 45 37 42 25 32 11 29 35 35 28 41 26 37 18 32 33 34 31 42 40 36 32 33 43 13 35 34 36 33 37 35 37 43 30 32 26 42 34 43 33 28 26 44 41 29 32 35 39 15 38 23 38 40 31 27 27 35 21 25 42 34 29 40 41 26 27 37 35 22 43 23 28 37 32 23 29 38 34 29 40 27 35 31 41 40 15 37 25 32 37 29 41 26 29 32 40 30 45 36 28 31 29 36 47 38 41 44 32 31 42 26 27 33 36 28 33 18 30 27 28 35 35 23 52 33 33 34 33 31 0 32 34 33 20 38 22 45 36 30 33 41 31 37 36 31 32 33 34 39 34 33 24 26 35 38 35 37 26 30 32 28 41 42 27 28 30 32 23 31 23 20 33 30 25 33 38 27 41 32 34 36 18 35 32 28 32 28 33 41 47 51 22 29 28 34 26 21 28 38 26 42 27 39 24 32 39 32 30 25 14 35 34 35 27 30 
13 21 22 22 21 30 23 30 21 22 30 32 14 26 31 21 21 22 24 27 19 27 28 30 31 26 27 27 27 24 25 23 22 28 25 29 28 21 23 24 18 32 32 4 30 26 19 28 31 17 24 32 33 32 39 20 28 28 29 28 28 13 18 20 25 39 21 22 17 15 21 23 41 14 22 18 26 27 27 16 24 15 28 15 14 32 29 9 15 25 24 28 25 15 44 16 33 31 25 19 23 30 39 29 30 26 28 33 17 17 14 16 20 30 33 17 16 34 26 12 23 25 27 26 24 19 33 21 27 29 22 15 29 22 13 31 24 19 26 17 14 27 23 21 25 21 27 22 16 21 27 18 33 23 24 30 43 26 18 36 26 23 14 24 14 20 22 28 24 28 35 25 36 31 12 26 31 27 24 21 17 20 26 22 29 28 27 20 19 29 24 21 25 25 15 20 29 30 25 28 23 25 22 23 22 25 26 16 12 20 28 32 29 17 34 29 12 19 20 9 20 26 26 26 22 21 39 32 12 20 23 12 25 25 25 8 22 34 25 20 30 36 19 26 18 23 15 44 25 14 22 28 18 32 29 21 21 24 32 20 22 25 31 16 26 24 26 31 27 35 24 19 17 18 25 19 26 29 26 18 27 32 34 30 23 27 22 26 22 36 30 27 33 20 20 27 32 34 23 23 29 32 19 38 34 26 21 16 29 25 22 17 32 26 26 33 21 39 27 7 9 30 27 32 16 11 22 29 23 12 28 22 30 22 30 23 20 31 21 25 13 31 21 22 28 17 27 18 29 27 27 12 32 13 40 22 19 28 15 22 19 34 22 12 30 26 16 27 24 23 15 26 24 21 23 23 32 17 27 12 35 19 31 22 11 27 24 26 32 25 31 32 28 23 25 9 28 21 23 19 30 30 20 27 24 14 26 21 53 27 28 18 22 9 20 0 17 16 25 35 21 44 30 20 21 31 11 27 26 36 28 28 17 8 19 28 21 14 21 27 18 20 21 24 23 19 37 32 18 19 27 31 28 11 23 15 21 33 20 7 28 23 34 30 30 26 13 24 15 18 19 26 18 27 36 34 19 26 26 15 26 18 25 34 9 22 25 31 22 22 25 30 26 8 34 24 29 17 23 25 
34 42 37 40 21 44 37 27 43 27 40 27 29 36 44 34 21 34 32 36 34 36 36 33 40 41 42 42 34 38 40 45 44 40 35 42 39 34 35 38 40 41 40 43 44 22 39 43 42 32 38 39 40 49 51 44 38 38 39 38 43 28 33 37 34 38 39 30 24 29 30 39 55 41 40 33 34 32 48 35 39 39 31 45 28 42 32 24 29 39 38 43 37 30 59 31 39 43 40 25 33 38 52 44 18 41 40 45 36 44 46 20 25 47 33 25 31 42 45 27 29 22 42 36 31 46 44 28 39 38 19 36 44 34 45 40 40 40 41 32 30 44 38 27 42 32 49 38 44 36 39 17 45 27 39 46 51 43 27 41 40 38 29 43 28 35 30 45 35 43 50 40 38 40 34 31 28 32 33 36 32 40 34 40 37 46 30 39 28 40 38 36 39 38 32 32 36 40 38 29 26 40 31 38 30 45 40 46 27 41 43 30 42 32 43 34 44 16 35 39 39 39 40 44 41 40 27 41 40 35 37 36 30 40 39 38 37 45 34 38 34 42 38 35 39 36 35 52 39 34 40 46 40 46 49 29 35 36 46 42 41 40 43 39 40 41 35 45 33 43 45 30 37 35 36 26 39 37 9 33 38 29 35 45 43 40 39 34 36 45 43 40 50 27 35 34 48 49 41 38 43 43 24 45 32 29 33 31 42 16 47 32 46 37 39 38 34 53 35 37 24 40 47 40 31 37 36 49 34 27 22 25 45 41 36 35 41 52 26 33 37 40 36 30 37 32 41 45 52 39 40 42 60 28 48 27 34 49 30 43 31 44 39 27 43 30 38 27 39 38 30 32 34 29 49 39 52 32 32 39 45 36 46 29 26 14 40 41 50 33 45 46 36 44 40 24 40 38 33 34 44 30 34 35 33 41 41 34 61 39 35 33 43 44 32 41 0 24 38 49 25 52 41 23 40 41 28 38 41 43 28 42 32 46 37 33 33 24 34 51 35 37 38 33 38 36 37 49 36 34 35 36 35 31 32 37 26 38 42 41 30 37 41 35 38 40 35 39 18 32 27 39 21 42 46 49 33 34 33 31 31 19 33 53 37 41 35 39 29 37 40 32 40 23 41 39 46 30 37 35 
19 28 34 27 29 31 13 26 26 22 25 26 24 22 23 10 26 17 25 12 21 25 29 29 32 21 29 19 31 30 32 28 27 20 21 34 27 26 24 19 27 33 17 19 20 24 24 29 35 24 24 26 22 40 28 29 31 26 27 37 24 18 17 28 10 34 16 6 17 16 6 17 36 30 25 20 10 21 33 25 26 23 17 30 15 27 30 20 19 23 20 23 21 22 39 17 24 32 25 18 19 14 34 38 28 31 16 31 23 23 39 15 20 32 35 15 18 34 22 33 25 18 27 17 18 25 24 21 15 14 15 21 22 23 26 28 17 25 17 34 20 20 33 23 18 28 32 31 29 24 28 27 22 32 15 35 36 25 23 21 27 19 24 25 24 32 23 23 18 28 33 19 35 34 11 25 30 17 9 26 22 16 11 18 13 22 25 15 17 29 24 28 31 19 17 21 24 28 22 25 11 30 17 27 6 24 26 25 21 19 21 29 18 27 27 29 27 18 26 24 29 22 16 32 23 17 31 26 17 13 28 18 25 21 23 23 24 36 26 21 20 32 20 20 21 28 15 29 19 19 18 29 25 32 39 5 25 16 37 26 28 27 32 28 22 26 19 31 28 35 30 21 13 27 18 11 15 14 34 10 18 25 31 32 26 16 25 31 23 33 28 32 32 20 12 27 26 26 23 25 19 32 26 32 26 25 13 24 35 28 31 19 28 17 15 39 10 29 25 22 30 39 32 32 26 14 26 33 25 20 21 28 25 18 24 11 20 35 21 26 24 36 18 20 29 27 27 21 40 23 32 21 37 27 25 12 11 30 19 29 25 29 31 22 26 23 19 25 31 33 20 17 20 17 33 19 38 9 14 18 22 23 26 22 29 23 18 35 38 9 31 31 26 24 24 30 24 14 29 21 35 39 21 11 24 21 28 26 49 29 27 29 30 24 25 29 25 0 25 40 10 44 17 8 32 32 26 24 22 41 37 28 20 34 32 24 22 20 27 30 26 23 20 27 19 25 22 29 25 33 11 21 33 16 15 14 21 30 19 17 27 20 37 24 23 23 12 24 33 19 3 31 6 22 40 44 28 10 29 21 22 26 10 35 14 24 24 26 25 31 20 14 28 30 30 22 28 6 16 16 
31 21 32 36 29 30 32 30 29 28 37 21 30 26 36 23 28 27 28 34 20 22 11 32 34 31 16 32 37 32 25 35 32 33 25 39 33 35 27 18 32 37 36 22 34 30 26 27 23 27 24 14 20 39 33 28 34 32 29 42 11 28 22 23 31 38 26 36 22 15 27 15 32 36 28 19 30 14 38 34 31 15 31 33 14 31 12 28 25 25 15 25 28 25 41 34 23 35 31 18 23 19 35 40 32 33 32 32 28 30 21 24 26 38 22 22 17 37 31 31 13 24 30 22 6 34 31 26 2 35 23 30 27 26 31 31 21 34 28 36 18 25 30 11 28 35 37 32 24 33 31 26 32 40 27 36 39 23 31 40 26 24 33 13 19 39 22 24 31 34 42 23 45 33 26 32 35 23 31 23 32 33 30 16 36 27 24 20 25 35 34 33 29 17 23 24 34 30 27 30 26 27 27 33 32 33 26 30 25 28 29 24 14 18 32 35 30 23 36 27 28 37 35 33 21 32 38 16 25 11 21 18 31 24 23 26 29 40 28 17 27 36 18 31 24 25 20 30 32 21 25 29 24 32 23 32 22 29 32 28 30 26 35 26 31 27 21 29 27 33 39 26 32 22 16 22 21 33 28 23 31 31 28 35 29 35 25 37 5 36 29 29 35 25 25 32 26 39 13 24 24 29 25 22 34 35 26 18 29 27 15 24 32 30 25 46 20 34 31 25 28 44 33 35 31 15 23 36 22 28 25 39 27 33 26 28 26 43 27 22 13 30 22 27 27 25 16 36 39 28 37 26 48 32 32 18 23 35 27 22 15 35 34 31 29 16 22 29 25 41 30 20 27 20 17 29 29 30 12 27 31 23 35 27 30 21 16 30 34 37 27 30 18 25 29 28 29 19 38 8 35 31 20 23 19 21 27 23 54 27 34 29 35 27 18 32 19 30 0 38 20 42 36 23 20 21 29 28 27 39 36 28 33 36 21 13 25 20 21 39 21 23 24 17 27 31 26 38 32 38 31 26 31 18 26 28 27 30 34 27 35 28 35 21 34 26 27 30 34 18 33 28 21 32 39 46 24 29 28 19 17 23 19 39 23 34 22 19 24 26 30 26 33 27 32 23 32 16 22 21 
14 27 30 37 17 35 31 31 30 33 31 36 16 26 39 23 30 32 21 17 28 30 21 33 38 36 29 26 32 27 27 43 39 33 31 40 36 40 32 27 35 40 34 28 37 31 23 36 42 19 37 35 29 48 42 21 25 40 32 32 39 34 32 34 27 38 31 24 24 21 23 29 42 28 35 4 23 31 28 19 34 21 31 38 20 44 35 33 30 25 15 36 26 17 52 34 36 38 29 23 23 32 27 37 27 28 20 34 32 30 31 20 31 31 35 21 30 38 36 36 26 22 34 22 27 32 28 21 30 7 19 28 26 19 16 33 24 32 24 38 30 37 25 24 11 36 41 39 19 25 36 26 33 29 22 42 42 36 27 38 31 14 35 32 30 33 27 16 35 32 48 26 45 34 27 32 28 24 14 19 32 33 28 25 31 39 29 33 28 36 40 29 41 30 18 29 38 33 31 25 17 26 31 38 24 38 39 39 28 35 31 35 36 36 34 40 13 25 41 32 23 36 34 39 30 31 36 32 35 31 25 23 29 28 27 31 32 42 32 29 32 42 27 26 31 27 25 34 23 25 26 27 30 39 42 23 35 29 42 28 25 26 32 30 34 34 21 33 32 32 36 29 30 33 25 17 20 31 18 26 22 29 31 34 35 29 36 42 28 43 35 31 27 27 19 27 35 33 26 31 33 33 30 41 32 38 26 17 40 25 34 27 38 21 31 46 28 42 31 30 33 34 31 36 18 21 31 38 33 22 28 34 38 32 29 15 33 5 25 27 19 40 23 26 36 20 31 37 40 28 38 35 44 21 43 19 27 42 36 28 25 42 39 14 42 33 33 27 26 32 30 23 27 24 36 29 45 25 21 25 36 28 10 22 25 23 30 37 39 27 32 34 28 17 38 33 29 31 36 21 40 33 26 18 19 15 32 30 54 33 43 39 29 33 24 26 9 18 28 0 28 41 35 14 41 38 34 28 27 39 31 40 27 34 32 30 30 25 32 30 32 34 24 30 28 20 39 13 33 27 29 28 31 22 32 24 32 34 35 32 36 29 37 31 29 32 28 28 27 24 21 30 12 35 33 43 35 28 33 31 17 28 28 37 32 35 31 36 29 37 33 27 26 32 38 31 32 24 21 21 
30 31 36 32 21 25 32 31 34 17 37 32 28 27 45 31 38 24 28 36 11 30 26 31 35 31 26 27 27 28 35 26 28 40 35 37 29 29 27 23 39 41 31 32 43 27 28 32 45 27 14 32 25 30 36 36 40 28 26 37 32 21 28 28 37 37 36 33 30 25 35 35 47 34 35 10 30 22 44 25 37 25 32 35 24 41 37 23 32 26 16 34 30 25 47 20 14 35 28 24 24 38 33 28 18 36 26 36 36 31 34 26 15 40 32 17 8 35 41 26 29 28 31 23 24 33 35 30 36 29 25 29 32 26 22 30 25 33 25 31 31 38 37 27 33 31 39 38 25 32 31 17 34 32 23 34 44 39 26 35 33 15 28 28 14 34 30 22 31 31 36 17 49 39 25 22 29 20 33 31 25 34 25 26 41 40 31 30 20 40 24 35 29 31 20 24 14 27 30 29 23 39 7 31 36 32 16 39 26 33 33 35 36 31 28 24 36 29 34 26 29 32 35 40 26 37 27 37 25 31 27 28 20 19 29 36 33 45 29 29 33 32 23 32 31 33 30 30 30 31 27 39 32 22 43 35 38 36 32 29 31 27 35 30 32 32 22 35 28 25 42 30 31 38 21 23 29 28 40 32 29 35 35 27 36 40 30 26 30 23 33 37 43 29 20 33 36 34 32 37 28 35 20 39 36 39 33 30 45 29 35 28 28 28 33 43 28 35 27 35 23 39 23 33 30 24 33 38 32 26 29 36 36 37 35 21 33 40 16 33 23 43 13 22 32 22 30 38 43 29 35 35 45 27 33 15 22 43 29 32 21 19 34 26 37 24 29 23 34 37 23 25 10 26 37 29 38 31 17 26 30 26 37 31 25 31 33 34 40 39 36 36 26 39 38 23 30 32 33 18 30 39 30 19 20 26 36 31 50 32 41 32 26 34 26 33 31 30 34 35 0 34 36 20 38 42 28 29 28 43 37 18 28 28 28 38 25 30 37 36 26 28 25 33 29 36 36 34 28 30 29 24 36 28 24 28 16 24 33 37 39 27 42 29 35 36 26 27 29 28 33 36 18 33 39 48 19 29 36 32 18 18 18 43 22 31 33 41 32 30 31 32 32 22 36 27 33 24 29 22 
25 20 12 16 11 24 17 24 26 1 28 20 17 15 21 22 15 16 18 12 21 19 21 6 25 20 26 17 23 9 24 17 16 22 24 24 23 16 17 18 12 31 26 21 28 5 13 22 29 18 26 24 30 33 33 23 25 22 25 22 21 16 12 24 23 33 15 24 11 14 19 11 30 27 27 20 20 22 24 1 16 14 22 26 13 27 22 12 9 14 23 21 18 22 37 26 18 25 21 12 12 26 35 32 28 28 19 25 24 11 31 10 19 30 18 15 19 26 30 22 23 19 30 11 16 13 27 15 12 27 16 9 23 16 25 22 15 13 19 20 11 21 26 21 20 15 21 16 17 22 21 12 21 13 18 26 39 28 21 30 21 22 23 18 14 23 20 27 18 29 29 17 35 24 6 25 25 23 9 21 20 14 20 16 31 23 21 19 14 23 18 26 22 13 18 14 25 25 20 19 22 25 19 22 24 19 28 10 12 14 29 17 21 19 25 28 29 13 25 3 5 26 17 20 16 27 17 26 17 12 17 18 24 13 19 2 23 33 19 21 16 28 13 20 23 9 9 29 10 8 15 22 19 21 24 23 15 18 32 14 7 15 25 21 20 19 10 25 12 29 30 22 11 12 18 13 15 23 26 8 21 26 25 31 20 21 26 30 15 25 24 13 36 14 10 21 26 24 8 13 24 29 18 26 24 27 15 16 32 22 16 18 31 20 18 21 9 33 25 1 19 24 21 24 18 14 16 23 26 17 19 16 23 28 22 14 21 34 20 23 12 24 18 20 22 18 26 12 22 17 22 6 26 3 30 18 9 36 24 21 13 24 16 22 29 20 21 21 31 32 18 20 16 16 18 17 26 7 22 6 27 13 25 16 21 21 12 26 26 27 24 26 13 26 28 19 18 15 17 18 30 15 19 26 8 16 16 19 43 1 22 21 16 20 14 23 17 19 10 35 13 0 20 19 15 25 5 17 16 28 13 29 18 31 20 22 15 7 24 15 22 24 13 27 13 26 22 26 12 9 29 27 20 5 18 9 20 25 14 14 28 17 22 22 25 25 7 25 25 17 21 12 17 21 40 43 19 13 24 12 6 14 15 19 16 16 8 28 20 24 19 20 26 18 28 18 21 9 16 10 
30 30 23 36 18 27 31 35 36 28 41 21 32 32 32 35 44 35 32 29 27 29 35 36 45 42 41 28 33 36 34 40 44 37 32 37 33 29 28 31 43 42 33 36 36 31 39 40 49 33 34 35 33 44 47 40 42 32 40 39 24 21 26 36 16 45 38 23 32 22 36 34 38 42 36 26 34 21 44 28 27 36 33 40 21 45 36 27 39 32 26 42 27 32 58 33 36 39 21 29 29 31 42 46 38 37 31 22 33 41 45 24 26 41 45 22 24 30 28 30 34 30 37 33 27 43 47 34 30 20 27 34 37 30 38 38 26 21 26 31 36 41 29 32 24 35 42 47 30 17 32 33 37 24 33 39 36 37 23 36 23 25 32 26 25 25 29 31 33 24 46 28 49 30 20 24 39 6 26 32 25 22 27 30 41 43 24 30 24 37 37 37 40 32 33 28 34 41 31 26 40 38 27 31 37 44 36 41 30 28 37 24 35 31 36 35 40 27 38 37 32 27 34 38 34 23 41 29 31 30 33 32 31 27 29 40 34 47 39 30 33 38 31 27 32 33 32 46 32 40 24 29 36 42 36 36 43 40 43 35 34 37 39 23 28 36 28 41 24 39 37 34 19 39 29 22 30 30 35 19 41 37 32 26 32 21 38 37 29 40 19 28 38 35 21 40 9 35 26 24 36 39 25 38 9 44 37 29 46 34 28 29 39 40 32 30 27 44 32 39 27 41 43 28 34 27 33 49 38 30 30 40 33 23 39 31 32 48 27 32 34 43 29 27 40 31 23 39 36 30 35 37 43 14 45 28 20 42 33 31 37 35 42 30 36 23 36 34 41 41 23 17 30 23 30 28 45 18 25 36 42 34 45 35 12 33 35 36 51 40 41 42 37 30 27 27 31 35 38 36 41 42 27 29 30 34 27 31 56 40 36 36 36 34 25 35 30 31 28 45 27 48 0 37 41 38 39 30 38 38 40 38 29 42 37 30 29 34 38 46 34 36 29 38 26 33 49 46 32 20 28 37 35 39 28 23 27 13 28 41 37 30 35 28 36 33 21 20 33 25 34 36 35 41 38 52 30 31 36 37 28 22 30 46 34 36 35 36 32 32 39 26 33 26 36 13 37 23 27 32 
11 24 50 43 43 33 41 28 44 43 42 42 40 47 52 40 42 43 42 44 25 36 31 35 48 47 48 35 49 43 28 44 43 46 28 50 44 42 34 38 39 53 32 25 34 34 40 34 55 41 45 46 40 50 51 39 42 44 47 29 43 34 35 39 46 40 42 46 38 18 42 33 44 44 36 39 40 28 25 41 36 18 39 36 17 56 32 39 36 46 38 39 35 39 52 32 47 49 32 22 44 47 56 50 41 49 41 46 31 38 41 33 41 28 54 41 37 55 34 46 27 42 42 34 38 40 45 40 34 43 39 36 41 40 51 34 41 40 31 49 35 45 46 43 44 34 48 43 38 43 38 39 38 53 45 45 28 33 34 36 29 37 36 43 45 51 25 47 39 50 45 31 50 36 33 35 48 41 41 42 38 41 26 34 42 47 45 39 35 47 45 53 46 31 41 38 40 48 40 43 43 45 38 36 36 35 47 37 35 41 36 45 42 34 42 50 33 36 48 30 43 40 44 47 31 35 46 39 35 29 41 29 39 39 43 29 43 46 42 36 42 39 38 47 38 44 36 56 40 35 36 44 35 53 39 35 36 42 46 41 44 38 49 36 44 43 44 49 30 53 45 40 38 36 36 40 41 29 41 41 40 49 48 52 41 48 41 45 25 49 43 48 50 40 42 37 44 52 37 44 44 50 40 43 52 38 41 39 41 43 31 38 35 39 36 50 26 42 36 28 43 31 48 53 45 18 29 50 44 43 35 49 41 36 44 38 38 29 42 28 16 48 42 46 37 39 48 39 44 29 48 33 53 43 48 36 37 49 37 25 35 53 43 46 43 30 36 37 48 45 36 9 41 38 33 41 50 44 32 33 33 37 38 41 45 39 34 46 36 53 51 50 38 50 48 43 30 39 44 40 45 34 23 41 42 35 47 42 55 30 44 39 43 30 32 47 40 44 32 50 34 62 44 0 42 35 32 39 28 47 51 49 39 55 35 27 39 31 35 44 37 39 41 31 34 17 58 41 39 49 45 40 39 32 36 36 42 48 37 30 40 41 51 35 42 29 30 46 49 21 47 47 38 48 55 56 43 37 47 36 40 41 33 57 32 38 37 33 43 42 46 44 47 42 46 45 49 30 26 33 
20 20 29 29 27 31 30 37 34 35 41 32 35 32 38 31 46 37 25 21 17 35 29 18 40 36 34 32 34 26 24 30 34 37 33 27 30 19 24 34 30 45 36 34 43 17 29 40 41 33 27 25 33 43 41 36 43 29 39 38 14 11 30 35 38 43 37 23 30 27 35 28 44 42 39 16 27 32 34 18 32 27 29 42 26 40 30 30 29 31 21 33 35 31 48 37 26 32 30 20 29 31 39 43 30 42 26 12 38 37 39 26 33 31 35 29 14 43 31 33 24 28 38 28 17 39 40 33 20 35 25 35 32 23 28 39 29 39 27 37 31 37 44 22 23 28 37 34 29 38 28 23 33 25 29 35 49 41 16 41 38 21 35 16 26 40 32 28 24 35 39 23 53 29 24 33 35 26 18 31 15 33 33 24 31 39 33 32 17 42 30 36 42 28 26 21 27 40 30 33 36 44 20 21 36 42 29 28 33 22 41 34 32 30 34 41 33 31 41 38 22 17 33 44 34 34 29 19 25 24 29 26 31 30 31 20 38 51 34 20 32 38 34 38 35 23 31 38 27 30 32 24 34 35 41 37 33 33 44 34 24 32 32 39 29 34 27 37 28 34 48 38 37 30 25 31 24 36 34 25 34 32 39 36 37 45 35 40 23 30 9 27 33 33 26 33 34 35 16 30 33 32 32 40 38 34 30 35 43 39 33 34 34 33 35 33 21 41 29 37 30 40 36 41 35 26 34 42 40 33 32 33 35 13 37 21 37 28 34 25 25 33 19 34 40 30 27 43 39 34 25 24 33 20 45 21 26 50 36 21 27 36 32 33 43 34 33 29 32 44 13 36 23 32 35 33 47 24 28 32 40 28 43 34 32 29 27 34 45 40 39 38 30 29 41 30 35 31 35 26 42 32 32 25 25 35 33 21 56 13 28 32 31 36 30 30 36 36 18 47 33 43 34 33 0 39 40 34 33 45 30 31 34 37 32 31 22 24 35 27 33 35 30 28 30 26 39 40 25 26 28 30 37 36 21 27 33 38 32 31 36 25 34 36 32 38 25 33 36 30 35 26 31 39 45 55 31 27 26 32 23 25 30 36 24 36 20 37 22 30 37 31 28 29 44 3 38 34 25 27 
32 35 38 39 36 34 30 41 36 19 39 12 30 31 40 27 42 26 24 33 27 18 25 27 41 32 30 36 25 30 39 37 41 36 31 34 31 26 23 20 37 37 27 33 35 33 36 29 37 23 30 28 22 40 41 39 31 30 37 39 25 23 32 30 25 39 36 32 32 26 28 23 42 32 25 26 26 10 46 28 37 29 27 33 25 40 26 25 31 30 25 39 14 21 55 27 30 31 32 19 28 29 44 41 34 36 28 28 20 37 35 29 17 36 36 32 24 41 29 28 27 31 37 29 20 35 27 31 16 29 28 21 34 22 35 32 34 25 33 33 26 37 39 25 26 38 37 38 33 29 27 33 28 35 31 34 41 24 26 31 35 26 30 25 30 36 31 38 27 35 38 33 45 39 28 23 40 24 30 24 25 26 21 24 39 39 15 30 27 31 30 37 30 25 24 20 30 38 34 18 34 41 23 31 32 41 28 35 28 24 31 15 24 32 38 26 41 31 36 37 32 29 33 29 23 24 33 30 27 19 30 26 22 28 31 36 31 38 37 30 30 41 20 22 21 32 30 44 27 35 25 36 35 38 37 31 36 32 28 33 30 31 31 28 32 25 26 32 30 35 24 36 23 18 18 13 28 24 38 27 26 38 24 37 25 42 32 28 19 39 25 36 39 30 29 35 34 43 27 38 26 34 16 27 40 40 29 32 25 27 29 32 37 25 17 35 16 33 39 35 25 41 39 39 32 16 33 41 36 28 36 38 41 25 34 28 23 41 18 34 27 41 29 37 29 24 30 39 41 8 32 31 41 29 42 19 28 31 31 35 28 35 40 28 25 12 33 37 30 38 23 22 26 28 31 26 34 26 14 34 39 19 33 32 27 29 24 35 38 35 35 33 28 32 37 25 9 31 39 22 32 32 31 30 24 22 40 31 34 29 35 30 34 27 14 29 29 26 14 37 16 44 34 31 34 0 31 33 34 41 40 30 33 37 32 9 21 28 17 37 28 30 29 27 27 25 40 36 35 32 27 22 33 32 31 28 18 23 36 36 24 25 26 17 31 28 29 31 31 29 29 35 29 29 46 42 35 27 34 24 24 26 27 46 29 27 29 15 32 31 36 17 37 24 28 31 35 12 29 28 
30 30 32 28 31 19 30 29 34 17 39 28 12 31 40 27 33 24 24 34 25 30 26 25 36 31 25 27 41 28 34 35 40 36 32 32 29 24 23 32 36 44 30 25 43 23 25 22 44 29 33 31 34 38 37 18 39 28 33 17 38 21 25 28 24 28 37 35 26 24 20 19 38 38 35 26 26 22 44 28 36 18 28 35 23 40 38 26 29 30 21 30 30 27 46 30 36 31 30 22 28 41 44 46 25 40 28 37 30 35 36 22 15 41 31 27 24 31 36 29 30 24 34 27 23 29 39 29 29 28 21 30 31 22 36 30 28 34 30 34 22 32 21 28 31 27 38 35 26 35 27 29 38 33 35 26 48 36 26 34 35 31 31 37 34 34 24 38 27 33 38 30 48 30 19 21 38 22 35 16 25 30 24 20 40 34 16 39 16 38 28 38 29 21 22 20 37 34 34 37 25 20 30 31 32 35 35 34 7 27 33 31 36 33 36 24 32 26 36 29 32 31 33 36 35 31 34 31 28 15 12 22 20 15 14 26 33 35 30 30 31 45 32 34 33 18 31 47 34 30 27 38 14 40 39 31 35 32 35 33 29 31 31 29 28 32 26 20 28 33 44 33 27 32 30 25 15 27 21 27 33 31 43 35 36 40 30 26 31 43 35 22 43 28 27 33 30 41 26 33 35 31 14 31 34 33 29 11 39 28 31 28 41 32 26 39 28 42 24 27 26 19 33 29 24 24 18 41 31 29 24 33 32 32 30 23 35 43 16 21 22 28 29 32 41 22 32 38 42 33 30 30 50 23 36 17 14 43 32 31 30 35 27 29 37 24 34 31 34 40 23 30 31 24 33 29 38 27 26 32 33 28 33 30 21 25 20 33 45 38 23 21 26 37 39 26 34 26 40 17 33 34 29 35 24 28 36 16 58 32 35 35 42 30 26 29 12 29 28 38 28 42 29 22 37 35 0 33 32 35 40 26 34 36 37 38 21 24 31 26 26 28 28 34 29 36 35 36 24 29 31 26 27 27 20 22 16 27 27 30 35 29 33 29 31 35 20 29 30 27 32 21 20 29 44 39 39 22 21 23 22 31 21 43 25 38 27 41 17 29 27 30 42 25 34 29 36 24 16 26 
28 22 28 32 27 29 29 33 31 24 33 30 20 31 28 5 31 28 28 28 21 8 33 32 34 30 32 33 32 33 26 33 23 34 29 30 21 27 20 28 19 45 33 35 36 27 29 37 26 13 24 23 30 39 38 31 30 35 35 38 31 19 17 25 26 33 27 22 19 27 22 30 37 22 24 20 26 27 40 26 18 31 25 32 26 25 32 15 25 31 24 34 25 11 50 19 24 35 23 19 28 30 40 35 28 29 15 36 31 27 39 15 22 37 39 27 18 32 35 15 31 17 25 31 26 29 19 22 24 26 14 25 21 26 32 37 30 29 28 10 32 36 14 29 24 31 37 23 32 19 24 27 38 29 30 31 41 35 22 37 25 25 20 33 24 13 32 29 26 26 38 27 40 23 22 26 30 29 25 25 23 20 27 31 29 38 20 21 20 24 29 24 28 24 29 24 24 36 22 25 26 29 17 29 22 29 26 26 18 30 37 33 34 20 35 31 32 18 23 19 29 31 32 36 31 30 37 36 29 26 16 30 27 19 18 18 28 39 28 18 22 40 28 28 20 29 21 40 14 20 31 38 27 32 38 21 31 30 33 30 31 27 35 24 12 29 30 24 26 33 32 37 27 28 26 19 19 30 28 24 13 24 31 28 31 32 26 33 27 33 33 33 38 22 26 28 41 37 30 29 34 35 21 37 27 20 27 20 37 33 30 23 38 12 28 37 26 44 35 17 12 40 33 30 22 28 22 35 30 6 28 25 36 31 40 10 15 41 23 30 29 35 23 32 25 29 25 9 37 25 28 22 42 19 35 24 25 36 21 23 10 29 32 18 38 29 18 28 20 29 21 29 5 29 32 18 39 23 22 22 27 29 37 23 17 33 30 29 29 25 27 25 32 28 18 15 26 30 33 25 31 32 32 27 28 31 31 27 51 36 26 24 32 36 26 33 21 16 22 36 10 42 33 23 29 36 21 0 31 28 37 28 23 33 17 28 25 26 29 36 23 24 2 26 29 32 38 40 28 25 27 33 20 21 20 15 23 24 30 33 22 28 31 34 28 35 23 22 18 30 19 32 21 33 40 32 20 26 28 33 26 28 26 44 26 32 23 32 24 25 31 30 35 14 36 27 10 22 18 30 
37 33 37 34 34 34 35 35 37 37 35 42 29 28 41 34 43 37 30 26 31 32 32 35 42 25 27 28 42 38 37 44 34 38 29 41 27 36 29 28 30 42 20 28 33 29 37 37 46 31 42 43 30 47 40 40 24 26 31 38 32 28 33 31 18 42 36 28 32 19 26 37 42 38 18 30 32 28 46 33 36 27 33 39 18 45 33 24 30 27 17 36 7 30 52 20 39 37 33 25 25 36 47 34 40 31 31 40 13 31 29 31 35 41 43 30 28 33 22 27 36 33 30 24 35 33 25 29 34 22 30 14 33 28 30 35 26 18 25 32 32 35 38 37 26 31 39 31 33 33 33 35 35 28 23 36 42 17 32 24 30 16 29 33 29 35 26 42 30 36 37 28 38 37 33 36 30 25 23 34 31 19 14 27 39 37 33 37 22 35 35 36 23 25 25 26 42 32 35 38 35 40 36 27 37 41 44 28 27 27 24 44 42 30 33 37 36 32 30 33 37 22 38 40 31 17 43 23 30 34 32 29 36 21 31 32 34 46 36 26 27 40 28 29 28 37 30 43 20 33 18 29 36 44 42 36 36 34 44 15 36 28 37 36 25 32 23 40 31 39 17 31 16 25 26 25 29 17 31 32 19 40 44 41 27 41 33 45 26 48 37 35 32 28 21 22 37 35 34 38 34 37 34 38 37 39 34 31 32 29 34 29 36 18 37 28 34 43 37 31 24 40 44 35 31 27 30 47 33 27 30 37 38 18 36 26 26 48 32 29 25 42 31 34 37 34 35 39 43 1 39 24 38 28 42 20 31 45 30 33 31 41 34 27 43 30 26 34 36 31 29 24 29 31 36 29 45 31 22 26 39 26 39 30 26 30 37 39 31 40 37 41 31 32 40 24 2 29 37 34 42 43 24 19 21 31 41 35 27 37 28 23 33 33 32 24 22 31 32 47 33 48 32 32 45 35 35 30 0 38 45 39 29 32 25 27 27 25 24 42 29 31 26 20 20 43 47 42 30 29 33 29 30 35 26 21 29 37 38 31 17 30 43 31 37 30 31 32 30 22 34 34 30 35 47 42 31 25 37 17 19 19 27 46 31 36 31 33 33 36 33 33 30 23 33 31 34 30 27 23 
37 37 37 39 23 38 23 35 30 33 43 34 29 28 37 19 45 25 30 37 29 17 39 39 40 29 36 32 28 23 41 29 32 31 38 44 19 36 29 27 28 43 39 34 39 35 41 42 35 15 32 31 32 45 47 31 34 32 39 40 27 28 24 30 32 37 24 31 20 31 28 25 44 24 33 28 32 31 51 35 27 27 34 35 30 33 41 24 38 31 21 31 31 20 47 15 33 23 27 27 29 33 33 44 36 41 20 35 33 21 38 29 31 33 42 27 26 36 38 24 34 31 15 26 27 34 9 24 33 28 28 30 26 28 34 30 27 34 26 32 28 30 38 32 32 37 30 32 34 28 33 19 34 32 24 39 48 35 29 43 34 23 29 29 32 34 38 37 16 30 48 29 47 41 28 35 37 19 34 36 32 29 33 31 38 39 29 30 28 38 39 29 34 27 19 26 32 40 31 31 35 35 25 38 29 38 34 38 27 36 43 37 41 29 28 37 42 25 32 39 38 30 26 31 36 37 45 31 21 29 25 33 20 28 27 38 37 34 34 27 28 43 34 18 29 23 18 48 4 28 32 37 27 35 33 28 43 27 42 34 21 29 23 26 21 31 27 33 35 41 28 31 32 32 33 9 28 36 41 33 3 38 37 37 33 41 32 42 36 39 32 27 46 23 28 30 41 27 29 38 38 43 30 40 37 30 24 31 39 35 34 32 43 2 33 27 33 45 37 37 21 42 36 34 29 20 31 43 35 15 31 34 33 31 36 28 29 47 16 36 29 43 31 32 34 35 29 39 28 32 42 34 51 28 44 14 32 38 30 17 19 38 42 27 40 33 27 30 29 38 30 29 14 25 36 32 36 32 30 27 36 25 34 25 26 36 26 38 38 34 31 34 38 37 39 24 33 31 38 28 40 41 36 27 25 29 35 31 58 39 34 33 44 33 35 35 32 25 31 45 19 50 34 32 37 44 38 30 31 0 46 36 32 32 26 37 13 33 31 26 28 30 11 35 27 38 46 37 35 28 28 23 42 38 30 5 29 33 33 39 32 18 33 36 34 33 29 26 27 34 28 26 30 30 46 41 29 27 36 29 23 21 29 46 18 26 32 41 32 34 28 36 41 23 37 26 19 29 23 25 
30 31 30 26 19 35 14 21 29 30 29 26 26 32 36 26 35 15 22 26 21 20 27 35 26 30 30 17 25 24 12 38 22 32 27 31 29 29 21 22 18 38 21 23 37 17 26 31 39 22 24 20 23 21 27 24 33 33 34 35 27 21 15 30 28 36 25 27 22 25 30 25 42 31 27 20 24 12 44 27 28 29 23 29 24 14 10 21 28 29 21 23 17 23 39 23 26 29 33 18 29 31 24 30 15 28 18 30 23 23 32 13 28 37 5 17 18 14 32 24 26 20 30 17 22 25 24 23 18 32 17 20 24 20 31 28 22 24 17 27 28 22 35 24 27 25 21 10 34 29 25 27 28 30 15 32 43 21 13 26 34 25 26 27 24 28 27 32 7 36 28 24 38 17 9 34 28 25 28 26 25 25 24 19 32 24 27 31 14 33 16 33 31 25 26 18 12 31 24 27 20 32 17 25 24 36 26 35 23 17 34 29 26 25 30 27 30 16 30 28 20 24 17 22 25 27 24 27 20 21 23 21 27 20 25 27 26 27 20 28 26 31 22 25 23 8 22 28 19 28 17 31 30 31 39 26 34 30 30 30 22 26 29 30 26 26 27 31 5 23 27 23 22 20 20 16 26 27 21 24 18 27 33 25 26 32 32 36 21 21 27 12 42 25 17 29 28 31 18 31 25 29 28 29 28 30 27 27 27 28 31 21 27 17 23 33 18 34 14 26 21 37 33 12 28 18 10 41 27 20 16 3 25 28 33 13 25 41 23 30 27 18 23 22 31 25 32 37 37 11 35 31 42 21 40 21 25 33 27 32 24 33 17 24 27 14 28 27 32 35 23 24 12 7 33 28 36 25 16 18 34 21 35 24 19 24 26 37 37 30 22 32 28 33 33 21 12 16 29 24 31 2 30 21 25 24 34 6 37 30 25 27 35 23 16 19 28 28 16 36 18 32 19 25 26 19 30 31 22 15 0 16 25 26 27 11 19 23 19 39 28 30 16 29 19 34 9 38 22 27 29 24 7 25 18 12 19 26 17 26 27 9 32 19 29 34 10 32 20 28 24 11 23 31 37 44 25 12 11 27 23 16 25 32 27 28 26 17 7 33 29 28 35 20 30 29 24 14 21 16 
33 28 22 30 21 22 14 26 28 17 38 30 25 23 31 30 27 26 20 22 29 27 31 22 37 24 36 27 22 19 32 33 26 27 32 40 33 32 29 31 28 41 37 29 39 21 22 34 39 28 35 34 23 12 38 37 24 32 35 34 31 24 23 22 30 35 28 33 21 22 29 21 33 16 24 19 32 22 33 11 26 22 33 39 21 24 28 20 21 22 26 35 27 26 48 27 28 36 29 18 20 36 41 21 34 34 29 33 19 23 16 17 28 33 28 18 27 36 28 23 22 19 35 17 26 25 37 14 22 34 16 21 33 28 15 28 25 25 17 28 24 33 34 20 27 29 21 32 18 32 33 28 28 14 15 38 42 37 24 41 18 25 25 29 15 31 29 30 30 39 43 27 44 25 19 34 36 31 19 32 28 26 31 29 39 30 33 22 24 39 34 32 22 23 17 26 35 31 12 15 32 34 28 34 33 35 37 26 23 27 30 27 31 28 35 37 37 24 29 19 15 28 17 32 28 23 33 36 29 26 33 14 33 23 35 18 32 45 35 31 26 29 25 34 32 19 22 39 20 23 24 35 33 31 40 32 27 31 33 25 17 11 31 18 31 26 18 41 19 7 26 34 23 24 24 25 25 34 30 18 31 26 21 9 18 32 24 35 25 35 34 23 38 24 20 20 39 34 18 23 26 39 27 36 29 37 28 27 31 20 32 28 38 30 28 37 23 43 28 17 20 36 30 34 27 22 28 38 38 23 29 26 37 24 32 24 31 41 29 32 20 33 26 23 34 19 34 28 31 23 38 22 42 13 40 26 19 30 26 29 29 34 32 23 32 24 30 20 35 31 26 23 24 18 34 27 38 17 26 18 37 25 38 15 22 34 22 22 38 36 32 42 23 33 31 20 24 27 29 28 31 25 27 29 16 28 26 29 49 17 35 29 32 33 23 30 28 27 20 36 23 16 30 29 31 37 21 25 22 38 23 0 28 10 30 29 27 16 23 29 20 22 21 26 23 22 32 37 26 19 38 35 30 21 28 21 29 35 27 24 37 9 36 26 32 30 20 35 26 25 30 22 27 34 21 42 20 23 30 25 22 15 25 29 26 28 24 33 26 33 32 35 37 19 37 34 29 19 26 16 
28 21 31 23 22 14 26 30 27 26 27 29 11 27 27 18 31 26 19 16 18 24 25 34 40 30 24 23 33 27 25 32 31 31 27 38 20 30 18 28 30 37 20 23 37 18 33 39 39 14 21 30 32 31 42 27 35 31 33 42 32 22 21 23 27 38 25 10 21 23 23 29 25 23 29 17 21 31 42 25 19 23 23 33 22 39 29 26 29 26 23 32 23 12 48 20 35 26 8 23 24 18 29 32 25 23 23 32 29 30 35 19 24 36 30 22 15 17 33 31 24 23 24 24 22 28 31 25 32 27 25 30 29 17 29 34 21 34 13 32 32 37 20 22 26 22 30 34 17 4 22 24 35 18 28 29 44 33 10 23 10 22 33 34 19 12 23 18 22 11 33 23 37 17 15 11 34 27 13 24 24 33 14 25 30 39 30 19 11 34 24 32 38 22 27 15 21 34 23 26 28 28 14 29 23 35 23 28 29 23 24 32 30 18 31 33 27 22 34 28 29 29 29 35 33 28 34 31 26 30 34 22 24 17 36 27 29 47 34 24 26 25 30 31 25 27 19 33 26 29 29 36 23 29 23 22 31 27 33 28 25 27 26 19 23 27 22 40 11 30 33 36 30 30 22 22 19 17 22 14 25 30 32 13 21 33 25 31 30 30 37 31 42 24 16 31 35 30 32 27 23 26 23 35 33 33 24 19 38 23 15 24 32 24 24 34 27 33 30 26 28 44 30 15 13 23 32 37 30 28 25 28 34 29 31 28 25 37 20 26 21 37 20 27 36 18 10 31 32 17 36 24 41 22 39 22 15 37 27 22 28 30 34 9 33 31 23 29 21 42 22 30 17 30 17 23 42 13 24 27 35 29 19 26 20 20 30 23 42 26 35 40 32 32 17 28 18 31 38 16 31 34 28 26 20 29 16 28 43 35 31 35 31 28 28 24 20 17 34 32 26 39 34 25 31 38 30 22 29 25 37 25 0 32 32 30 16 24 31 41 21 23 24 28 22 33 34 22 19 28 15 31 26 26 15 18 25 35 23 28 33 24 42 28 26 34 16 7 31 26 20 30 23 15 25 42 24 27 30 33 25 23 24 43 24 33 26 30 29 19 29 25 28 27 38 34 32 23 14 29 
28 25 19 30 18 35 27 29 18 25 31 27 20 27 28 24 30 28 20 19 24 26 28 26 36 24 32 24 32 16 29 37 16 28 27 35 23 27 19 28 31 33 32 29 41 23 12 32 37 20 27 29 30 24 35 30 20 22 30 27 28 19 22 12 29 34 27 24 23 20 25 18 37 6 14 23 22 26 23 8 23 26 23 29 19 34 29 14 11 26 16 32 17 21 48 22 25 27 30 21 24 26 31 34 28 27 24 27 9 19 6 20 23 37 25 9 21 33 18 18 15 28 29 23 21 28 35 25 19 31 25 24 30 18 5 34 21 27 25 23 21 30 29 13 17 27 35 30 8 27 23 30 25 20 23 30 42 27 24 36 31 15 20 26 6 26 27 20 23 34 34 23 40 36 16 27 29 25 16 25 23 25 29 21 29 20 29 12 18 37 31 27 22 20 7 16 27 31 27 26 27 31 20 29 27 31 29 33 18 20 20 24 21 23 28 32 34 23 26 18 12 18 24 28 31 13 37 31 23 16 26 4 28 17 27 31 27 35 30 24 23 32 28 27 26 16 21 36 17 20 14 25 26 24 37 26 17 28 24 29 14 17 27 8 30 16 22 34 25 31 16 31 26 14 26 18 22 32 27 15 31 35 32 33 15 37 14 34 22 28 24 20 28 24 17 31 31 31 15 20 21 33 25 33 36 32 25 22 21 17 32 22 28 30 18 39 13 34 19 30 15 29 20 31 22 23 18 35 35 18 24 23 34 14 27 21 28 32 24 30 24 23 16 14 37 9 31 26 21 19 33 29 34 10 32 20 16 20 21 26 25 31 30 18 22 28 24 29 30 27 21 23 23 13 34 24 30 14 22 21 29 15 34 26 17 26 19 28 41 30 36 35 20 23 21 15 20 24 25 24 22 22 25 19 20 30 23 19 45 21 27 23 31 23 13 25 18 21 17 27 13 40 27 24 35 33 20 26 18 35 20 29 23 0 23 25 17 6 13 19 10 12 20 16 16 33 29 34 26 16 29 29 27 20 22 14 24 32 24 21 27 23 26 26 22 29 17 30 21 23 24 19 22 30 28 38 11 20 24 22 18 10 17 26 21 24 28 23 20 28 29 26 29 14 27 27 28 9 23 22 
31 23 32 29 13 27 22 32 26 34 22 27 22 33 39 23 35 14 29 30 22 16 23 26 29 18 22 23 28 16 27 23 36 34 27 20 29 30 28 16 32 35 28 35 39 25 22 35 40 21 29 31 14 33 33 29 13 35 29 42 25 22 24 27 27 40 13 25 23 21 25 18 31 29 7 21 29 23 44 23 32 28 29 29 20 32 21 23 25 26 27 20 26 19 36 28 25 36 31 15 30 33 34 27 28 18 26 23 31 24 29 22 32 36 25 17 19 32 30 26 14 28 30 18 23 26 32 27 19 31 25 22 24 27 23 29 30 26 18 31 21 30 31 12 32 20 29 30 26 27 32 28 29 25 16 35 37 32 21 32 23 26 28 26 26 34 28 32 19 34 36 28 33 29 18 33 35 23 28 33 20 17 22 16 32 32 30 34 21 14 34 32 32 14 16 25 32 30 28 21 26 37 25 26 25 27 19 30 26 14 32 24 31 22 31 35 37 23 23 23 12 28 24 24 29 33 37 24 17 18 28 18 30 20 30 22 23 41 23 1 23 40 26 27 3 16 21 47 14 20 25 35 25 28 30 24 23 30 38 29 14 26 36 31 31 31 33 28 24 28 37 31 24 28 24 18 23 25 34 26 25 35 27 30 20 35 16 20 17 32 20 20 35 26 25 32 26 30 15 19 32 34 31 27 36 25 27 28 35 22 31 21 38 25 34 40 29 44 27 21 23 44 30 30 24 22 24 35 28 25 27 23 22 24 29 21 5 42 26 30 26 37 24 22 35 27 33 32 29 23 18 26 41 25 31 18 20 38 29 24 27 30 36 20 38 25 1 33 28 20 18 18 24 22 33 8 34 28 20 19 26 29 23 28 25 21 19 15 39 28 31 28 20 38 30 23 24 24 30 21 36 22 26 30 31 18 22 26 49 21 31 25 36 32 9 34 29 19 17 41 18 37 27 23 35 30 25 29 22 35 20 21 31 23 0 22 26 20 27 29 25 14 21 9 20 25 29 26 25 31 30 27 27 25 25 15 27 30 26 35 27 17 35 24 36 32 19 30 29 24 22 19 21 19 42 31 31 20 31 22 29 27 16 33 20 29 6 28 27 11 17 29 36 22 23 20 29 25 24 17 
27 26 29 33 28 25 22 33 27 19 30 20 21 22 31 18 33 28 15 28 18 9 16 25 32 30 21 27 33 23 30 29 32 27 22 26 26 26 14 11 28 28 30 24 26 24 28 20 28 14 21 19 13 37 32 30 22 25 28 30 16 18 23 28 23 36 27 23 23 20 19 14 33 23 16 17 17 1 41 21 28 20 18 24 19 32 17 16 22 21 20 30 22 12 46 23 21 22 24 10 19 20 35 35 25 27 19 19 28 31 26 20 17 38 27 23 15 33 28 19 18 22 29 23 11 33 18 25 7 27 19 29 25 13 26 32 25 22 25 24 17 28 30 16 17 29 29 32 24 20 18 24 19 30 23 25 32 22 23 31 26 22 21 16 21 27 22 29 18 27 29 24 42 33 19 27 34 22 25 15 22 26 24 15 30 30 23 21 24 22 30 28 28 16 22 11 21 29 25 26 25 32 14 28 23 32 23 27 19 15 34 23 15 23 30 26 32 22 27 28 25 24 25 20 14 24 34 21 18 10 21 17 22 23 22 27 22 41 32 21 21 32 11 30 12 23 21 35 27 26 24 31 26 29 28 22 27 23 19 24 21 22 22 19 30 16 17 23 21 26 32 28 26 9 9 21 23 27 31 18 26 29 32 28 16 33 25 28 10 30 16 27 33 24 20 31 25 34 18 29 17 25 24 18 31 31 20 23 16 18 20 23 28 25 12 36 7 28 31 26 16 32 30 31 23 7 24 40 27 19 28 29 32 20 25 19 14 32 18 25 18 32 20 28 20 24 21 30 32 16 24 23 36 20 33 17 19 22 22 26 20 26 31 19 16 3 25 30 21 29 20 13 17 19 22 17 25 17 5 26 30 10 27 26 18 20 15 30 39 26 26 24 23 23 28 16 17 22 37 13 31 23 25 26 15 13 32 23 42 20 33 25 29 18 5 20 24 17 5 36 7 35 25 22 25 8 22 24 28 32 33 25 24 28 26 0 12 19 8 28 26 23 20 18 26 33 31 30 29 26 18 13 24 23 23 20 18 29 27 27 28 17 34 8 22 23 20 23 22 23 20 26 20 24 39 33 26 18 25 18 22 23 18 38 20 26 26 6 24 29 27 21 35 15 19 28 26 3 22 22 
32 32 39 34 32 36 35 32 23 28 34 22 24 32 33 30 38 20 25 37 22 24 31 37 35 24 26 20 31 11 36 37 34 31 30 40 18 36 25 22 30 38 37 31 42 28 32 41 38 29 25 34 36 35 35 18 29 34 27 47 31 28 11 17 32 34 19 31 20 27 28 13 32 38 31 21 32 24 46 32 35 31 26 39 26 40 35 28 25 30 27 26 23 27 42 26 25 10 36 16 29 36 40 39 29 30 21 38 26 24 41 16 26 40 42 20 19 39 35 32 33 18 37 24 26 32 36 19 22 32 15 23 25 28 29 35 25 27 21 32 16 25 33 31 22 33 37 34 32 32 29 28 35 42 22 26 43 33 23 37 37 26 36 21 25 35 34 33 33 33 41 27 34 36 24 33 24 28 34 28 32 28 33 23 36 27 25 37 24 46 35 36 27 15 22 26 25 28 27 30 24 32 18 36 31 31 27 28 19 32 43 25 34 37 35 35 39 12 29 35 35 35 19 39 35 30 38 34 24 18 26 25 31 23 28 34 27 41 29 31 29 36 32 32 35 11 29 41 21 31 20 38 14 23 20 30 31 27 35 33 9 32 10 40 29 21 31 34 35 36 33 26 25 30 31 23 29 36 33 20 30 25 36 38 22 40 19 37 28 27 39 15 38 18 20 25 31 34 21 37 28 35 26 28 28 31 24 23 38 24 34 22 33 29 23 41 30 39 30 33 29 49 34 37 24 23 32 41 30 23 29 40 28 31 24 16 37 43 27 33 32 34 24 25 41 33 36 41 24 24 42 24 45 34 32 25 21 45 24 27 27 30 33 34 34 26 35 23 35 36 30 24 21 18 36 29 35 34 28 25 29 31 29 20 33 28 14 33 40 34 37 34 37 28 33 31 25 19 36 28 33 44 32 30 29 24 40 22 50 35 30 37 37 33 28 27 24 25 23 38 11 45 22 21 40 42 37 32 23 32 43 29 28 35 34 36 0 20 30 37 15 17 19 33 15 37 46 32 30 40 35 33 30 28 28 22 27 33 32 34 33 35 35 31 33 32 25 35 33 30 28 14 19 25 33 47 30 15 27 17 27 28 17 37 21 29 29 35 23 29 23 27 36 30 32 35 27 26 24 23 
34 26 42 28 35 45 28 23 34 32 40 39 37 25 36 25 40 32 32 27 36 34 33 20 44 36 38 34 32 26 30 42 42 35 36 41 41 36 31 34 40 48 30 34 35 19 39 38 45 32 39 36 36 47 43 44 34 40 41 46 33 33 32 41 24 41 31 21 32 30 20 30 49 41 28 35 25 28 48 38 38 37 32 41 29 42 33 8 5 24 30 35 22 37 51 30 30 39 40 33 22 29 49 28 42 39 31 35 28 38 43 30 30 47 41 26 33 43 28 35 35 33 40 32 28 40 39 36 24 28 30 29 37 30 41 43 32 33 32 37 33 35 41 33 32 41 47 44 31 39 20 39 35 22 30 27 51 32 36 34 41 29 37 34 23 40 34 38 33 43 47 34 48 42 26 21 43 32 24 40 35 19 24 31 28 37 28 30 32 35 38 43 42 32 32 28 39 42 37 32 26 45 32 38 21 39 40 38 35 34 34 40 33 40 32 37 41 32 32 35 28 36 31 45 32 31 31 38 32 26 42 33 35 35 37 38 21 29 38 23 35 37 29 35 24 32 30 44 34 34 32 43 40 38 44 20 11 31 41 27 30 26 37 29 35 33 34 40 30 43 45 36 27 36 33 26 30 27 46 25 33 40 38 45 39 31 37 29 27 42 32 29 46 35 27 35 41 41 20 37 34 47 29 44 34 40 28 38 43 32 37 16 43 32 30 35 23 44 36 37 32 48 41 47 23 29 12 42 40 33 18 39 37 32 38 26 26 48 31 37 35 17 33 31 38 32 31 36 42 33 39 34 52 36 40 27 26 45 33 27 37 43 44 35 41 30 22 40 46 41 33 32 32 32 38 29 47 24 29 33 37 27 30 37 34 30 31 33 46 24 34 41 36 38 39 32 34 29 37 30 39 38 35 26 32 32 40 33 59 15 42 17 45 35 30 37 37 15 22 44 25 52 32 23 42 35 37 27 37 50 36 42 35 44 43 27 29 0 35 29 39 35 29 30 32 39 37 28 40 36 26 36 42 31 29 29 29 38 34 32 27 35 36 35 24 38 27 39 38 33 18 28 21 26 54 52 28 25 38 32 32 27 25 49 29 39 22 33 34 29 35 29 43 31 44 37 25 21 31 31 
19 19 24 28 20 24 15 27 19 22 31 26 25 14 30 11 26 24 7 24 20 18 26 21 31 28 27 24 27 15 23 35 32 19 14 36 22 29 6 26 28 33 30 16 32 23 30 22 36 7 22 32 24 37 26 22 27 25 31 34 30 24 15 20 25 31 23 26 19 13 21 17 27 16 24 22 9 23 33 13 22 13 10 16 12 25 27 13 18 13 19 22 16 21 38 27 29 14 20 11 11 34 27 32 21 29 11 20 22 24 26 20 20 36 30 20 23 33 21 23 22 22 21 18 24 26 25 17 24 20 19 22 17 5 25 29 24 14 18 26 15 25 30 24 9 27 22 32 26 27 10 30 29 25 16 17 42 26 22 23 20 18 25 25 26 29 20 29 10 27 29 26 37 27 21 21 28 16 21 17 26 18 24 9 23 27 18 25 16 24 29 32 26 10 16 3 29 32 17 20 17 30 22 31 26 26 24 26 23 7 30 29 29 15 22 29 24 16 31 21 17 21 18 33 24 16 30 32 10 20 26 11 25 20 28 20 22 35 25 13 13 24 26 26 20 15 17 32 20 25 17 25 18 27 24 25 24 15 31 16 13 14 14 18 22 8 9 34 21 18 26 20 24 1 25 17 23 27 23 17 19 29 26 20 25 33 17 30 20 31 29 19 25 16 19 23 19 33 20 25 28 30 19 23 23 26 12 21 8 27 26 17 20 18 21 28 29 27 25 19 20 36 31 31 22 13 24 32 24 16 22 28 24 17 28 20 21 37 21 23 11 30 28 25 30 27 26 25 28 22 34 22 37 15 27 11 16 30 26 20 20 18 30 23 32 25 27 23 30 34 26 23 15 19 27 15 30 19 25 19 24 2 25 18 22 14 18 25 39 29 23 30 25 15 20 20 23 19 30 26 29 27 18 22 7 20 28 26 47 25 32 22 28 10 26 12 22 20 22 34 15 27 26 14 33 29 23 16 23 36 25 26 27 20 27 26 4 13 0 20 18 20 12 26 19 25 32 28 24 21 25 20 29 22 20 15 21 23 29 19 26 10 27 27 14 22 22 23 26 16 23 18 12 21 31 42 26 19 24 16 21 15 12 31 12 23 18 32 26 23 19 13 29 19 30 23 18 25 14 17 
25 29 22 31 21 29 30 29 38 32 30 38 14 17 31 21 39 36 24 30 27 27 27 24 36 39 27 15 27 32 33 42 37 30 24 39 32 31 23 12 33 36 23 33 28 26 27 31 38 17 34 33 24 40 41 32 34 31 32 33 35 23 25 32 16 34 35 26 20 14 12 33 40 26 29 26 26 23 39 28 26 26 21 33 13 35 23 19 32 27 23 33 18 15 49 23 40 27 25 27 14 34 42 20 33 26 16 35 24 35 37 16 30 35 33 15 24 34 28 22 32 18 32 30 25 31 35 24 29 20 15 9 22 22 38 30 20 13 30 27 32 20 23 30 24 30 36 37 34 21 27 33 34 23 28 33 33 28 23 27 25 25 14 27 24 29 21 35 25 28 39 22 36 32 19 28 38 23 27 31 25 14 17 29 31 22 31 29 19 38 30 31 37 26 26 20 34 33 22 25 31 30 27 22 26 37 36 31 22 27 27 38 37 27 30 32 33 26 30 30 30 28 33 35 25 23 35 34 30 30 33 25 27 18 29 29 24 36 36 27 24 35 22 27 34 32 33 47 23 32 15 35 28 42 36 25 38 32 41 30 30 18 31 28 20 25 26 24 26 35 36 21 11 31 20 26 30 20 36 18 29 25 31 30 24 32 33 41 21 31 36 10 38 23 15 30 26 29 33 21 23 34 29 37 26 28 29 26 38 21 32 19 31 28 29 27 29 38 25 28 19 35 35 32 16 26 25 43 25 22 24 32 35 24 30 11 29 43 23 24 24 36 29 20 31 35 27 28 41 25 37 27 40 13 38 21 19 40 15 30 29 32 35 12 38 25 33 28 24 23 23 14 24 32 30 27 44 17 16 30 35 19 36 25 11 31 34 17 26 29 26 25 34 30 34 9 26 14 31 19 40 40 19 28 24 25 24 31 51 31 34 9 39 27 27 29 27 20 27 45 28 44 17 28 39 30 32 19 35 37 38 31 17 37 36 22 21 27 30 0 30 32 21 31 17 31 37 39 27 19 31 28 29 29 21 22 24 30 27 36 28 27 7 27 31 25 20 24 25 17 23 9 26 32 42 34 29 10 29 28 25 14 23 46 27 40 24 28 25 32 30 30 36 18 28 30 29 25 19 29 
31 22 29 32 32 39 28 31 8 27 38 38 25 34 39 21 23 24 23 29 23 19 34 35 35 26 29 30 34 27 26 42 30 30 34 40 21 34 26 26 26 23 22 23 40 32 21 41 33 17 34 34 34 26 41 36 20 20 36 39 37 30 22 2 23 45 23 31 19 24 19 29 47 26 26 22 29 32 45 26 20 16 31 24 23 38 36 26 34 33 23 30 15 22 46 28 35 34 33 28 31 32 31 34 28 36 24 27 21 9 37 25 25 43 37 19 26 38 30 26 33 29 28 28 26 30 33 17 34 27 26 22 30 25 31 32 26 26 28 27 23 35 31 31 7 31 35 30 33 30 30 35 27 29 26 27 40 25 28 32 35 24 31 37 30 30 23 20 29 37 30 28 40 36 22 31 35 32 26 15 27 27 22 32 40 37 25 23 25 31 29 35 24 30 26 23 35 37 24 27 34 29 28 33 31 35 36 26 20 30 32 25 27 31 40 32 31 23 31 28 30 25 31 33 35 25 37 30 22 28 21 34 22 24 23 27 39 36 29 23 27 22 32 20 25 21 17 46 28 16 26 23 34 39 37 30 24 26 20 23 25 34 34 28 23 6 29 29 29 33 18 25 24 28 30 11 24 25 30 28 27 36 33 35 32 39 4 28 29 43 32 25 23 22 29 23 41 40 30 30 37 34 24 39 39 35 23 20 40 30 29 34 18 26 35 36 35 25 27 26 23 41 29 36 14 21 25 31 29 13 26 33 32 21 33 23 27 28 18 26 22 31 31 24 36 30 36 26 40 9 40 31 41 28 42 27 27 40 32 23 15 38 30 29 42 34 23 23 31 27 25 25 16 32 31 30 24 32 26 29 33 22 33 18 28 28 30 33 34 36 32 30 36 13 18 26 10 29 35 30 18 32 29 27 27 28 28 19 35 30 36 31 26 18 21 32 21 27 32 23 21 42 32 31 39 29 30 17 8 35 38 29 26 36 22 35 24 31 32 40 0 2 13 28 28 34 41 36 28 34 36 36 37 13 20 7 24 33 30 28 25 23 36 29 34 33 23 33 29 27 30 24 29 29 18 38 31 25 24 24 25 27 27 40 19 14 27 34 20 29 27 16 24 25 35 36 21 31 25 27 
29 28 31 37 37 42 35 33 29 27 37 36 35 32 39 20 21 22 25 32 21 23 36 33 34 26 27 34 45 25 32 40 38 28 33 39 36 34 24 24 34 21 36 21 38 32 19 42 35 25 32 32 43 47 39 37 31 38 34 45 36 31 32 35 29 47 21 33 17 29 25 27 45 34 32 26 27 32 43 31 33 14 29 32 28 40 43 30 32 31 33 28 35 26 44 34 39 32 38 27 29 41 29 43 40 34 29 25 27 32 44 29 25 46 44 34 28 45 36 30 31 32 40 26 24 34 34 21 38 33 29 30 35 23 31 37 24 34 26 25 30 39 29 29 27 36 42 38 31 34 28 35 33 43 24 32 45 34 36 40 38 33 32 35 37 28 36 18 28 41 47 26 51 38 26 31 45 32 36 35 35 35 30 31 40 41 35 36 25 29 38 39 39 28 24 21 36 35 35 38 38 44 32 40 33 42 34 33 33 34 40 23 45 30 38 34 29 33 31 26 31 36 33 35 37 31 44 40 20 26 31 33 30 34 33 25 40 34 28 31 32 42 34 34 34 25 15 48 29 14 32 43 36 37 35 32 38 24 41 34 23 32 32 36 27 26 27 36 38 36 44 36 32 35 33 25 34 33 43 26 28 39 44 38 31 43 2 36 36 41 31 29 43 20 28 21 39 42 34 32 41 40 24 41 39 33 21 35 42 28 27 35 38 27 39 48 36 42 43 24 27 47 27 43 12 19 30 29 33 21 28 40 30 32 31 25 30 46 26 39 29 48 33 39 40 32 34 24 38 31 40 29 49 33 44 27 27 47 33 29 25 36 39 33 47 34 33 27 35 38 33 26 20 30 29 33 47 36 35 27 42 20 31 22 32 36 28 42 44 36 39 36 36 33 33 30 32 33 38 36 39 30 34 37 25 26 35 36 54 28 39 39 25 26 20 30 36 27 36 44 25 45 30 35 38 27 28 15 30 33 39 36 35 38 32 35 22 35 38 38 33 0 17 34 29 35 48 34 33 39 38 36 35 11 29 21 26 31 34 26 35 30 34 33 32 31 27 37 33 32 30 28 33 27 46 47 35 29 41 31 32 35 30 43 17 37 25 41 37 38 25 31 22 29 34 39 25 33 32 25 
26 31 26 30 25 27 27 31 29 22 34 28 18 30 26 15 39 29 26 26 19 6 31 30 32 33 30 31 30 31 35 34 21 34 27 33 32 25 18 28 17 44 31 33 34 25 31 37 24 11 22 21 29 37 36 29 28 33 33 42 29 17 15 23 24 38 28 20 24 25 20 28 35 20 22 18 24 27 40 24 16 29 23 30 24 36 30 13 29 29 22 32 23 9 48 17 22 33 21 17 27 28 38 33 26 30 30 34 29 30 40 20 20 35 37 25 16 30 33 13 29 22 28 29 29 35 29 21 29 24 19 30 30 24 30 35 29 34 26 21 30 34 27 27 22 29 40 21 30 17 22 25 36 27 29 29 39 33 22 35 23 23 18 31 22 24 30 27 29 24 37 25 38 30 23 24 28 27 23 25 21 18 25 29 27 36 18 19 18 29 28 22 34 22 27 22 22 34 20 23 24 29 15 27 20 27 24 39 16 29 35 31 32 18 33 29 31 16 21 34 27 33 30 39 31 28 35 34 27 24 14 28 25 17 16 34 26 37 26 16 20 38 28 33 18 27 29 38 24 30 29 36 27 30 36 19 35 30 31 32 29 25 33 22 10 27 28 22 24 31 30 35 27 33 26 24 17 28 30 22 23 29 29 26 29 30 25 31 29 31 31 31 36 27 24 27 39 38 28 27 33 33 19 35 32 27 27 20 40 31 28 21 36 22 28 39 24 43 33 33 10 44 31 28 20 26 20 44 28 4 26 23 34 29 38 25 20 39 21 30 27 37 21 30 23 27 23 28 35 30 31 35 49 17 33 22 23 34 19 28 8 27 36 16 36 29 16 27 18 27 19 30 3 27 30 23 37 21 22 32 25 32 35 22 15 32 29 27 27 23 25 23 30 26 28 13 31 28 41 23 29 30 30 25 26 30 29 25 53 34 33 22 34 37 24 31 21 14 30 34 8 40 31 21 27 34 36 19 29 38 35 26 21 34 15 26 23 24 32 42 21 23 0 24 27 30 36 38 26 23 25 31 33 29 19 25 21 22 31 31 29 28 42 32 26 36 24 20 16 28 17 30 19 31 38 30 18 24 30 31 24 26 24 42 24 33 21 30 26 23 29 28 37 12 36 25 8 20 18 28 
25 22 36 38 35 40 34 32 23 29 31 22 26 36 45 27 32 33 26 33 26 25 14 35 40 37 35 30 35 33 26 39 34 38 37 36 36 28 28 21 30 40 37 35 32 33 30 30 37 23 26 35 23 41 25 38 35 35 35 43 32 20 25 38 33 38 32 38 24 32 29 30 22 32 32 25 28 17 39 25 29 32 33 34 31 44 15 30 27 20 29 37 28 28 50 37 37 36 39 6 33 36 35 42 33 43 31 34 34 34 24 20 27 40 42 15 23 40 39 35 34 22 28 29 27 40 34 28 23 36 19 33 15 24 37 36 24 37 29 40 33 28 35 32 31 37 27 34 34 36 32 32 35 37 30 39 42 26 25 42 42 30 37 26 36 43 31 24 29 43 31 26 48 38 30 33 38 32 30 30 24 38 34 31 39 30 25 32 26 38 36 32 41 5 32 25 36 36 30 33 17 34 29 30 35 21 28 34 21 31 37 25 31 36 35 36 40 26 42 38 29 32 37 36 24 38 28 15 14 26 24 33 26 27 26 37 17 42 34 26 30 46 21 26 28 29 26 50 33 25 25 39 34 34 41 38 33 34 35 23 31 36 36 29 35 30 31 32 31 32 36 29 35 25 19 17 24 37 35 32 16 29 31 34 32 43 39 38 8 36 32 25 42 27 30 34 41 36 32 27 27 25 26 18 32 36 31 25 32 30 33 12 42 34 28 49 23 42 25 36 32 45 35 38 33 13 30 40 33 17 28 40 39 36 32 26 30 43 28 34 30 33 28 20 30 34 37 40 41 32 34 39 52 27 22 27 11 38 38 23 18 38 38 35 32 19 26 32 37 42 22 23 32 35 35 33 25 31 15 33 19 24 33 29 34 26 31 40 37 36 35 33 21 37 41 32 33 22 31 29 33 39 37 26 29 22 30 27 42 30 37 31 37 28 21 31 26 33 21 38 23 41 32 14 41 24 38 32 34 42 37 30 38 35 25 16 26 31 24 27 36 38 34 0 27 31 46 35 34 33 34 29 34 22 28 32 28 33 36 37 23 29 34 24 29 39 31 39 38 35 36 24 12 38 46 49 41 25 32 34 31 34 7 43 11 22 31 22 28 36 36 27 34 31 34 39 40 19 25 28 
35 29 35 42 25 40 28 38 38 34 29 40 27 30 39 21 37 27 30 29 29 19 40 26 42 31 38 30 39 30 33 44 34 33 37 42 21 34 31 29 30 34 41 40 47 15 35 40 37 17 32 33 33 37 42 42 36 42 37 36 40 26 28 32 30 47 26 33 22 27 30 35 48 26 35 28 35 36 49 33 27 33 36 36 26 32 35 22 31 33 23 33 33 22 49 29 32 44 33 30 31 41 47 34 36 25 41 39 38 33 50 33 32 46 44 16 26 43 37 25 36 35 40 30 29 35 35 26 33 19 32 31 42 35 36 32 29 35 31 17 38 41 36 34 23 41 35 34 36 30 35 21 38 36 29 38 50 39 31 45 36 26 27 36 13 20 34 37 39 37 37 31 49 43 31 37 40 36 26 31 30 31 35 33 40 43 31 29 30 40 25 34 36 35 29 33 32 38 31 33 29 36 25 36 31 38 34 37 25 39 45 36 43 30 41 39 39 29 33 25 34 33 31 33 34 37 45 44 31 31 27 35 22 30 29 29 35 36 36 26 30 48 31 20 31 32 20 46 6 30 34 39 40 31 48 30 37 29 31 36 36 34 41 28 23 36 29 35 36 41 30 41 33 39 29 11 30 38 37 31 29 42 39 39 7 43 34 37 34 35 36 36 39 25 31 32 43 45 37 36 34 45 31 38 39 32 26 27 50 9 40 30 44 28 40 31 35 47 26 28 22 38 38 41 29 30 33 45 41 17 33 28 35 33 34 36 31 39 18 37 31 46 31 21 36 37 36 36 41 32 40 33 48 26 39 31 28 40 28 30 21 37 43 25 36 23 29 32 31 36 28 31 16 32 42 34 37 30 25 28 36 32 36 27 24 38 34 39 40 36 38 36 42 29 25 22 33 35 32 30 29 43 32 30 27 31 39 34 58 40 38 31 38 40 25 42 28 27 31 34 18 50 43 26 39 44 27 30 35 50 42 36 30 44 28 36 34 37 42 44 30 32 13 30 0 37 48 39 38 32 38 37 42 27 27 7 31 35 35 42 34 23 38 28 39 35 32 33 21 30 30 35 24 32 45 43 18 36 39 39 25 17 24 48 28 38 28 40 35 35 30 39 43 21 35 37 21 31 31 29 
26 35 33 29 33 37 32 35 32 32 30 25 34 35 37 24 42 27 28 35 23 36 34 40 42 31 38 33 36 31 35 36 29 33 36 33 38 25 27 24 25 45 15 35 17 27 35 20 40 31 30 37 38 39 34 40 34 37 30 44 27 17 33 26 29 46 26 36 22 23 30 16 35 27 28 22 30 37 40 24 38 33 32 38 29 42 36 29 26 33 24 33 18 29 49 15 34 35 17 19 32 33 43 39 34 35 32 31 24 33 40 28 30 11 41 28 20 41 33 38 31 30 25 31 29 39 36 24 27 33 27 25 28 26 34 38 29 29 25 34 19 34 39 29 31 28 34 29 24 30 31 29 21 36 29 37 39 28 19 19 36 23 23 29 30 37 24 34 26 35 28 29 33 30 28 36 36 24 32 38 21 30 9 17 40 36 28 34 20 30 31 39 30 18 24 24 30 31 36 39 27 28 23 27 25 18 32 23 29 35 19 28 39 25 38 39 36 24 36 40 28 33 35 45 14 28 41 28 24 12 31 19 23 25 33 39 30 50 36 33 31 43 36 35 24 27 20 46 23 19 22 35 36 38 31 37 32 29 31 26 30 33 35 19 32 30 30 36 21 39 28 35 27 25 34 26 34 12 35 24 30 37 45 39 24 43 28 38 29 39 37 31 39 23 26 30 27 37 24 34 37 35 29 31 35 31 26 33 36 26 24 25 39 29 42 39 9 46 33 38 35 46 39 39 29 23 33 34 39 30 30 37 35 29 27 27 21 34 31 27 31 37 25 33 20 25 34 40 32 12 31 19 49 26 35 19 24 41 24 36 26 39 29 35 33 39 28 30 38 32 19 26 26 21 25 24 38 30 30 32 16 26 36 25 37 22 17 35 19 41 39 37 36 37 42 35 13 28 34 33 31 38 27 27 28 31 37 25 38 36 37 28 38 34 30 33 33 32 26 36 30 48 35 24 43 38 39 37 11 41 36 34 26 39 33 37 25 21 28 40 24 26 30 30 17 0 45 39 25 32 33 28 33 32 24 24 31 31 36 19 28 27 39 29 27 33 29 31 38 25 35 30 22 32 42 43 26 31 30 20 26 30 20 40 21 35 38 38 26 31 30 30 39 34 37 31 38 38 35 30 
27 36 21 32 20 34 29 33 35 29 33 26 25 30 30 22 34 27 28 33 26 13 27 37 39 31 32 24 35 15 31 36 28 33 34 40 39 32 25 29 24 40 37 37 41 27 32 42 31 18 29 28 36 39 39 36 31 38 31 37 27 24 22 30 31 43 26 27 22 31 27 17 36 27 29 25 30 27 41 31 23 31 30 37 30 5 25 20 32 30 29 33 25 16 38 24 24 35 28 20 27 35 43 40 33 34 25 34 30 37 37 22 27 39 24 24 23 33 39 20 29 26 35 31 22 39 36 24 18 31 24 27 29 26 36 42 24 31 25 28 20 29 34 27 29 31 40 28 36 24 29 32 42 22 29 34 44 35 29 40 30 30 25 25 23 31 37 34 26 31 42 26 45 36 18 31 35 29 30 32 28 25 31 27 34 31 25 26 20 36 33 29 31 19 29 24 29 32 27 28 19 36 22 34 27 34 31 32 23 26 41 23 30 25 34 36 36 23 28 35 11 33 23 36 37 34 42 32 26 22 21 29 32 19 23 38 31 44 33 23 22 37 34 28 25 15 20 45 25 19 24 40 32 27 33 26 38 29 38 21 13 32 23 29 17 34 26 29 24 38 37 30 29 34 32 19 22 34 37 17 30 33 34 33 26 37 32 27 21 31 38 19 43 25 19 30 35 33 14 22 32 35 26 32 35 22 26 27 42 28 31 26 43 29 33 43 31 42 33 37 17 39 38 31 27 27 27 34 34 11 28 18 26 35 28 20 27 45 28 37 29 37 28 29 30 34 30 35 28 29 38 28 44 12 36 24 18 41 26 35 15 33 36 23 42 29 23 30 25 34 26 25 10 22 33 26 39 16 28 32 32 32 36 25 10 32 18 34 34 30 32 30 19 33 35 20 30 23 40 24 36 21 36 32 33 31 25 25 55 40 28 29 41 32 31 33 28 21 16 41 15 47 26 16 33 34 37 26 35 34 19 33 27 41 22 26 25 27 34 41 28 30 7 31 19 33 0 39 28 18 23 33 26 24 24 21 28 29 26 36 24 28 34 31 31 36 19 27 11 34 24 18 14 32 45 37 25 19 30 21 31 27 21 23 25 36 28 32 26 30 30 31 44 19 35 32 15 27 23 30 
28 18 28 24 19 23 30 20 34 25 33 31 20 13 37 19 36 23 16 30 19 17 25 20 35 27 27 13 34 28 22 30 32 28 22 27 29 32 19 14 28 27 23 19 31 24 29 23 35 18 32 32 16 37 29 32 26 28 37 39 29 26 26 28 29 30 22 24 18 12 26 23 34 27 22 21 22 26 42 26 27 12 18 29 11 40 26 21 21 12 2 29 16 16 40 23 25 27 19 10 10 27 40 38 31 34 24 27 22 17 35 23 23 26 39 23 26 28 28 24 21 25 26 9 25 19 30 16 29 25 22 15 27 18 32 20 11 19 11 25 17 24 29 30 22 23 37 32 27 18 23 27 20 31 9 30 35 26 21 27 19 1 29 19 28 26 19 29 23 22 39 13 41 26 21 25 15 11 27 24 30 20 17 12 34 26 29 28 17 29 30 22 28 17 11 16 27 23 26 27 29 28 25 28 27 33 34 31 15 25 27 29 38 23 21 32 27 19 32 24 28 31 33 26 17 26 34 32 26 23 25 14 28 16 27 23 19 40 32 26 21 33 14 32 18 26 16 43 21 29 13 38 28 40 32 26 27 24 31 15 26 13 27 22 21 21 8 26 20 27 31 25 17 24 12 25 21 20 29 28 27 32 29 27 22 26 30 34 19 36 24 27 38 15 6 22 22 20 29 28 20 32 22 28 22 32 21 19 31 23 25 14 29 26 30 33 31 29 30 22 21 41 37 26 21 12 23 44 29 15 15 34 31 27 34 21 20 33 24 22 10 33 31 28 23 28 21 24 35 15 25 27 31 28 34 6 22 32 30 19 19 31 34 23 34 21 24 19 25 30 28 16 14 17 26 23 32 27 8 12 31 15 32 17 26 17 24 24 32 30 22 27 30 28 31 24 16 18 23 25 29 28 17 5 6 17 27 24 41 23 37 30 30 23 23 25 20 21 27 34 19 36 27 26 36 28 26 15 14 35 36 34 14 30 26 27 17 16 23 33 26 28 11 24 15 34 43 0 20 34 20 15 27 26 21 21 24 26 29 24 25 25 28 18 27 23 22 18 27 15 24 26 24 28 39 41 29 20 28 18 4 20 19 38 23 22 22 33 25 30 26 18 39 23 29 18 19 27 20 8 
36 33 23 4 22 32 24 35 31 26 31 37 15 32 32 22 33 27 16 33 32 23 31 34 42 31 28 26 28 29 34 35 28 33 26 35 25 28 29 23 24 30 14 30 32 31 28 42 40 18 36 34 33 44 34 39 33 32 38 37 26 27 26 25 31 43 26 27 22 18 27 28 42 27 30 15 31 27 50 30 27 27 32 37 17 34 32 23 34 16 23 33 29 16 49 14 33 37 26 28 29 19 38 36 32 27 26 29 31 27 36 24 24 38 34 26 29 35 34 26 33 28 21 27 26 32 15 23 27 31 25 13 27 28 27 34 26 17 27 31 31 31 24 31 30 3 31 28 30 22 33 25 38 24 25 40 38 39 28 18 28 22 15 28 25 30 25 27 22 29 42 28 32 33 20 29 36 25 30 35 31 18 8 30 34 33 22 20 29 29 30 30 38 30 25 26 38 39 26 29 32 39 31 26 27 36 38 22 26 28 18 32 39 24 34 33 38 27 34 32 34 28 27 37 37 35 41 31 31 31 26 27 26 29 28 31 13 40 36 28 31 37 34 24 26 24 20 46 10 27 26 34 35 38 23 26 40 29 34 19 27 31 13 29 24 29 28 34 29 27 34 30 15 24 26 15 29 11 23 19 9 35 35 29 23 37 27 35 25 42 35 21 46 22 21 16 37 33 23 24 24 44 23 41 27 36 26 30 41 25 28 29 33 8 36 31 31 34 33 30 23 39 17 33 17 27 29 42 34 21 30 36 35 36 35 22 20 46 22 28 25 37 34 31 37 31 28 39 34 31 33 18 46 14 43 20 20 41 16 23 25 35 28 13 18 29 24 29 25 24 29 25 20 28 30 23 42 18 28 28 34 25 36 11 12 28 29 34 30 30 37 35 35 36 29 10 32 25 33 20 36 43 23 26 27 31 27 25 44 37 36 32 35 33 29 26 14 21 25 41 25 36 28 29 40 34 24 30 31 35 42 32 18 30 32 26 27 29 33 32 23 25 17 32 16 36 38 31 0 20 21 16 30 30 26 11 25 34 28 33 19 19 39 31 37 29 21 25 29 21 24 20 27 32 41 35 25 21 30 32 25 18 31 48 35 32 30 31 26 30 30 35 37 22 32 29 25 27 26 26 
27 23 27 36 26 34 33 32 31 14 30 35 19 28 21 15 29 21 22 33 24 18 21 22 35 28 21 30 21 25 27 30 33 17 29 27 22 21 29 19 29 42 27 34 38 31 27 27 36 22 34 33 21 29 34 34 36 25 29 22 33 18 22 25 27 33 29 27 25 19 23 29 42 31 34 23 31 19 41 25 7 27 31 32 18 26 26 14 23 27 19 36 31 20 51 21 33 26 27 17 25 29 29 34 35 26 21 35 32 25 31 24 12 32 37 8 21 36 25 17 32 27 25 24 25 27 29 26 31 31 24 23 27 28 33 27 28 27 28 11 16 38 24 30 30 35 40 33 31 26 27 30 30 4 26 30 40 31 23 31 30 18 19 24 5 14 26 18 26 30 33 30 41 33 24 18 32 19 30 26 22 28 21 29 27 40 29 10 24 21 25 26 26 31 19 26 34 30 11 14 26 30 27 28 27 30 36 35 17 30 30 36 24 22 33 21 33 23 25 17 24 33 36 34 22 34 37 35 23 25 25 30 17 28 27 28 27 47 29 27 32 19 19 35 30 24 23 44 24 22 28 40 30 23 39 26 29 30 23 30 26 28 33 26 22 29 23 31 25 33 41 38 25 24 17 26 22 24 31 23 23 34 20 35 32 37 23 23 26 27 32 28 40 25 23 30 39 37 27 24 25 37 11 35 37 30 29 21 31 26 31 22 36 22 30 41 25 43 18 27 14 24 35 34 21 22 30 37 27 16 31 27 38 35 26 20 12 31 13 29 25 38 26 13 28 19 29 19 38 26 25 31 40 18 31 14 20 40 20 24 20 35 37 17 34 21 28 32 29 28 20 21 15 25 33 15 29 22 13 20 28 25 36 27 16 34 27 20 39 30 34 32 19 36 19 14 27 32 24 24 21 34 24 22 21 22 27 26 52 28 36 23 30 33 23 35 22 21 29 26 20 42 34 23 39 35 19 10 29 38 32 36 22 30 27 27 27 24 23 36 23 21 12 36 28 21 41 39 32 0 28 23 30 19 21 25 13 34 28 36 32 28 32 26 31 20 21 26 20 22 24 27 21 35 41 39 10 28 31 17 19 9 16 43 20 27 18 21 27 16 33 33 28 13 27 26 20 21 23 23 
33 38 38 30 37 41 14 26 34 28 37 34 30 33 44 37 48 26 29 31 28 28 39 35 34 30 43 40 39 33 42 43 44 35 36 39 29 32 28 28 40 47 40 34 40 28 40 34 42 33 31 39 23 39 49 40 35 34 36 41 34 24 34 36 36 52 25 37 24 26 32 29 48 42 29 27 31 22 37 31 38 32 33 45 25 24 33 25 34 32 31 32 28 31 48 22 42 36 39 18 30 40 24 45 23 39 33 40 24 23 43 34 32 44 43 33 25 44 33 28 34 8 33 17 31 25 41 28 37 40 35 21 35 27 33 28 31 25 17 33 32 44 39 32 36 29 21 44 36 37 32 34 28 39 15 39 45 38 20 43 37 30 30 30 31 36 33 39 7 41 39 33 52 33 30 38 44 36 28 36 28 26 34 35 40 46 30 41 21 42 27 37 43 31 28 25 31 31 39 42 33 34 24 34 37 39 33 40 28 36 44 37 36 31 44 41 37 35 35 39 30 33 17 32 28 28 32 39 25 30 26 36 37 29 28 38 32 49 28 35 25 34 25 44 31 34 22 47 36 35 29 38 36 31 46 36 38 31 33 35 32 33 36 33 32 37 28 34 35 40 39 35 23 36 24 35 29 37 38 31 35 15 48 42 37 30 38 39 33 35 37 37 43 27 33 31 42 44 33 31 32 34 31 39 18 37 28 32 43 37 44 33 32 34 33 39 28 39 41 37 25 43 40 42 32 24 32 50 39 28 35 38 34 29 40 34 33 41 33 35 30 26 30 38 34 37 41 44 46 23 38 38 49 29 48 31 32 43 30 39 29 40 25 28 37 24 29 34 40 39 26 26 27 18 44 36 38 33 26 18 45 35 35 29 27 40 30 27 38 40 22 35 38 42 40 25 24 38 29 35 31 40 31 34 26 16 34 33 49 30 43 34 29 39 26 30 33 31 35 36 28 49 43 36 45 34 41 35 22 40 38 35 33 37 36 34 26 37 35 44 34 36 26 31 31 39 47 38 26 35 0 40 38 38 25 33 33 26 38 20 38 9 47 29 36 37 31 40 31 29 34 37 34 31 32 50 25 36 19 33 24 26 33 49 22 28 37 40 15 23 29 35 26 24 40 40 34 24 30 16 
23 24 35 28 27 19 19 24 24 28 31 32 27 26 29 7 32 23 24 18 23 29 23 33 38 27 28 17 27 29 28 34 33 25 27 32 25 26 23 24 33 31 23 25 26 23 30 33 32 3 26 26 26 33 31 27 28 26 33 32 23 18 23 18 16 28 22 12 14 22 12 23 27 12 30 22 16 23 37 25 24 24 23 22 21 29 24 26 25 22 20 29 19 1 45 23 30 31 13 22 23 20 29 38 27 31 11 34 25 25 33 10 26 30 34 10 20 22 28 26 25 12 27 22 18 30 21 18 14 16 9 26 17 22 32 33 15 30 18 37 26 15 35 23 20 27 26 37 22 9 27 29 28 23 20 34 42 29 15 27 15 25 30 25 24 17 29 23 12 16 28 17 41 22 17 16 36 18 15 28 22 22 17 24 19 17 27 21 16 26 19 26 28 21 23 20 26 34 17 20 17 33 19 28 12 30 28 31 22 22 27 33 24 23 25 31 22 24 32 25 25 27 22 37 27 23 34 28 23 19 27 24 31 22 29 24 19 31 32 27 16 30 24 26 27 29 21 35 16 25 24 34 23 34 28 11 31 22 36 25 27 30 27 14 18 22 25 35 16 35 22 16 19 25 22 17 19 20 27 16 15 19 26 18 21 22 20 36 17 29 31 27 36 17 10 24 21 24 25 31 18 31 28 32 21 22 19 24 32 23 20 14 34 14 21 39 16 33 20 23 30 34 35 20 23 20 32 39 20 25 19 23 31 24 30 6 17 41 27 32 22 30 24 15 31 23 15 27 27 22 30 27 35 26 28 18 17 26 25 25 27 35 29 27 28 25 25 23 10 35 20 23 22 23 22 20 36 15 18 23 28 26 32 19 24 25 24 28 43 15 27 36 29 26 22 30 23 9 26 20 34 35 27 17 23 21 21 28 48 33 28 35 33 30 27 29 25 6 12 37 16 44 12 14 32 33 15 27 24 30 33 30 18 35 30 25 21 26 24 36 16 18 23 29 25 27 28 35 24 32 5 0 37 22 10 17 23 25 25 23 24 14 42 22 29 28 18 12 36 25 9 26 12 28 30 46 29 5 23 27 21 28 16 41 20 30 19 31 19 24 26 20 30 29 29 25 31 12 14 21 
24 30 32 19 24 28 23 27 32 27 25 20 30 25 35 27 38 8 15 29 14 25 34 32 33 23 29 26 30 23 34 37 31 27 23 38 27 34 14 21 35 35 29 24 40 14 31 35 43 23 17 13 28 33 38 30 38 33 29 40 33 30 18 29 21 40 18 23 27 24 30 25 35 32 35 13 17 31 38 21 35 24 19 32 23 35 31 22 31 24 14 24 25 28 40 23 30 22 31 19 22 31 28 30 21 21 19 28 31 29 34 16 25 41 35 20 11 38 29 29 32 25 23 21 27 31 17 28 32 25 22 27 25 13 25 32 19 31 23 34 28 36 39 30 22 18 32 39 28 35 18 20 32 33 21 25 42 35 6 32 31 18 30 31 17 37 31 25 18 34 21 20 41 19 12 30 31 23 26 30 29 27 23 22 31 38 23 32 7 32 9 37 33 18 21 11 17 30 25 28 26 39 10 28 30 34 19 33 26 20 33 23 40 28 31 34 23 19 28 26 25 17 26 38 29 24 30 38 23 23 30 24 28 22 32 25 28 42 27 21 22 35 26 26 31 23 26 33 12 31 25 24 26 25 32 29 37 23 35 27 21 25 22 34 19 33 20 33 32 26 36 33 24 31 24 17 32 26 24 25 11 32 34 28 34 38 25 36 31 26 28 27 38 27 23 31 32 35 28 33 31 22 24 31 34 30 20 30 38 30 37 25 31 10 29 30 34 37 30 24 26 42 26 36 32 21 35 40 35 23 22 24 26 25 36 24 33 36 24 34 22 43 16 25 32 29 33 35 36 27 37 29 45 23 35 18 24 45 31 25 24 26 37 28 33 26 29 26 37 39 31 23 13 27 38 23 38 26 20 24 32 27 28 26 27 27 26 35 43 33 31 33 33 28 41 25 28 30 35 21 33 30 29 22 18 23 36 34 53 32 28 31 29 26 28 20 29 24 30 38 23 35 34 23 19 40 28 27 26 8 33 21 31 28 31 32 12 26 30 34 27 29 19 36 27 30 39 31 15 29 28 27 0 28 11 13 26 31 20 27 32 20 34 31 22 30 13 30 32 27 27 26 21 24 40 49 22 27 36 29 16 21 20 39 20 31 26 38 32 31 22 21 28 25 39 22 27 30 22 20 
29 31 34 26 26 32 26 22 33 16 27 25 34 30 37 24 10 11 16 21 25 22 25 24 26 15 29 23 34 14 35 34 30 17 28 31 28 23 21 13 26 29 25 31 36 21 8 32 24 20 28 21 33 38 34 31 20 27 30 39 25 20 21 27 18 36 10 22 6 18 14 16 35 29 32 15 24 21 43 23 32 29 26 34 17 41 32 29 29 29 22 17 26 25 33 25 28 23 29 16 27 30 31 32 32 23 24 23 29 21 35 18 14 37 40 23 22 38 25 29 20 26 34 15 13 23 32 10 27 22 23 19 28 20 20 26 13 23 15 35 19 28 43 18 26 25 35 30 20 33 25 27 22 33 13 21 34 36 25 29 28 24 34 24 26 33 25 27 25 32 36 15 40 35 15 20 34 21 25 29 24 24 19 20 29 30 28 31 14 18 27 38 28 18 13 18 28 29 25 28 27 34 21 30 22 34 30 24 29 23 29 28 34 29 34 23 30 22 20 28 27 28 22 24 26 25 36 30 25 15 25 22 19 26 27 27 30 39 20 24 29 39 23 23 30 14 4 37 24 3 23 35 27 26 37 21 29 13 35 32 12 23 27 28 26 31 25 25 27 27 33 29 21 26 22 14 28 22 35 24 26 33 34 29 20 32 29 25 25 30 20 18 32 9 23 16 28 37 23 35 30 29 13 31 28 22 10 25 39 22 30 25 35 25 31 37 26 31 33 26 26 41 16 36 15 24 29 18 33 20 17 31 19 24 27 19 31 35 15 28 27 37 27 28 32 21 23 22 27 20 29 20 44 25 33 16 18 36 27 32 24 33 30 32 36 23 28 16 34 27 22 15 19 19 32 24 36 25 25 16 32 27 20 11 31 25 17 32 36 25 28 25 25 26 38 29 21 22 27 31 33 27 23 27 23 15 37 25 43 36 28 36 32 29 9 27 26 16 25 38 14 36 19 24 27 39 30 32 19 40 35 32 31 30 28 32 19 24 31 34 25 27 16 24 18 35 38 23 22 29 27 25 32 0 18 10 15 32 23 20 24 26 38 22 29 20 16 28 32 21 19 17 22 16 41 38 29 18 30 20 21 24 20 32 22 26 26 36 26 28 14 28 37 28 23 28 24 22 26 14 
13 26 40 39 33 35 37 30 39 32 25 41 39 43 24 31 38 33 36 29 27 30 33 37 38 32 42 26 36 37 26 40 32 45 30 37 40 39 35 32 28 49 34 27 36 35 36 36 35 35 42 40 34 44 41 20 42 39 47 31 37 35 33 33 41 42 38 23 34 20 40 35 46 43 37 37 38 22 27 38 27 20 32 32 19 46 20 34 32 40 33 37 34 33 53 34 42 43 34 24 40 31 49 30 27 21 40 36 33 34 43 31 30 30 46 37 36 36 32 37 29 28 38 34 32 36 39 32 28 45 33 32 43 34 37 36 34 36 26 40 37 33 44 33 37 38 44 32 40 40 39 35 39 35 35 39 50 31 36 38 31 32 38 34 36 43 27 38 35 42 18 33 52 34 28 36 43 31 26 36 39 37 28 24 44 35 28 30 28 43 9 45 30 33 31 32 23 48 26 29 37 47 35 38 35 37 44 33 35 36 38 39 36 33 44 34 12 31 37 26 33 17 40 32 32 30 36 37 37 31 24 26 35 27 26 25 37 47 32 22 35 41 29 36 33 37 32 39 39 31 31 24 37 32 41 37 38 41 32 37 35 36 43 37 8 36 36 32 22 34 44 34 34 30 25 35 27 31 39 27 39 35 35 30 36 44 40 41 27 32 37 41 45 37 29 35 34 43 36 40 33 32 29 39 38 39 38 39 37 38 33 32 37 38 33 50 28 44 38 24 34 33 44 34 26 20 30 46 26 15 36 13 39 31 46 36 35 31 31 24 18 42 35 42 21 37 41 35 46 28 45 29 49 38 44 26 28 43 38 26 36 47 39 37 37 24 33 38 42 47 37 31 34 17 35 36 46 26 26 29 35 31 28 33 36 29 36 36 38 46 31 33 40 37 39 34 29 27 40 34 44 36 25 31 36 14 31 44 54 32 42 37 29 32 26 29 40 37 26 49 28 43 42 29 38 29 28 30 30 43 41 46 37 37 32 21 33 28 29 46 36 38 32 33 33 19 50 31 35 40 28 34 41 28 0 31 26 35 35 32 41 37 50 29 30 27 28 38 32 23 40 40 32 41 42 51 41 35 35 38 35 31 35 41 34 39 27 27 31 32 39 42 26 33 40 38 40 24 28 33 
32 32 32 35 31 33 21 31 31 28 38 34 24 27 32 14 40 20 25 32 25 12 34 34 35 24 31 37 36 23 36 40 27 26 33 39 37 31 24 22 23 38 34 33 40 30 36 41 30 10 28 27 30 40 42 35 29 39 39 48 33 23 21 25 27 44 19 26 15 26 23 28 41 19 28 24 28 29 46 30 22 26 29 30 25 31 36 19 35 26 16 26 26 15 42 23 28 38 26 23 24 34 40 39 32 36 35 38 31 30 44 26 26 41 37 31 22 36 34 19 29 28 34 23 22 32 28 19 33 23 25 28 36 29 29 25 22 32 24 27 31 38 33 27 27 34 28 27 29 23 28 31 34 33 22 35 43 36 28 38 29 29 24 33 28 29 33 33 34 30 43 24 44 36 24 30 34 33 29 31 27 24 28 26 33 40 24 25 23 33 34 28 29 28 22 27 28 37 26 29 30 35 21 33 24 33 30 33 22 32 38 37 36 24 39 32 37 22 27 38 33 30 24 26 35 34 41 38 33 24 20 28 15 23 22 37 32 29 29 22 23 41 32 13 24 33 13 44 23 36 27 37 33 35 41 23 38 22 37 29 35 27 34 21 16 29 22 28 30 36 23 39 30 35 30 4 23 31 36 28 22 35 35 32 28 36 27 37 33 37 37 37 41 18 30 25 36 44 32 33 38 38 25 41 36 29 19 26 45 30 33 27 41 21 33 45 28 40 39 36 16 50 37 34 24 26 26 50 34 10 26 29 28 26 37 31 24 45 11 36 24 43 27 36 29 30 29 34 34 29 37 29 46 23 39 28 27 33 25 33 14 33 39 22 35 31 22 25 24 33 25 24 9 25 35 27 38 27 28 25 31 29 29 20 21 31 27 33 33 29 31 29 36 32 34 19 30 32 36 23 35 36 31 29 20 24 35 31 55 37 35 28 40 37 30 36 27 20 31 40 14 45 37 27 33 40 40 25 28 44 41 32 27 39 21 32 28 30 37 43 23 25 6 30 29 36 41 32 31 29 31 30 39 33 25 0 24 28 32 36 31 16 42 31 32 29 25 26 22 29 23 36 25 25 41 36 24 30 36 32 18 32 30 41 30 35 27 36 32 29 23 32 41 18 32 31 14 24 24 22 
26 37 34 36 31 44 35 36 27 28 28 40 27 33 35 29 33 34 32 32 31 30 10 31 38 15 27 29 35 31 41 43 42 31 39 41 32 35 31 17 38 49 36 39 45 30 27 26 47 30 30 42 19 38 43 34 34 31 30 24 39 32 21 37 41 29 33 26 29 29 37 31 31 34 28 30 32 33 37 23 21 33 35 35 32 40 40 28 34 31 30 38 29 28 54 35 39 39 39 31 31 34 43 33 33 24 35 39 35 37 20 26 26 43 40 22 28 39 28 31 30 28 39 37 34 39 33 33 30 43 25 35 41 30 20 41 36 39 31 25 30 41 36 28 28 35 36 31 23 35 35 27 44 18 36 38 33 39 33 42 40 32 33 22 19 28 36 32 35 42 24 37 44 39 31 32 34 33 29 36 36 38 35 27 41 43 24 24 24 35 12 40 13 33 22 28 29 31 25 28 18 42 37 33 28 34 32 36 29 28 35 39 38 32 20 8 37 22 20 29 27 20 38 41 20 39 42 33 18 27 20 29 31 23 22 28 28 43 37 22 26 33 17 27 24 31 27 45 27 26 38 27 30 37 37 27 39 36 37 34 29 32 39 25 33 41 29 28 27 37 37 42 37 38 15 18 20 35 42 30 28 35 34 33 37 45 37 37 36 38 37 35 44 32 32 39 37 46 30 32 23 38 25 38 38 37 33 33 45 26 29 36 46 27 31 46 32 47 32 27 28 26 35 37 29 26 26 41 33 30 32 38 40 40 40 32 26 44 27 39 31 38 31 27 26 24 41 33 38 33 39 32 52 25 40 28 31 43 34 38 14 43 37 25 37 24 22 32 36 41 34 14 29 28 31 13 43 29 11 32 32 35 41 34 30 32 32 34 33 38 31 29 17 34 33 28 34 35 38 32 35 37 34 33 27 20 35 34 59 26 43 37 34 37 26 37 33 33 32 40 32 46 38 15 41 46 31 24 36 38 35 34 31 28 21 39 29 29 37 34 35 35 26 30 31 32 44 44 32 14 31 37 30 23 25 28 0 35 39 36 34 30 41 29 30 33 32 38 34 32 32 34 13 37 45 47 24 31 31 31 32 23 30 41 34 41 27 35 35 30 35 36 31 27 40 40 34 28 21 36 
28 18 35 35 32 37 26 37 32 15 41 8 29 29 40 24 38 22 29 35 23 27 24 23 42 29 41 38 30 26 22 33 36 35 37 30 27 22 30 28 32 47 28 35 45 30 30 37 37 27 33 34 30 36 47 34 33 26 43 38 38 19 31 26 29 33 34 34 19 28 25 31 45 36 35 22 33 20 42 24 16 28 35 33 27 36 35 34 35 28 21 33 32 25 46 28 30 38 28 26 26 39 38 46 32 37 18 36 36 33 34 15 13 37 41 30 20 37 41 34 33 17 38 25 26 31 38 23 34 33 14 33 24 29 34 28 35 35 25 29 34 39 16 31 26 34 33 36 34 33 28 29 36 32 27 35 47 38 22 32 35 27 29 33 33 32 32 27 30 31 34 29 46 25 26 19 41 20 32 21 21 35 22 31 36 41 11 19 23 42 25 43 27 29 20 27 33 39 20 23 32 25 26 27 36 41 35 35 30 34 31 11 34 36 34 22 28 32 34 34 28 33 29 35 31 36 29 36 31 27 30 33 18 32 32 33 39 34 36 31 34 41 28 18 31 29 34 49 33 36 29 35 30 38 43 35 41 31 30 31 30 29 38 27 24 25 24 38 26 39 28 39 32 30 26 9 27 25 26 31 32 24 29 41 35 39 28 24 35 42 33 33 41 22 32 29 41 41 31 33 34 38 12 37 27 32 28 16 37 27 35 36 37 31 31 46 24 44 35 32 31 40 38 35 28 26 36 46 42 19 32 29 35 31 40 27 33 38 14 26 26 35 25 35 37 20 30 28 40 31 28 32 51 26 46 15 32 41 30 19 24 42 34 27 35 22 29 29 34 38 19 28 24 26 37 27 41 30 22 30 42 26 41 24 26 31 30 29 43 39 38 33 24 32 14 24 32 33 35 34 28 38 33 31 22 30 36 27 51 37 38 35 38 34 24 36 17 30 33 33 26 48 36 29 40 43 36 19 30 30 36 37 32 42 31 36 28 30 29 38 24 26 21 37 30 30 45 43 31 28 29 24 22 36 16 29 14 0 34 37 34 21 22 27 32 38 27 27 35 31 33 32 27 37 41 49 37 29 28 35 20 31 31 42 32 23 25 30 24 25 35 13 35 33 29 27 29 22 21 24 
25 18 39 34 30 27 18 30 28 28 35 32 26 41 44 31 22 33 38 35 19 29 25 29 35 24 36 30 34 21 22 38 37 31 22 40 33 35 28 32 33 29 38 19 31 27 15 38 46 27 35 38 27 43 43 33 36 38 35 43 32 28 29 22 38 31 32 40 28 12 34 23 38 36 30 33 34 26 39 32 30 12 33 12 11 28 26 27 30 39 32 33 33 32 46 24 41 30 40 16 38 42 28 19 33 31 26 30 25 27 35 26 26 36 45 28 31 38 28 30 21 22 35 21 33 29 42 32 32 31 25 25 32 37 29 28 35 29 21 29 11 35 35 37 27 33 25 37 32 37 32 33 32 39 19 39 42 27 31 42 23 31 30 31 25 32 19 40 11 43 39 25 52 30 27 29 42 29 32 30 32 30 32 33 36 37 27 33 32 36 27 39 22 25 31 35 34 35 24 27 30 34 35 8 30 39 37 31 21 35 42 31 38 17 36 29 27 30 29 24 34 34 21 31 32 29 40 33 23 28 32 23 31 33 34 23 36 31 36 30 36 33 29 30 29 21 26 50 18 29 30 38 29 33 33 29 30 35 37 24 19 41 43 37 33 26 37 40 24 42 38 16 27 33 28 21 35 35 35 31 35 29 33 44 19 36 24 37 19 37 27 25 43 31 30 31 41 44 31 32 36 45 25 38 32 32 32 25 35 21 25 32 29 35 30 43 32 36 30 22 27 45 23 43 34 12 23 44 20 27 29 40 34 30 34 21 27 43 27 22 10 36 36 33 38 33 43 29 34 27 40 27 47 31 40 28 28 46 28 19 29 43 25 30 41 28 27 31 41 39 30 23 26 22 27 30 42 35 26 22 37 34 32 33 29 37 24 28 42 43 26 41 32 33 37 27 28 29 33 31 35 28 17 35 35 29 35 30 50 24 38 33 37 6 16 34 26 34 32 40 30 51 32 27 36 29 26 33 26 33 42 39 33 42 29 27 36 25 32 38 20 22 23 25 12 31 49 35 30 35 42 37 25 26 36 17 27 30 0 18 34 13 42 32 36 23 24 40 33 15 37 24 25 38 38 50 29 25 29 12 33 29 25 47 20 32 31 30 25 24 36 36 40 26 30 36 31 28 20 20 
39 34 40 35 30 35 30 32 14 35 30 36 30 33 42 30 40 40 28 39 30 33 31 40 46 38 29 31 33 36 38 31 44 34 29 28 40 38 20 26 40 43 28 35 23 28 30 35 36 33 17 33 28 32 39 36 21 39 26 50 33 30 31 35 30 44 39 36 18 28 26 38 39 33 15 27 33 34 52 31 31 28 25 30 27 40 32 28 33 37 29 37 31 31 51 36 40 38 39 21 30 41 49 35 27 26 35 31 37 39 37 23 33 44 35 32 27 38 35 38 32 37 36 20 25 41 38 22 34 34 34 37 32 29 36 27 31 33 33 35 29 41 39 30 38 28 37 41 36 39 24 36 31 35 31 31 47 19 29 38 31 28 44 31 34 38 35 38 34 35 36 33 41 37 34 36 42 31 36 35 28 33 30 24 47 43 31 34 23 22 27 40 40 22 31 27 40 27 33 36 31 39 33 34 34 35 19 38 26 22 40 39 44 30 35 35 39 31 43 31 35 35 33 32 29 30 36 25 5 34 27 26 38 22 29 30 34 49 40 27 28 39 26 35 11 27 33 46 33 32 31 42 32 25 38 39 39 30 26 40 34 32 38 34 26 39 35 35 32 28 42 34 33 36 24 26 30 33 40 35 32 44 42 30 28 44 24 19 25 29 28 31 45 21 33 28 34 38 30 41 32 30 32 35 42 42 27 30 27 22 38 29 45 31 41 44 40 49 42 29 37 52 26 36 23 4 33 41 35 31 35 40 39 31 23 32 13 34 34 38 26 45 32 37 35 37 35 34 47 26 26 34 51 33 36 26 25 46 39 35 24 42 34 28 43 33 9 28 36 28 26 28 30 34 40 16 42 37 20 34 33 34 24 23 39 29 28 41 43 37 37 36 38 37 38 39 27 35 42 21 24 35 33 32 33 29 44 34 52 35 30 25 44 24 17 36 31 35 32 29 31 37 38 28 39 41 33 25 25 46 43 21 41 31 31 33 28 28 35 37 33 22 27 17 33 37 39 27 31 39 40 35 39 31 27 30 27 32 27 0 40 25 44 32 28 37 30 38 43 31 37 30 26 36 42 39 39 31 39 30 31 34 21 49 2 34 32 39 35 37 34 37 44 38 31 28 35 36 31 19 
36 31 41 42 25 36 31 35 36 36 34 41 38 26 32 28 43 31 24 21 32 28 38 29 32 35 40 28 40 32 35 37 36 36 32 37 30 35 23 15 41 42 36 28 40 28 39 24 44 24 41 41 17 43 41 38 37 29 48 52 40 27 26 35 38 45 30 15 26 25 34 34 44 33 31 32 26 36 50 30 35 25 28 33 24 44 37 31 32 25 15 37 27 31 53 36 44 31 32 23 23 23 43 39 24 40 28 37 33 37 35 24 34 41 46 29 30 45 38 36 34 28 39 22 33 39 31 29 40 37 30 34 34 22 34 33 26 37 29 36 32 37 42 33 26 41 41 45 28 33 27 39 33 33 33 34 36 37 32 40 32 33 38 20 34 39 32 32 27 40 40 28 49 37 20 39 39 32 18 34 31 37 30 25 38 39 32 24 30 38 28 37 43 27 32 20 42 36 31 33 39 44 36 36 29 42 42 40 34 26 40 43 46 30 36 41 36 27 40 33 34 9 34 39 18 33 33 39 29 31 28 27 38 29 30 32 26 45 26 25 31 41 15 36 27 32 24 38 34 38 26 16 34 44 35 37 38 32 35 28 30 26 31 23 34 25 21 27 25 26 43 36 36 37 13 27 24 33 42 19 36 35 39 28 35 39 34 44 32 43 35 34 42 28 21 35 35 35 36 35 21 36 33 37 35 35 29 35 44 24 27 29 37 35 35 44 32 38 39 31 33 54 47 43 34 25 28 42 40 28 30 45 39 30 45 35 29 45 34 35 23 27 27 34 24 29 39 34 36 28 38 36 46 32 38 27 20 41 32 32 32 35 26 36 35 22 25 34 40 43 29 17 27 35 29 28 44 18 9 32 40 19 40 30 35 30 35 31 44 41 30 28 42 32 33 33 29 31 39 34 35 41 30 34 19 18 38 37 37 24 36 40 23 27 24 29 36 36 38 40 30 35 40 36 45 35 35 28 27 36 42 44 29 29 24 35 21 27 36 37 33 35 24 33 28 39 50 33 38 38 20 36 28 35 34 23 33 34 28 33 0 29 41 27 31 36 21 36 39 28 35 33 34 36 40 52 39 34 20 33 17 35 29 33 29 39 30 35 16 27 34 30 20 32 38 39 32 38 25 21 
24 37 31 21 30 32 5 17 33 31 35 29 27 33 39 30 39 20 25 28 21 21 30 26 35 24 40 33 37 25 41 34 35 26 27 31 26 23 28 22 31 38 31 25 31 25 31 25 33 26 31 30 14 30 40 31 26 25 27 36 33 15 27 27 27 45 19 30 15 17 23 20 39 35 20 20 31 13 38 22 29 31 33 36 16 15 31 22 33 26 22 26 20 24 39 29 33 36 34 9 30 32 40 40 32 31 27 31 15 14 35 27 29 35 34 32 18 38 24 25 29 24 31 8 22 16 32 19 28 31 29 12 32 27 24 19 22 16 8 30 23 37 36 27 29 20 12 35 27 32 32 26 19 32 6 31 43 30 20 35 28 21 27 21 31 33 24 32 28 39 34 24 46 33 24 34 35 30 25 27 19 17 25 27 38 39 30 32 21 34 34 34 34 22 22 25 28 22 30 33 31 25 24 25 28 35 33 31 24 27 35 32 27 22 36 32 33 28 29 30 21 24 8 23 19 19 37 35 30 22 26 27 34 23 28 29 23 40 29 28 29 25 16 38 23 25 13 44 27 29 20 31 27 29 40 30 38 22 24 28 23 32 30 24 23 28 28 34 26 36 30 29 14 27 15 30 29 28 33 27 26 31 39 38 28 23 29 31 24 33 28 29 34 18 26 22 37 35 24 31 23 36 31 30 28 31 19 28 34 30 35 29 34 25 24 30 19 40 32 28 22 38 34 37 24 19 23 44 33 21 26 32 28 20 31 25 25 32 30 26 29 36 23 37 25 28 32 36 37 14 29 29 40 22 39 25 27 34 28 38 20 38 35 25 28 15 21 25 33 33 17 24 20 9 35 28 29 26 17 9 36 28 29 20 20 32 21 34 29 34 37 34 29 35 38 22 15 31 20 32 22 31 22 25 26 19 34 24 40 21 37 31 36 30 17 21 24 25 26 27 19 45 34 28 36 33 32 32 13 37 29 34 30 29 27 25 26 28 26 35 25 27 17 22 22 30 38 32 17 28 33 32 29 29 25 27 24 27 30 28 29 0 38 20 32 28 25 35 28 20 28 28 26 25 43 44 16 27 29 24 24 17 24 40 28 19 28 31 25 30 23 34 35 21 31 33 25 15 25 7 
18 25 15 33 14 24 23 27 31 26 23 33 7 24 24 14 32 30 29 25 24 26 24 31 41 34 20 20 20 26 29 38 37 29 18 35 30 27 28 28 33 34 30 26 33 28 20 36 45 10 28 26 30 36 38 28 36 34 31 31 33 19 18 25 23 37 29 19 27 19 19 26 34 19 30 23 23 18 32 26 19 19 26 29 18 35 16 26 26 24 26 36 26 8 52 30 33 20 18 21 21 27 39 28 34 19 29 28 25 29 34 16 24 33 26 18 21 27 31 25 25 25 33 23 18 24 28 28 24 23 22 27 34 27 35 30 18 31 23 23 26 29 16 23 27 32 29 37 27 14 32 30 34 16 21 36 36 27 20 33 20 25 7 33 17 22 19 28 25 21 42 20 29 25 12 21 31 19 22 32 23 29 24 22 26 31 36 22 21 33 31 29 35 24 19 25 31 32 23 22 24 38 24 28 19 34 30 31 26 20 33 33 31 28 28 33 32 19 33 24 28 34 26 28 31 29 41 33 23 26 32 19 20 27 34 23 26 44 35 20 23 31 28 28 29 26 26 42 22 25 30 41 24 35 33 18 32 29 35 24 24 29 34 21 31 29 20 40 21 31 29 30 26 26 18 19 26 27 30 11 22 32 28 23 22 29 27 35 18 35 31 30 41 27 13 33 32 27 31 14 26 36 23 33 33 29 26 29 33 24 25 21 36 21 28 44 23 36 28 22 26 33 28 25 9 19 30 36 26 25 22 38 38 30 37 24 24 36 16 22 17 38 26 23 37 28 20 31 34 23 33 27 38 6 35 14 12 33 8 26 28 25 37 5 33 20 32 26 17 16 21 30 24 25 27 20 40 10 22 24 35 25 29 29 4 27 27 10 43 22 31 41 31 33 27 2 24 23 34 12 33 35 24 21 26 30 17 27 49 31 28 33 37 26 21 34 30 13 22 38 21 40 30 21 32 25 26 22 28 30 36 24 10 34 33 17 26 21 25 43 23 25 21 29 16 24 30 32 29 12 24 23 22 22 25 15 25 30 20 30 31 23 0 23 36 30 13 17 32 22 16 29 19 25 35 27 22 23 32 27 27 21 23 44 27 34 22 23 28 28 33 27 38 25 29 25 29 19 24 22 
20 20 29 25 27 31 30 35 34 13 43 14 18 27 38 27 39 28 25 21 17 31 29 29 40 35 31 32 34 26 24 30 25 32 33 27 23 19 24 28 21 45 34 33 43 24 29 38 34 27 27 25 33 42 41 38 30 32 39 38 14 11 26 32 28 28 31 23 16 26 24 25 44 36 33 16 27 26 34 18 32 26 29 36 25 40 30 22 19 26 22 35 30 31 48 34 26 32 30 2 24 31 39 42 29 39 26 12 36 25 39 12 19 31 35 30 14 43 31 33 24 14 38 23 17 35 36 20 20 32 11 34 32 23 28 34 29 38 27 37 28 30 27 22 23 24 30 25 31 38 28 23 34 30 29 35 49 40 16 38 33 21 35 16 27 38 30 28 24 35 39 23 49 29 24 25 35 26 18 22 15 33 28 24 41 32 17 32 17 40 27 34 33 27 26 21 27 37 30 33 36 26 20 21 35 39 29 19 13 22 37 17 32 28 33 28 33 27 34 35 22 17 33 41 32 34 35 19 25 21 25 26 24 28 27 34 34 40 34 20 31 38 34 24 29 23 31 38 27 30 27 24 34 35 33 34 25 28 36 29 24 18 32 33 29 28 22 33 24 34 34 31 31 21 25 15 24 31 27 25 30 21 39 36 36 36 34 30 23 30 9 27 33 19 26 26 34 32 16 30 33 17 18 10 24 34 25 17 34 33 25 29 34 29 35 40 30 41 29 33 30 35 36 41 25 26 26 42 35 29 32 33 37 13 36 21 31 38 20 25 24 32 19 35 38 26 27 38 39 29 25 15 33 20 38 21 20 14 36 21 19 36 25 33 39 28 27 26 40 37 13 30 23 30 27 33 17 24 28 32 37 22 38 21 27 29 26 29 38 38 36 34 30 29 39 30 30 24 41 23 34 32 31 25 20 33 33 21 38 31 40 31 31 30 30 30 18 29 18 39 29 43 34 33 31 34 37 29 28 41 30 31 34 37 26 31 22 24 26 36 30 32 25 28 29 26 39 40 21 26 28 30 33 33 21 27 20 25 32 31 36 25 28 0 32 35 25 33 36 29 32 26 31 34 38 48 32 27 25 29 18 25 27 36 24 18 25 37 21 29 32 19 28 29 33 33 33 28 25 22 
39 32 39 36 33 41 42 33 10 32 39 39 27 43 48 35 36 39 21 38 31 33 36 40 39 25 40 32 41 36 36 50 40 27 28 44 44 39 31 33 36 43 24 33 45 31 37 44 52 38 38 43 37 28 39 39 22 43 40 50 40 36 33 43 39 45 44 35 37 26 35 32 51 41 40 20 34 25 53 28 27 26 24 26 25 52 30 27 36 42 36 30 30 36 46 38 38 39 45 29 40 43 43 44 40 35 33 34 36 44 41 23 30 45 45 32 28 43 35 39 35 35 35 38 35 44 38 15 31 32 32 35 39 30 30 42 36 39 39 40 25 37 36 38 36 35 45 40 33 44 35 37 29 39 43 27 43 30 30 34 37 35 41 40 38 43 33 32 35 48 32 37 42 38 31 35 46 37 36 31 29 16 38 33 20 39 28 30 24 45 37 48 23 34 32 28 37 41 31 34 37 35 31 35 35 44 40 34 22 39 45 42 39 40 36 34 38 34 30 38 32 43 44 44 38 40 49 36 37 28 24 29 35 27 26 37 40 39 33 36 27 47 35 43 36 23 38 53 33 40 32 46 37 46 42 34 42 23 22 38 34 36 32 41 36 40 38 32 33 32 46 30 37 33 33 34 27 41 36 35 32 42 40 34 40 40 42 41 31 46 35 27 52 14 32 21 43 46 28 40 40 36 29 37 43 35 20 26 40 42 39 35 43 31 36 47 31 50 39 36 36 52 45 41 20 26 22 42 34 36 28 41 32 39 41 28 36 30 31 36 24 43 33 37 44 34 45 39 48 33 45 30 57 30 51 32 29 41 42 33 37 43 40 39 40 27 41 21 37 29 27 24 34 37 41 29 44 34 29 39 48 34 33 16 36 38 31 40 52 38 35 33 40 42 39 36 34 31 43 32 20 42 31 39 36 28 43 31 59 38 41 36 45 20 29 37 27 29 29 25 24 41 34 34 49 32 40 30 32 47 40 37 40 35 43 24 29 31 32 41 41 42 32 39 34 41 49 36 32 36 40 37 39 40 28 30 26 39 38 32 37 37 47 27 0 30 31 44 42 29 32 26 32 29 46 40 43 27 36 26 34 31 36 42 34 45 33 30 32 36 27 38 42 35 28 29 40 27 28 38 
30 25 27 28 30 34 26 27 30 20 29 29 19 24 28 18 30 27 24 35 25 24 29 28 33 32 21 20 30 18 29 38 34 21 26 28 30 27 23 27 30 34 33 27 39 23 23 36 33 25 29 30 29 38 28 29 29 29 34 43 23 21 6 30 27 29 29 29 15 20 23 20 39 25 38 24 26 25 42 28 35 20 22 20 19 36 29 23 20 23 23 24 27 23 40 21 27 31 26 21 21 31 36 27 28 34 14 34 33 33 39 4 18 33 27 13 22 31 5 34 29 13 25 20 22 35 32 19 21 31 10 30 20 22 36 31 18 32 28 36 19 18 28 27 27 27 33 32 35 25 16 31 31 37 27 23 48 35 18 32 30 29 36 25 29 28 27 33 19 29 38 20 29 31 26 24 19 18 32 23 25 33 27 11 29 20 16 32 16 37 29 29 30 22 18 20 29 34 20 23 25 27 22 16 29 35 31 28 14 25 36 26 33 25 28 27 32 7 37 28 14 31 26 39 30 33 37 28 28 22 32 13 23 15 14 27 22 34 27 19 25 41 27 34 36 18 23 45 26 22 24 38 25 30 40 28 26 17 39 26 16 24 31 27 28 26 19 39 27 35 35 19 30 19 25 25 15 30 28 15 26 20 29 34 27 35 32 29 24 34 31 22 39 18 13 25 21 27 17 27 21 31 17 35 23 26 24 18 26 29 33 17 37 25 26 39 31 36 23 26 31 44 31 29 24 20 27 37 23 26 22 25 26 34 31 9 28 44 19 28 18 31 27 18 36 25 28 35 31 26 33 24 38 29 36 13 16 39 35 26 30 35 30 30 37 27 34 18 30 36 23 29 25 24 34 24 42 32 21 28 33 20 27 20 27 16 21 23 47 32 33 32 22 33 33 31 27 12 29 24 37 24 25 33 17 22 30 23 52 30 32 32 34 14 24 29 19 23 19 42 26 44 15 22 36 37 30 26 25 37 22 33 21 37 37 30 21 15 18 38 28 30 22 33 20 30 31 30 24 33 27 22 29 30 20 25 19 25 8 26 28 21 37 25 20 0 1 25 37 23 26 21 20 23 37 39 26 8 24 20 15 33 21 35 25 37 8 36 20 19 21 29 31 30 32 25 30 27 16 19 
31 25 26 30 29 33 25 28 35 23 41 32 18 23 27 17 29 30 24 39 24 27 32 30 38 31 20 23 37 28 29 40 41 30 25 27 35 30 23 32 38 36 33 26 38 25 22 39 32 24 28 29 34 44 27 39 28 34 39 42 32 22 5 29 26 28 29 33 14 19 22 25 44 24 37 23 26 28 41 29 37 19 21 19 18 35 33 22 19 22 29 33 26 22 49 20 31 31 25 20 20 30 35 26 27 37 28 33 32 34 42 3 21 36 37 31 21 34 35 34 28 12 24 19 21 35 31 18 29 30 9 32 33 22 35 30 21 31 28 35 18 34 27 26 26 29 32 42 34 28 27 30 30 36 26 34 49 34 17 31 29 28 37 34 28 36 26 35 18 28 40 23 28 30 25 27 18 17 36 22 26 32 27 10 40 36 34 31 18 36 31 32 29 27 17 20 28 33 31 34 30 26 21 15 33 35 30 37 13 24 37 35 41 24 31 30 34 6 36 31 32 38 28 38 39 33 36 37 27 21 35 12 26 26 37 30 29 38 32 30 24 40 36 37 36 24 31 44 25 33 23 42 35 36 40 32 25 26 38 25 26 23 31 26 30 25 18 43 29 35 34 23 29 18 26 28 35 30 27 14 25 19 35 37 26 34 31 32 26 37 30 28 42 17 16 24 20 30 31 27 34 33 20 38 22 32 23 17 25 28 32 24 36 24 37 41 34 39 30 29 31 44 30 32 23 19 26 48 26 25 23 35 35 34 36 27 27 43 22 27 17 30 26 36 43 28 27 34 37 25 35 33 41 29 41 12 15 38 34 26 29 35 29 33 40 30 34 17 29 35 24 30 24 23 34 23 44 33 31 29 39 19 36 19 27 15 26 31 48 36 32 40 32 32 37 34 26 28 40 23 36 35 24 32 16 31 30 22 51 29 38 31 33 13 23 29 18 27 33 41 26 44 33 31 35 36 33 25 24 40 40 32 24 37 36 34 21 14 17 37 27 29 21 32 19 37 41 37 26 35 26 21 32 33 22 24 22 24 7 25 34 20 38 28 31 30 0 24 36 22 30 27 29 32 36 46 25 26 23 19 14 32 27 45 27 36 32 37 19 27 30 28 30 33 31 24 29 30 27 18 
21 31 29 16 15 25 22 24 22 27 33 22 27 26 32 31 36 24 12 29 11 24 31 32 33 33 26 27 27 20 34 38 28 24 20 38 27 34 11 23 33 32 26 19 37 11 28 32 41 27 14 28 25 30 35 20 29 30 26 37 38 27 20 16 30 31 28 24 23 21 30 22 32 31 31 10 14 29 35 18 31 25 16 30 24 32 28 19 28 26 16 25 22 25 41 26 28 19 1 16 23 28 22 26 18 29 16 25 28 23 31 19 25 35 32 17 8 10 26 26 17 21 17 23 20 33 27 19 29 29 18 25 22 10 22 31 16 29 6 31 25 34 23 15 19 15 29 34 10 18 15 17 33 27 23 22 44 27 3 29 24 15 27 28 14 26 28 11 15 4 26 17 37 16 24 25 27 20 26 27 26 30 20 26 28 36 23 29 4 29 17 31 36 15 20 8 14 27 22 23 23 39 7 22 20 31 16 31 26 31 22 25 23 11 28 34 20 15 27 24 22 22 25 40 26 21 27 24 20 23 27 21 25 10 29 23 25 44 27 18 19 18 23 30 27 20 29 30 22 29 22 29 16 22 16 29 26 20 26 29 18 27 19 31 16 20 22 35 25 23 32 30 27 31 21 21 30 23 17 22 21 28 29 25 14 28 18 24 28 23 33 24 35 26 20 25 36 29 25 27 28 19 24 28 31 30 17 30 38 16 8 22 28 20 17 27 34 33 27 22 23 39 23 8 26 18 27 37 32 23 19 21 27 22 24 21 29 30 26 31 23 30 13 22 29 11 3 33 30 23 39 27 41 20 32 15 21 43 20 26 21 23 29 25 28 24 26 23 34 36 29 25 10 25 10 20 35 24 17 26 29 26 28 20 24 13 23 23 40 33 28 33 28 25 31 22 24 28 33 18 24 27 26 19 20 22 9 21 49 30 36 28 24 24 26 17 26 24 27 25 20 32 31 20 24 36 26 28 22 18 30 18 28 25 25 28 9 23 30 36 14 16 25 21 24 27 36 31 12 26 29 24 29 26 8 21 26 28 32 24 31 17 36 29 19 27 25 0 26 24 27 23 18 24 32 47 19 24 23 26 18 18 17 36 17 26 23 34 22 19 22 18 21 22 36 27 33 30 7 22 
16 29 39 39 31 37 25 33 26 29 22 35 36 31 44 25 23 24 19 26 30 24 31 36 39 25 36 36 39 27 33 40 38 22 33 41 39 36 29 26 34 41 37 27 38 25 21 35 37 21 36 34 28 44 37 28 23 38 40 34 31 30 31 20 31 45 23 27 19 23 27 29 45 30 31 18 27 16 30 31 32 23 33 38 22 35 14 24 21 30 20 30 33 19 46 36 29 36 31 25 28 35 41 42 37 34 34 32 35 27 37 21 27 33 42 35 29 28 30 34 32 34 42 27 26 36 33 13 22 34 33 32 40 23 30 38 26 36 28 39 32 27 45 31 25 38 32 38 33 27 33 37 34 37 26 34 33 25 31 39 33 29 34 31 36 35 30 30 33 32 44 28 43 39 28 33 43 31 23 30 30 35 31 30 34 29 38 35 27 31 35 40 33 31 26 26 36 41 29 32 8 45 29 36 27 40 38 37 34 30 39 38 30 38 41 31 35 32 30 32 35 22 28 26 29 38 46 23 33 25 36 32 32 34 37 31 31 33 33 35 34 40 26 17 27 27 17 43 31 16 31 29 39 39 31 26 27 26 34 33 25 31 30 32 39 24 26 38 31 30 27 28 33 24 24 8 29 32 35 31 30 41 38 32 30 37 22 16 25 43 31 31 41 22 33 19 40 47 26 22 30 40 26 33 40 11 23 38 31 19 35 26 36 29 27 41 22 43 41 30 31 36 29 26 20 19 28 31 32 31 30 7 32 30 40 29 29 34 28 33 21 33 32 40 35 34 33 35 40 27 39 33 50 33 46 26 31 37 35 30 33 33 39 34 31 18 36 19 28 30 28 14 32 11 37 27 40 30 20 29 38 25 33 14 33 35 30 42 41 30 40 38 38 31 36 31 28 21 40 28 36 38 28 25 24 28 25 35 50 31 17 31 36 32 20 23 39 24 20 41 22 39 32 5 22 23 34 33 26 36 43 38 37 31 35 15 27 16 23 43 18 20 29 33 31 22 46 36 35 37 32 28 39 13 31 23 23 37 33 30 13 20 46 23 20 25 26 30 0 26 24 30 3 29 36 41 36 31 33 33 22 37 31 45 32 32 31 21 29 40 27 31 33 30 34 25 37 18 30 26 
35 33 35 36 34 37 32 19 33 28 34 25 27 32 36 26 36 35 27 24 30 21 10 31 31 32 29 28 32 22 37 38 37 29 34 36 32 35 26 17 33 33 40 35 38 30 31 26 38 26 33 31 19 38 34 34 34 31 30 41 28 27 14 28 35 37 34 34 23 26 31 16 31 33 28 27 29 13 37 33 40 28 30 28 25 42 11 28 28 31 29 32 29 24 48 29 26 34 34 19 29 28 42 30 34 39 20 29 35 34 20 12 26 41 35 21 27 36 13 31 30 21 24 28 23 26 30 27 19 34 18 32 26 25 37 13 20 34 28 36 19 24 36 28 28 35 36 31 30 32 24 34 31 42 26 31 38 22 26 40 37 33 33 22 33 36 33 37 25 37 41 22 37 39 28 32 27 26 35 27 31 37 35 19 35 26 24 29 24 34 34 37 30 18 26 23 33 31 26 29 27 35 26 24 31 34 35 31 22 27 37 28 23 32 28 35 37 15 27 33 22 34 34 32 20 36 41 28 24 22 20 21 31 23 22 32 28 25 25 22 26 18 17 35 24 26 29 47 34 30 26 41 30 34 37 33 29 25 31 34 24 32 34 25 33 28 27 28 27 38 43 24 34 21 15 26 20 35 36 23 34 28 27 40 28 43 29 24 4 28 26 30 44 26 21 16 29 35 16 23 23 34 25 27 31 34 32 26 28 26 29 23 14 33 24 46 19 21 31 31 28 43 39 34 28 19 8 45 28 30 14 29 34 30 27 17 26 44 27 32 26 29 32 26 26 26 33 36 37 28 36 27 46 32 35 21 24 31 31 34 14 34 36 31 28 15 22 26 33 41 29 19 29 21 31 29 34 29 11 29 32 22 35 28 30 22 17 31 33 37 31 29 17 34 38 28 29 18 37 25 37 32 2 22 25 20 26 25 47 26 33 28 22 22 17 32 27 28 17 42 19 47 23 24 37 20 34 32 33 38 30 35 29 40 21 12 24 23 20 40 26 27 30 30 28 36 39 32 32 38 30 25 30 32 25 31 27 33 16 33 34 27 32 17 28 8 9 33 34 0 31 29 22 31 44 45 34 16 30 20 23 35 20 40 24 26 16 18 26 27 29 30 39 27 31 33 38 15 21 27 
24 25 31 24 26 31 10 23 23 19 31 23 21 19 20 7 32 19 22 9 18 23 28 26 29 23 26 16 29 30 29 25 24 17 18 31 25 23 21 17 26 30 31 16 17 21 30 26 32 21 21 23 19 37 25 26 28 24 28 40 21 15 14 29 26 31 18 3 14 21 22 14 33 27 22 17 7 18 38 22 23 25 14 27 20 32 34 17 22 20 22 20 20 19 36 26 21 29 22 15 16 11 31 35 25 31 13 28 20 20 37 12 17 29 32 12 15 31 25 30 22 15 25 14 15 22 21 18 12 28 12 18 19 20 26 25 14 22 14 31 17 17 30 20 24 25 29 30 28 21 25 24 19 29 12 32 38 22 20 27 27 21 21 22 21 29 22 20 15 25 31 16 37 33 8 22 27 14 6 27 19 23 25 15 10 19 26 12 14 26 27 25 28 16 14 18 21 28 19 22 17 27 14 24 3 21 23 24 18 16 35 26 15 24 24 26 24 15 28 21 26 28 13 29 20 24 28 26 14 10 28 15 22 26 30 20 21 33 23 18 17 29 17 24 18 25 12 26 16 25 24 35 22 29 36 2 28 13 34 23 28 24 29 25 26 23 16 29 27 32 34 18 20 25 15 15 12 28 32 7 15 22 28 29 31 13 22 28 27 30 25 29 37 17 9 24 23 23 20 31 16 29 25 29 23 22 10 22 32 26 29 16 25 14 12 36 7 26 22 19 27 42 30 29 23 11 29 30 22 17 18 31 22 25 25 8 17 32 18 25 23 33 15 17 26 24 24 18 38 20 29 20 34 24 22 9 8 27 22 26 22 26 30 19 23 20 16 22 28 30 17 19 17 14 30 16 35 6 11 15 19 20 23 19 26 20 15 32 35 6 28 28 28 30 21 27 21 11 26 18 32 36 26 8 25 18 30 23 46 26 24 26 27 21 22 26 23 19 22 37 7 41 14 14 29 31 23 21 19 38 34 25 17 31 29 23 19 17 24 27 27 20 17 24 26 29 36 26 22 30 8 18 30 22 18 11 18 27 16 14 24 17 34 21 29 20 9 21 33 24 0 28 12 19 39 41 26 7 26 18 23 23 7 32 11 21 21 23 22 28 17 11 25 27 31 19 25 3 13 13 
23 20 31 22 26 28 26 20 30 27 29 29 24 23 36 24 33 27 16 28 20 27 27 30 33 31 33 6 23 24 24 33 34 21 16 30 23 22 15 20 30 27 27 25 28 17 27 29 29 20 25 26 22 31 32 23 25 22 23 33 32 14 24 28 23 25 26 24 11 14 19 26 34 29 20 19 18 19 37 21 29 20 12 35 13 26 28 15 24 18 14 24 9 20 40 20 31 23 22 18 20 32 36 35 24 27 7 29 15 26 35 7 25 26 34 6 17 25 24 22 25 9 23 21 18 28 33 15 26 25 6 9 13 14 31 30 11 13 27 25 29 11 33 23 23 21 33 33 31 18 19 26 32 32 27 24 41 19 14 25 24 21 24 25 21 26 21 26 19 25 32 13 39 27 21 23 35 14 25 27 18 14 21 24 22 13 23 32 10 33 23 22 33 17 29 12 25 24 13 16 24 21 18 22 28 28 27 28 22 28 31 29 33 27 21 28 26 25 30 21 21 24 29 35 23 19 33 25 21 22 24 17 30 9 26 20 15 27 27 22 15 35 20 28 30 24 25 41 14 26 6 31 19 33 33 27 30 23 36 21 22 25 23 27 20 28 20 32 25 27 38 12 11 22 18 19 26 24 32 26 27 16 22 27 15 29 26 36 21 22 27 1 32 14 6 21 17 20 24 32 14 25 24 28 17 19 20 26 29 17 29 10 31 26 20 27 25 29 16 19 19 35 34 23 20 20 25 39 16 17 15 27 26 20 31 2 27 39 26 22 18 27 22 11 29 32 24 30 36 27 28 24 31 22 29 24 18 32 25 21 29 27 26 22 31 21 29 19 29 32 16 22 21 30 27 24 35 26 14 21 26 23 27 16 20 29 25 28 26 31 32 32 25 29 31 19 28 5 22 29 37 31 19 25 18 22 30 24 53 29 25 24 30 30 23 21 24 22 26 42 24 36 8 21 32 30 23 25 26 33 29 29 14 29 33 22 13 19 21 34 26 28 21 22 8 23 38 30 18 28 24 19 32 23 14 15 20 21 29 28 19 21 21 18 23 24 22 21 25 17 25 0 19 23 33 43 26 1 20 19 16 14 14 39 18 31 15 28 16 24 21 22 27 18 25 21 29 21 10 20 
13 26 43 36 34 34 22 30 27 26 19 35 42 28 44 22 20 21 26 31 27 32 33 34 36 25 39 33 44 24 30 37 40 27 30 41 38 33 30 23 36 39 34 27 35 31 18 36 34 18 38 31 31 45 44 41 30 37 40 31 35 30 31 33 28 42 20 27 16 20 24 26 42 27 37 25 31 30 27 33 38 20 35 37 19 32 34 35 32 27 17 27 31 16 43 34 26 33 28 24 25 35 41 42 39 33 34 33 32 31 43 28 24 30 50 33 32 32 27 39 29 36 41 24 23 33 36 20 36 31 33 29 38 29 30 35 23 33 25 40 29 38 44 28 33 35 29 40 30 24 34 37 32 35 23 31 30 31 30 38 30 34 38 34 33 32 27 37 34 31 46 25 50 37 25 30 44 31 30 39 34 33 28 27 34 40 38 36 24 28 37 37 30 28 23 27 38 38 35 38 5 42 31 38 27 37 40 34 37 33 38 38 39 36 44 33 35 32 30 32 37 31 25 33 33 35 46 20 35 25 35 29 29 31 36 31 40 30 30 33 31 41 33 14 35 24 14 47 31 13 28 38 37 36 41 26 38 23 39 30 22 28 37 29 36 32 23 35 31 37 24 39 31 36 31 5 34 31 39 31 30 43 44 33 27 37 35 35 27 40 30 28 42 19 33 26 37 47 33 19 39 39 23 41 37 32 20 35 39 29 33 35 37 29 36 47 28 41 38 30 36 33 26 30 25 16 31 28 43 30 27 41 29 27 37 29 32 31 25 30 18 44 37 38 39 31 30 32 37 30 39 30 47 35 43 26 28 41 37 27 34 30 40 42 43 32 33 26 25 37 32 11 29 26 35 34 46 30 34 26 35 26 30 21 37 32 27 39 38 30 37 35 35 36 37 39 31 32 37 41 37 36 25 32 21 25 22 32 53 32 38 37 42 32 19 36 36 21 34 42 24 46 29 2 37 37 34 30 29 40 45 42 41 40 32 29 28 31 37 44 31 33 26 33 28 19 43 33 32 39 32 35 41 10 28 20 25 35 33 30 34 17 43 32 17 30 26 27 42 23 24 27 0 26 45 48 33 28 37 30 19 34 30 42 32 36 36 35 33 38 24 33 42 38 33 38 34 27 28 23 
28 25 23 23 21 25 25 27 35 29 38 31 27 20 32 26 43 30 19 23 11 24 32 27 35 34 33 20 34 20 29 36 28 31 27 34 26 35 18 21 35 34 30 26 38 18 29 30 42 22 21 35 23 37 36 34 33 32 33 38 32 27 24 29 32 37 29 31 24 19 32 22 39 31 29 10 21 32 42 12 27 19 23 36 18 35 33 24 23 19 9 34 21 23 47 22 29 26 26 10 17 34 33 44 24 36 20 32 27 24 26 20 27 25 29 24 8 35 33 27 28 13 22 9 27 26 16 23 23 29 19 22 26 17 22 20 18 26 18 31 24 31 36 30 26 22 32 34 25 25 22 17 20 24 16 29 42 31 10 34 26 8 29 26 21 33 26 22 18 29 33 17 47 23 18 32 22 18 20 31 9 27 24 19 35 33 30 30 11 36 24 29 35 22 18 15 21 30 29 29 30 35 14 15 29 36 23 37 22 26 34 28 35 24 28 36 27 25 35 31 16 32 28 33 24 28 33 37 27 27 27 21 25 23 29 30 26 41 29 25 26 32 21 25 25 17 23 37 11 24 20 39 30 29 36 33 29 27 38 22 18 20 26 29 23 28 15 33 27 30 31 32 24 31 16 16 26 27 28 19 10 20 35 32 29 33 29 38 26 30 31 21 42 22 13 23 29 27 19 24 24 26 26 35 23 37 24 26 23 30 32 21 28 9 33 34 38 35 23 29 24 40 30 33 28 19 30 39 36 22 22 27 36 29 33 15 27 33 23 29 17 27 13 29 30 26 28 31 33 15 32 33 38 14 39 13 20 39 30 24 21 30 26 27 37 28 29 23 32 37 7 23 17 24 33 27 39 18 15 19 34 22 4 24 26 24 23 31 39 32 29 34 24 32 38 24 16 25 30 25 36 26 24 12 13 24 27 15 41 30 34 33 26 30 30 24 27 28 21 41 26 39 28 27 41 34 33 22 14 39 24 25 21 32 28 34 16 18 30 33 27 29 18 31 22 34 33 7 19 20 27 22 31 33 15 12 28 33 26 25 31 20 35 25 26 30 19 25 30 22 31 20 25 0 37 48 26 21 20 25 11 19 24 30 24 26 29 40 16 28 31 25 31 23 36 25 26 34 23 15 
25 25 34 34 32 36 31 18 37 30 36 23 34 38 43 36 35 28 30 23 22 29 28 33 43 32 33 37 39 21 29 35 30 32 35 27 37 24 29 30 26 41 25 38 42 22 29 44 40 33 32 30 37 44 46 43 34 36 41 43 19 16 26 36 36 36 27 28 34 25 36 32 49 42 28 21 32 31 39 23 31 32 34 40 24 45 29 29 34 37 27 34 17 32 50 25 25 37 35 31 35 36 44 41 35 32 31 17 23 38 38 24 28 36 39 23 19 33 32 32 29 32 35 30 22 40 33 34 19 40 29 24 37 28 33 41 34 28 31 37 35 42 31 27 28 33 42 30 36 37 33 28 41 35 30 40 48 27 21 29 36 26 34 21 20 40 32 33 29 40 44 28 43 34 20 16 39 31 23 36 20 28 19 29 45 44 26 34 22 40 35 41 41 33 30 26 31 42 32 35 41 40 25 26 38 40 34 33 32 27 29 26 31 35 27 37 36 27 27 32 27 22 34 18 38 27 44 24 30 28 38 31 33 31 40 30 42 24 37 25 37 43 35 33 37 28 36 43 28 35 28 29 39 33 40 37 6 28 38 40 29 34 37 24 30 39 33 42 37 39 35 40 25 35 28 24 29 22 39 30 27 37 39 41 14 48 38 39 22 35 14 32 38 33 31 40 29 40 15 32 36 37 27 39 36 39 35 31 42 16 32 37 39 26 40 38 37 44 33 35 29 45 37 43 36 31 7 47 39 32 13 38 36 18 41 26 31 43 29 30 30 38 24 28 43 35 32 41 37 29 30 29 38 25 46 26 31 40 35 26 32 41 37 32 38 30 35 34 41 41 18 32 28 35 34 32 44 29 29 33 43 33 25 35 31 34 32 28 41 41 44 42 35 34 29 29 30 36 39 25 36 21 30 30 31 32 35 26 55 36 36 33 36 34 3 34 32 33 17 41 25 48 27 33 36 38 34 34 35 34 35 36 37 42 37 30 27 29 34 41 34 36 29 30 27 31 43 28 30 31 33 35 26 34 26 23 29 15 28 36 27 30 37 35 37 35 21 38 35 28 35 31 36 21 0 52 25 32 31 27 29 24 31 41 29 38 30 36 27 24 31 28 33 28 17 38 20 33 30 31 
24 31 39 36 32 36 32 38 38 26 30 21 31 26 33 27 31 32 32 28 32 30 33 33 34 36 33 16 33 35 35 42 41 29 26 39 29 33 31 16 37 45 36 32 43 31 29 27 44 29 35 14 33 41 42 38 26 28 41 22 34 30 26 37 39 27 31 30 27 25 35 29 44 38 20 31 30 31 38 36 19 25 22 42 24 38 37 25 34 25 15 25 23 27 41 33 37 38 22 23 23 38 22 42 39 33 33 32 15 35 43 31 24 41 45 20 29 39 24 29 34 33 33 22 32 37 37 29 28 41 30 30 37 30 41 33 29 34 29 23 28 37 36 36 35 33 40 40 31 35 35 30 33 16 27 38 9 33 24 35 32 19 31 28 17 26 32 30 34 40 45 31 46 37 35 30 33 29 25 36 33 35 30 25 39 39 24 22 24 33 37 38 38 27 29 28 35 36 23 26 16 40 28 39 26 42 37 44 27 29 40 24 36 32 18 6 40 27 23 29 36 24 35 44 34 19 42 31 32 25 32 27 29 23 33 36 37 20 28 31 25 31 31 25 33 35 25 45 28 24 20 31 34 35 37 25 40 34 35 28 33 26 39 38 34 34 21 28 33 41 35 38 32 27 29 16 31 33 33 34 31 40 32 34 29 39 35 35 30 39 29 39 34 28 24 35 35 38 36 30 37 33 23 36 29 38 31 31 34 25 29 32 42 30 35 47 30 47 30 35 26 24 35 37 33 24 36 39 39 24 33 39 27 20 38 28 24 42 25 35 23 46 34 25 40 31 39 31 46 28 37 40 40 30 43 24 32 47 32 32 32 41 47 29 46 33 31 30 36 33 31 18 27 34 31 27 41 33 25 30 40 28 32 30 28 30 30 32 47 41 31 29 31 41 31 26 29 31 36 34 33 41 30 23 19 34 33 36 54 33 44 34 38 36 30 37 24 32 38 38 30 50 34 13 20 42 20 22 27 47 44 39 32 42 30 38 29 29 26 46 35 33 24 22 22 30 49 35 32 12 34 29 42 21 28 29 25 32 40 37 33 28 35 33 28 32 33 36 32 28 35 38 11 37 46 0 22 27 41 29 17 21 28 48 32 36 30 33 37 28 35 26 35 25 39 23 32 26 32 21 
30 25 30 31 26 30 34 22 40 23 28 34 18 20 39 26 23 24 23 30 26 24 32 27 25 28 31 20 21 27 29 37 39 30 29 30 35 30 26 21 35 34 30 26 36 26 21 30 37 25 39 34 23 19 36 30 31 34 39 41 36 23 23 34 30 37 23 31 19 19 26 25 41 34 29 20 29 28 44 19 18 19 25 36 18 43 33 27 28 19 9 30 23 23 46 30 32 34 26 17 17 29 40 38 31 36 24 34 29 24 42 21 21 33 36 23 26 34 35 26 28 26 26 16 26 26 26 21 30 23 23 22 30 25 32 27 18 26 18 31 24 28 27 31 27 30 41 36 33 25 30 34 20 31 16 20 42 21 28 34 26 8 32 26 32 33 26 29 27 23 23 20 46 33 25 27 22 18 27 22 27 27 24 19 31 30 19 21 19 31 32 29 29 24 18 23 28 30 22 25 28 26 32 33 34 39 40 34 13 32 34 35 42 30 28 30 29 24 33 31 23 34 35 33 24 33 40 27 33 21 15 21 26 18 17 30 26 38 19 27 28 40 21 34 25 14 17 34 21 16 20 41 28 13 39 33 34 26 13 22 25 20 34 29 28 28 15 23 27 34 38 29 24 31 19 25 18 27 27 26 20 33 31 34 29 33 36 32 26 17 31 18 43 22 13 27 29 27 26 31 27 27 20 35 29 35 23 17 38 30 32 21 36 19 29 40 34 36 30 29 27 43 29 32 28 17 21 31 33 22 22 34 32 34 36 19 27 21 22 27 17 34 31 28 30 28 28 30 39 22 32 33 38 21 41 13 20 39 33 26 19 38 33 30 40 28 27 26 28 37 25 23 21 24 33 30 19 25 15 19 37 22 26 22 27 24 26 31 38 37 26 24 31 33 30 27 23 22 30 23 11 33 24 12 13 24 34 22 48 30 32 27 37 30 22 32 18 28 28 16 26 43 25 25 40 35 33 21 21 41 31 32 21 37 26 34 24 23 30 39 32 34 18 31 22 32 40 29 27 27 27 22 33 13 23 21 22 30 25 31 32 29 35 25 30 30 18 25 33 22 31 17 23 29 46 42 0 18 27 25 11 22 26 37 30 22 29 32 23 27 27 25 39 26 36 25 26 30 19 15 
22 19 30 26 25 27 31 19 29 26 28 28 24 22 39 23 32 26 20 29 19 26 29 29 34 30 32 12 22 24 23 32 33 20 22 29 22 21 21 19 29 26 28 26 38 21 30 28 28 19 24 25 21 30 31 22 24 21 36 39 31 13 23 27 22 24 25 23 10 19 18 26 33 28 33 18 24 18 36 20 31 19 18 34 18 42 33 21 26 17 15 26 24 25 42 19 30 29 21 17 19 31 36 35 23 26 6 29 30 25 39 6 24 25 33 5 16 30 28 27 24 8 29 22 17 27 35 14 25 24 5 23 12 20 30 33 10 27 26 34 29 10 33 22 28 25 38 33 30 17 25 25 33 31 28 30 40 29 13 31 23 23 35 24 24 25 26 25 25 24 36 12 44 26 20 24 36 13 26 26 17 28 22 25 21 12 22 32 14 39 27 21 32 16 28 18 24 36 12 15 23 41 17 23 31 27 26 27 29 27 32 28 32 31 20 27 30 24 29 20 20 24 32 34 22 29 32 31 20 24 32 23 29 28 34 19 14 26 28 27 21 38 19 32 29 24 24 40 29 25 26 31 18 32 32 30 32 22 35 20 22 26 29 26 26 28 21 31 24 31 38 11 25 21 17 23 25 25 31 26 29 15 21 26 33 28 29 35 26 33 26 22 31 13 5 20 16 19 23 31 13 29 23 27 16 18 19 32 28 28 28 9 36 28 19 37 24 28 15 18 32 41 33 28 19 19 30 38 15 23 14 31 28 30 36 1 31 40 25 29 17 26 21 10 28 31 23 29 37 28 27 23 30 21 28 23 17 31 30 20 29 33 25 22 30 20 33 18 34 31 15 21 20 30 26 28 34 25 13 20 25 22 29 15 19 30 27 27 40 34 31 32 24 30 30 30 29 4 21 28 39 30 24 27 19 22 29 23 53 28 24 30 29 30 22 27 33 25 25 44 23 40 7 20 31 30 22 24 27 38 28 28 13 34 32 34 19 25 20 33 25 27 24 28 28 22 37 32 22 27 28 25 32 22 18 23 19 20 28 31 20 27 37 17 29 23 21 20 38 22 28 21 18 25 32 42 29 0 19 30 17 27 13 38 17 30 14 40 15 23 23 28 26 31 24 20 32 20 9 21 
19 32 28 28 26 30 30 31 35 30 18 27 33 31 37 30 37 20 24 28 16 31 33 37 15 24 38 25 20 14 36 29 33 26 29 20 36 18 23 22 34 38 32 33 42 23 22 23 33 31 26 30 29 38 34 30 29 35 38 37 36 10 29 30 27 42 19 22 15 26 23 25 41 24 27 15 26 25 33 17 32 26 25 31 25 40 34 28 28 30 20 26 29 29 42 24 34 31 26 25 28 30 38 29 4 20 25 35 22 30 24 25 29 30 34 14 13 38 26 25 15 22 35 24 22 32 39 19 28 31 24 28 31 22 23 35 22 32 24 36 28 36 26 13 31 27 37 38 26 31 27 22 35 29 22 34 43 39 15 36 37 20 34 24 24 39 16 27 23 35 20 22 49 28 23 23 34 24 25 36 14 33 26 23 21 38 27 30 16 37 8 36 32 24 22 20 22 38 24 27 32 41 19 20 30 36 28 32 28 31 36 30 39 25 33 32 32 30 29 25 21 16 33 38 30 26 13 34 26 21 32 22 30 29 34 24 36 31 9 21 28 37 27 33 26 22 13 38 24 29 27 23 26 26 41 30 24 22 36 33 23 31 31 26 28 34 26 34 34 33 34 16 30 32 24 24 31 29 33 24 33 29 33 29 32 41 32 39 27 30 33 26 32 18 25 25 23 34 24 29 32 31 28 37 32 31 19 32 39 31 33 31 33 32 32 39 31 40 24 23 29 39 30 36 24 25 25 36 20 32 26 32 28 27 36 20 28 37 30 19 24 7 18 19 36 27 32 34 38 23 24 28 47 19 31 19 25 38 35 33 26 35 6 32 38 25 24 25 38 36 12 24 22 19 35 31 44 23 21 25 34 30 29 20 31 28 26 35 44 34 37 34 29 35 39 29 24 30 19 30 34 31 31 18 24 24 32 20 49 32 37 31 30 37 23 29 31 25 26 39 23 42 33 28 36 15 27 33 28 40 29 30 33 18 23 24 21 23 31 35 28 30 29 19 29 25 38 32 24 25 27 28 32 27 20 24 24 27 31 30 33 25 41 30 31 29 24 31 35 29 28 25 27 25 41 47 29 26 0 29 22 24 22 35 23 35 26 30 21 31 23 30 27 28 32 30 37 27 28 23 
26 39 44 32 37 41 35 40 39 39 32 33 43 34 48 31 33 21 27 42 27 38 46 41 46 36 42 39 43 35 43 50 44 39 34 51 40 46 26 34 48 48 42 36 48 27 31 42 47 27 30 26 41 46 46 42 43 45 42 44 42 40 31 40 34 51 31 36 29 33 37 37 47 36 44 26 29 43 40 33 42 33 30 36 32 45 44 33 38 33 27 37 36 26 53 36 39 34 38 31 31 44 41 43 34 34 31 40 42 42 46 29 37 43 48 32 24 45 24 42 42 35 36 34 36 44 30 33 39 38 32 40 37 25 38 45 32 34 36 46 35 37 50 41 29 31 42 52 41 34 30 33 45 45 34 37 43 44 19 43 40 31 43 44 30 42 40 38 30 41 34 33 54 32 25 41 44 36 39 37 42 38 36 29 43 39 35 45 20 34 22 48 43 30 34 23 30 43 37 40 18 50 23 41 37 46 32 46 39 27 46 36 49 35 42 46 36 32 41 39 37 30 38 46 42 36 43 33 30 36 35 31 41 34 33 38 41 43 40 33 33 44 39 27 40 35 27 46 25 26 37 37 38 38 44 36 44 35 48 36 33 34 34 38 32 28 29 43 41 38 37 38 37 21 37 18 34 39 37 37 24 42 46 40 40 47 37 48 40 39 41 39 45 32 32 39 39 46 40 32 40 35 36 43 43 43 32 41 28 38 45 36 40 23 41 43 41 47 42 37 39 46 39 43 38 29 41 41 42 36 35 37 39 37 48 28 41 44 37 43 31 50 29 37 45 42 40 45 48 40 50 42 57 35 47 31 36 50 44 38 37 38 50 41 46 39 42 39 35 50 42 24 26 39 47 35 50 39 33 37 44 22 41 34 40 34 38 45 51 40 43 44 45 35 40 38 38 31 46 34 46 43 38 35 27 25 35 45 63 45 41 42 42 30 32 32 42 31 37 51 35 47 34 15 32 49 40 36 39 21 45 34 40 40 44 42 24 33 20 40 38 40 32 46 39 32 52 44 28 41 30 25 13 23 24 26 38 43 33 39 45 30 47 44 30 42 26 37 45 36 34 38 13 37 51 58 35 27 44 0 29 34 32 51 32 43 38 18 42 43 35 33 41 38 46 35 38 37 34 33 
24 14 33 25 15 19 26 30 30 27 32 30 25 9 33 16 32 33 16 31 15 13 21 16 36 35 23 33 30 24 18 26 28 24 18 23 29 31 15 28 24 31 30 15 27 20 25 37 31 16 28 28 30 36 36 28 22 28 36 39 36 23 22 24 28 41 32 27 28 8 27 26 30 25 23 17 18 24 38 22 23 8 20 25 7 36 22 20 26 8 24 27 12 16 36 24 29 23 15 6 6 32 36 39 29 36 20 29 18 28 31 20 27 41 37 19 22 28 24 20 17 25 31 5 26 30 30 12 29 29 25 19 26 14 29 16 25 23 21 21 24 20 25 31 18 24 33 28 27 24 19 23 16 27 27 26 45 22 17 30 15 24 25 33 24 24 15 29 19 31 35 21 39 22 23 25 35 29 28 26 27 24 24 30 30 22 25 26 13 33 26 29 33 19 29 12 25 19 22 23 31 36 21 26 25 34 30 27 23 31 25 33 34 19 32 36 23 23 28 20 24 27 29 37 31 22 36 28 24 25 21 19 29 12 23 19 24 36 30 22 18 29 28 28 25 24 26 41 17 25 9 34 24 36 28 25 26 20 38 11 22 9 23 27 17 17 4 29 16 27 27 21 21 29 12 21 24 27 27 26 24 32 25 29 18 22 26 35 15 34 33 28 34 11 28 18 40 36 25 24 20 28 26 32 18 28 17 27 31 20 21 19 25 23 26 36 28 32 26 18 17 41 33 26 17 8 19 40 25 11 25 30 29 23 33 21 26 29 28 18 6 35 27 24 30 28 30 20 37 11 21 23 43 24 36 24 25 38 26 15 15 27 33 23 35 26 23 18 25 26 25 26 10 30 22 24 39 28 22 23 32 11 28 13 22 29 23 20 34 30 18 30 28 24 29 20 12 14 34 30 36 24 13 28 2 25 27 32 37 20 33 28 33 19 26 21 27 21 27 41 15 36 34 28 32 25 22 11 10 36 32 32 28 29 22 23 13 21 28 29 22 24 7 21 11 30 41 23 21 30 32 33 29 22 17 17 28 22 27 20 22 21 24 24 23 19 20 27 23 11 24 27 26 26 40 37 25 27 28 22 0 24 21 39 21 22 18 29 30 27 24 14 37 19 25 32 15 26 16 4 
18 23 18 27 17 25 25 26 24 18 26 29 10 22 27 17 34 25 13 24 15 23 23 26 36 32 23 23 23 24 27 28 25 32 20 25 24 17 22 30 21 37 28 29 32 22 23 24 27 13 25 29 32 39 38 30 31 29 20 19 24 9 14 18 21 30 28 18 23 10 17 20 36 22 25 14 22 23 32 16 20 22 27 32 9 28 24 5 27 21 20 35 29 11 51 12 33 30 21 23 19 26 37 25 26 22 24 26 23 25 33 19 16 29 29 21 12 30 26 8 28 21 23 27 21 27 30 24 27 25 18 31 25 21 26 26 21 35 26 13 23 32 19 26 23 26 32 25 28 17 26 21 34 19 27 33 39 35 14 32 21 19 10 26 20 16 17 26 22 24 37 21 32 27 15 22 27 23 21 17 13 27 22 21 25 34 25 23 15 32 28 17 30 22 23 19 25 21 21 24 19 21 18 19 18 34 27 34 8 23 32 32 30 13 31 25 31 15 16 27 20 32 28 33 32 27 35 29 25 16 21 21 21 24 23 26 18 38 30 23 26 31 30 28 21 19 26 41 25 25 28 39 26 33 34 17 33 28 36 24 22 23 24 24 27 22 23 29 22 24 32 33 24 31 21 19 24 25 22 14 24 28 30 26 26 28 20 27 17 34 26 23 31 26 16 29 31 30 23 19 29 30 15 33 30 22 25 12 38 28 28 13 27 23 27 34 22 34 25 25 5 21 31 28 12 22 21 39 29 8 25 18 37 28 17 19 23 36 17 20 20 29 17 26 38 23 23 32 36 25 23 30 41 9 36 18 15 36 11 24 25 30 28 8 37 25 19 26 20 19 11 24 21 22 30 21 40 13 24 30 33 24 32 25 7 26 21 22 43 21 31 30 27 29 21 5 26 26 37 15 34 30 15 23 24 33 22 17 51 33 28 14 30 29 24 28 13 12 25 39 22 33 29 16 33 33 29 23 24 33 28 27 13 27 32 25 20 22 30 34 16 18 24 27 19 24 33 35 23 15 23 27 25 24 19 18 17 26 23 29 24 24 34 26 30 21 16 20 11 13 15 22 14 28 34 30 25 22 22 24 22 0 21 34 22 30 25 31 18 18 32 26 36 4 32 20 32 18 18 26 
18 31 31 31 29 33 27 34 16 29 24 37 33 32 40 20 25 26 27 31 19 33 38 37 38 30 31 34 28 27 35 32 27 32 31 29 41 21 22 23 23 44 30 32 25 26 23 37 30 16 19 35 30 34 18 38 28 40 28 36 32 13 32 31 31 45 25 32 20 25 27 30 43 25 32 18 29 32 32 20 22 25 27 32 24 37 30 30 31 32 22 32 21 21 48 31 31 34 32 23 29 40 28 35 26 38 28 27 27 36 39 25 27 33 37 22 16 37 32 33 34 30 38 22 27 38 34 24 23 29 27 28 34 25 30 29 28 32 30 35 31 39 39 32 33 30 34 27 33 29 26 25 33 32 28 33 35 21 18 40 35 23 34 33 29 37 24 17 26 36 24 25 48 31 26 33 37 28 28 37 17 33 32 32 39 41 33 25 19 33 29 39 35 26 28 23 29 29 26 29 10 41 22 23 32 14 21 39 28 34 42 36 35 29 36 36 35 33 35 37 24 36 30 38 31 31 21 25 7 30 29 32 19 21 31 36 38 35 32 29 27 40 28 19 33 25 19 45 26 18 18 40 34 27 34 31 37 28 28 35 26 31 34 27 28 35 28 35 36 30 29 36 30 39 26 10 32 35 36 27 28 37 35 32 27 42 33 38 32 29 35 29 35 23 28 30 42 37 27 24 34 32 26 39 40 35 25 32 29 29 26 33 36 27 41 42 33 43 31 35 32 38 28 35 29 6 35 33 37 10 32 35 34 32 25 23 30 36 28 27 23 35 21 27 37 34 35 34 40 28 27 35 52 22 15 23 4 39 35 32 29 35 34 32 41 34 35 30 30 35 15 16 25 31 28 33 46 26 22 31 12 31 26 25 31 34 29 35 43 35 38 36 32 30 34 29 29 33 27 23 26 34 30 27 26 30 27 23 54 37 32 24 30 26 24 32 33 26 29 31 29 39 34 7 41 39 39 25 27 45 32 23 36 33 36 31 24 26 38 20 29 31 27 34 20 24 41 29 27 28 37 32 39 15 23 25 28 34 29 33 31 22 27 36 22 33 27 32 38 28 29 28 5 31 44 46 34 29 28 31 24 27 0 38 4 36 34 36 24 31 29 33 27 31 37 35 35 32 31 21 
30 29 34 29 18 29 27 34 24 29 41 27 32 24 39 17 36 33 17 28 24 26 33 31 41 33 37 27 33 25 33 32 39 29 25 37 32 29 16 31 35 36 33 26 36 24 37 34 42 13 27 35 33 42 39 32 36 35 32 41 24 21 25 18 26 29 32 22 24 23 22 27 37 22 36 23 19 21 44 23 32 23 21 26 22 37 31 24 33 23 29 32 27 11 48 33 20 24 14 21 21 30 35 39 28 39 21 22 33 25 36 20 27 25 40 20 21 23 31 30 30 22 30 30 27 38 31 27 24 26 19 34 27 15 35 39 25 21 19 35 25 25 36 28 19 28 34 39 23 19 20 29 38 30 28 27 51 37 16 34 25 28 32 26 27 27 30 24 20 17 19 27 48 29 27 26 38 6 25 27 25 32 27 34 18 27 28 31 17 34 29 21 31 20 6 13 24 33 27 26 27 41 20 31 22 35 29 33 30 32 35 30 34 13 20 36 32 26 38 31 27 27 30 40 28 26 37 29 25 29 33 26 32 23 35 30 29 41 35 23 24 31 30 36 32 25 31 40 26 32 27 34 28 33 29 21 39 25 36 26 23 16 24 24 28 18 19 41 26 28 32 26 29 35 29 27 28 30 30 26 25 29 32 28 27 32 20 37 27 33 19 29 35 26 20 33 31 19 26 29 28 32 26 33 31 32 22 32 42 29 21 24 30 24 30 35 26 37 30 29 27 43 36 21 30 23 34 42 30 26 29 33 34 23 29 16 27 43 28 33 21 40 26 25 34 24 16 35 37 25 35 29 43 25 36 1 25 36 33 30 30 28 39 30 24 23 33 32 20 41 23 32 23 12 23 25 40 25 25 31 33 12 35 28 29 26 19 25 49 25 33 40 25 25 30 27 26 19 36 30 34 37 28 27 17 30 22 31 51 35 38 33 37 20 25 22 33 16 22 38 25 37 22 24 37 40 25 26 24 31 35 31 28 30 32 32 14 28 34 30 16 18 22 34 29 33 38 29 25 31 15 10 39 29 20 23 28 33 35 29 34 22 37 28 24 28 28 13 33 26 19 28 22 31 34 50 32 15 33 26 31 22 21 0 22 30 28 38 29 21 29 23 34 26 39 13 28 22 20 29 
37 32 41 33 37 40 33 30 12 33 41 38 29 31 40 37 38 40 26 37 31 37 35 38 44 36 27 34 31 37 36 50 45 32 27 48 38 40 18 24 41 45 26 33 21 28 32 33 34 35 15 31 26 30 37 34 24 37 24 49 41 32 33 37 28 42 39 34 16 26 24 36 39 31 40 25 31 38 51 30 29 26 23 28 25 42 38 26 35 37 27 35 29 40 49 35 38 36 44 19 28 39 47 34 25 37 33 39 35 42 35 21 31 45 33 32 28 36 33 36 30 35 34 18 23 44 36 20 32 32 34 36 32 27 34 25 29 31 35 42 27 39 38 28 36 32 40 45 34 43 22 36 29 33 34 29 45 17 32 36 36 26 42 29 34 45 33 36 32 33 34 31 44 40 32 34 40 36 34 33 31 34 29 37 45 41 29 32 21 46 25 40 38 22 36 25 38 25 31 34 29 37 36 33 32 33 17 39 24 35 39 41 42 32 33 33 37 32 41 38 34 33 36 48 27 28 34 23 3 32 25 28 36 20 27 37 34 47 38 25 26 37 24 38 37 25 33 44 31 32 29 40 30 23 44 37 39 28 24 38 35 30 36 32 24 38 33 33 34 26 40 32 31 36 22 29 28 32 38 37 30 42 40 28 37 44 29 42 31 27 41 29 43 19 31 26 45 45 28 39 30 28 30 35 40 40 25 28 25 33 36 29 43 29 39 44 38 47 41 36 37 51 24 34 25 2 31 39 33 29 33 38 37 29 21 30 38 32 32 36 24 45 33 37 33 35 33 41 45 24 46 35 49 32 34 31 23 45 37 33 33 40 32 40 41 31 39 26 36 31 29 26 37 37 38 34 42 36 18 37 31 32 22 21 38 30 36 39 52 41 35 34 42 35 41 37 25 33 40 19 22 42 31 30 31 27 42 33 50 33 28 23 46 22 33 34 29 33 30 27 29 35 36 26 37 41 40 32 23 44 42 19 39 29 38 39 26 30 35 39 35 37 34 34 31 35 37 25 29 38 39 40 37 29 25 32 25 30 25 34 39 28 44 32 26 35 28 43 43 29 35 28 24 34 40 42 39 29 38 28 29 32 19 47 0 32 30 43 34 35 32 35 44 36 33 40 42 38 29 17 
25 28 27 18 21 29 29 24 32 15 30 30 21 27 30 24 35 22 19 27 15 24 24 23 34 26 23 26 35 24 32 31 18 31 27 28 27 22 18 24 14 39 28 28 41 18 30 35 35 20 25 32 22 41 41 22 21 26 37 38 33 19 8 26 29 31 21 30 17 22 25 26 39 29 15 14 21 20 39 16 31 22 23 29 21 39 29 21 22 26 20 25 16 25 41 23 31 26 28 23 24 33 37 35 28 26 23 31 22 32 34 13 13 29 33 25 12 26 31 24 22 15 34 25 24 34 29 21 25 33 12 23 29 17 26 28 23 27 25 29 23 23 30 20 15 17 23 18 27 31 22 21 36 28 24 25 43 26 14 31 31 19 26 34 25 32 29 26 22 31 30 21 31 27 22 19 21 20 24 23 13 25 22 24 34 25 11 34 11 22 21 33 27 22 20 15 25 38 25 28 20 29 18 19 27 21 27 12 16 22 31 32 34 21 30 22 24 9 30 31 20 26 32 32 32 26 37 32 25 23 7 26 18 10 9 30 27 30 28 9 13 36 30 29 11 21 29 41 22 28 25 31 20 33 26 26 28 27 41 29 22 22 26 27 20 21 22 15 26 30 39 24 25 14 28 20 10 24 30 17 23 22 34 32 28 37 24 24 25 34 28 25 31 20 19 27 34 33 21 27 26 26 12 35 25 30 24 20 35 27 18 22 32 22 21 34 26 37 27 29 21 40 31 24 20 22 13 40 28 24 19 25 27 27 36 19 13 40 14 30 20 31 17 30 33 20 30 38 37 28 26 32 44 18 39 15 18 41 27 29 1 30 30 24 32 22 9 20 32 28 11 26 20 26 20 16 36 22 24 27 19 15 28 22 23 29 26 23 20 33 18 16 24 21 33 21 29 17 38 22 39 30 27 23 20 23 30 19 54 27 36 30 30 23 17 24 21 24 23 44 26 39 32 17 38 37 33 29 27 34 28 29 27 31 8 29 16 17 27 33 24 22 25 17 27 31 37 31 14 24 29 24 35 25 12 21 14 22 30 29 26 24 40 27 26 32 23 27 27 25 27 24 15 24 37 34 28 25 24 24 20 23 24 34 24 0 14 35 20 19 22 25 33 20 29 27 31 22 11 24 
31 17 37 27 33 41 28 31 30 28 21 21 30 36 33 29 38 22 23 32 31 23 22 36 37 26 27 19 30 10 21 31 33 28 29 42 34 35 22 24 29 40 32 32 41 22 31 38 34 28 33 25 31 34 34 31 31 33 26 46 22 27 29 34 29 38 21 33 17 26 25 12 31 37 30 23 25 23 45 29 29 26 25 40 25 28 23 28 31 29 26 28 20 26 44 32 19 30 35 15 33 30 38 38 29 29 20 36 25 32 32 20 26 39 19 19 28 28 29 33 24 22 36 26 17 34 35 21 13 33 19 22 24 21 31 37 24 26 20 31 15 24 39 22 30 26 35 24 31 31 26 35 37 41 24 29 42 30 27 35 37 27 35 20 27 34 33 33 21 32 37 26 49 31 23 30 41 27 35 34 31 27 26 22 35 26 24 31 15 40 28 35 26 14 24 19 26 27 26 29 23 34 31 29 31 30 35 27 25 31 36 18 25 29 34 34 31 29 31 34 6 33 18 36 32 29 37 27 21 17 25 24 31 14 27 33 26 40 31 28 17 35 29 31 34 10 15 41 20 14 19 37 27 22 34 30 33 24 35 32 8 34 30 37 27 36 32 33 19 34 41 25 24 29 27 22 17 29 35 20 29 29 35 36 21 42 33 37 16 26 38 14 43 20 19 27 30 33 9 35 27 30 25 27 30 31 21 29 40 23 26 21 41 28 28 38 29 38 28 32 30 48 39 26 18 22 24 29 29 26 28 17 30 30 23 15 36 44 27 33 24 32 33 24 38 32 27 41 23 25 41 23 44 31 31 24 20 44 36 18 26 34 31 33 38 25 33 27 35 38 29 26 26 17 28 29 34 35 23 27 28 30 31 22 32 27 13 32 39 36 36 34 14 36 39 30 26 18 35 19 38 16 31 31 30 26 38 20 51 35 29 36 39 37 27 28 30 27 11 43 25 43 21 20 31 32 36 32 30 29 14 30 27 36 32 24 20 26 32 36 32 33 27 28 14 36 23 26 23 37 37 32 21 28 19 21 26 26 31 31 30 23 29 30 30 31 24 34 34 29 30 13 18 27 46 47 32 14 25 16 28 27 16 27 20 31 0 30 21 28 25 26 40 29 34 34 35 25 18 25 
21 21 26 30 22 26 17 29 21 24 25 28 27 16 32 13 28 26 9 25 22 20 28 23 33 30 29 24 29 17 25 37 34 21 16 38 24 31 8 28 30 35 30 18 33 25 32 24 38 9 24 33 26 39 28 24 29 27 33 36 30 25 17 22 23 33 25 19 21 15 19 19 29 18 26 24 11 25 35 15 24 15 12 18 14 27 29 15 20 15 21 24 18 8 40 18 31 16 20 13 13 27 29 30 23 21 13 22 24 26 28 17 22 37 32 17 25 29 23 25 24 19 23 20 25 28 12 19 21 22 16 24 19 7 27 31 22 16 20 28 17 22 32 26 11 29 24 34 28 16 12 32 31 27 18 19 44 28 22 25 22 20 27 27 28 24 22 30 12 23 31 24 39 29 23 23 30 18 22 19 28 20 24 11 25 24 20 27 18 16 26 33 28 12 18 5 31 34 19 22 19 32 24 27 19 28 26 28 25 9 32 31 31 17 24 31 26 18 33 23 19 23 20 35 26 18 32 34 12 22 17 13 27 20 19 22 24 37 27 15 15 26 28 27 22 17 19 34 22 27 19 27 20 29 26 18 26 17 33 18 15 16 16 20 24 10 11 25 23 20 28 22 26 3 27 18 20 27 25 19 21 26 28 22 27 29 19 32 22 33 31 21 27 18 17 25 21 31 22 27 25 25 21 25 25 28 14 23 10 20 27 19 22 20 23 30 23 29 27 21 22 38 33 27 24 15 23 34 26 18 24 30 26 19 30 13 23 39 23 25 13 32 30 22 32 29 22 27 30 24 36 24 39 17 29 13 18 32 28 20 22 20 32 25 34 27 29 25 17 36 27 25 17 21 29 17 32 21 25 21 26 4 27 20 24 16 20 27 41 22 25 26 27 17 22 22 25 16 32 27 31 29 20 24 9 7 28 28 49 27 34 24 30 12 28 14 24 13 19 36 17 29 19 16 35 31 22 18 25 37 27 28 25 22 29 28 6 15 2 22 20 22 14 28 21 27 34 30 26 23 12 7 31 24 17 14 23 25 31 21 28 12 29 29 16 24 24 19 28 18 16 20 14 23 33 44 28 12 26 18 23 17 14 33 14 25 20 0 26 25 21 15 31 21 32 25 20 19 16 19 
23 32 32 32 30 34 34 35 39 34 22 31 37 35 41 34 41 24 28 32 20 35 37 41 19 28 42 29 24 18 36 33 37 30 33 24 31 22 27 26 38 42 36 37 46 27 26 27 37 35 30 34 33 42 38 34 33 39 42 41 40 14 33 34 31 46 23 26 19 30 27 29 45 28 31 19 30 29 37 21 30 30 29 35 29 35 38 32 32 34 24 30 33 33 46 28 38 35 30 29 32 34 42 33 8 24 29 39 26 34 28 29 33 34 38 18 17 42 30 29 19 26 39 28 26 36 43 23 32 35 28 32 35 26 27 39 26 36 28 20 32 40 30 17 35 31 41 42 30 35 31 26 39 33 26 38 47 43 19 40 41 24 38 28 28 23 20 31 27 39 24 26 53 32 27 27 38 28 29 35 18 37 30 27 25 42 31 33 20 41 12 40 36 28 26 24 26 42 28 31 36 39 23 24 34 40 32 36 32 35 40 34 43 29 37 36 36 34 33 29 25 20 37 42 34 30 17 38 30 25 36 26 34 33 38 28 40 35 13 25 32 41 31 37 30 26 17 42 28 33 31 27 30 30 45 34 28 26 40 37 27 35 35 30 32 38 30 38 38 37 38 20 34 36 28 28 35 33 37 28 37 33 37 33 36 45 36 43 31 34 37 30 36 22 29 29 27 38 28 33 36 35 32 41 36 35 23 30 43 35 37 35 37 36 36 43 35 44 28 27 33 43 34 40 28 29 29 40 24 36 30 36 32 31 40 24 32 41 34 23 28 11 22 23 40 31 36 38 42 27 28 32 51 23 35 23 29 42 39 33 30 39 10 36 42 29 28 29 42 40 16 28 26 23 39 35 48 27 25 29 38 34 33 24 35 32 30 39 48 38 41 38 33 39 28 33 28 34 23 34 38 35 35 22 28 28 36 24 53 36 41 35 34 41 27 33 31 29 30 43 27 46 37 32 40 19 31 33 32 44 33 34 37 22 27 28 25 27 35 39 32 34 33 23 33 29 42 36 28 29 31 32 36 31 24 28 28 31 35 34 37 29 41 34 35 33 28 35 39 33 32 29 31 29 45 51 33 30 4 33 26 28 26 39 27 39 30 34 0 35 27 34 31 32 36 34 41 31 32 27 
25 30 25 25 24 26 26 31 31 24 33 27 17 29 34 14 39 29 24 19 18 5 27 33 33 32 28 30 30 31 34 33 25 32 28 32 31 24 23 22 21 39 28 32 33 24 30 31 34 10 21 20 24 37 38 38 33 34 32 41 27 16 21 25 23 43 28 19 24 25 19 25 34 19 27 17 22 12 39 23 27 29 24 29 24 35 10 12 32 28 21 24 23 8 40 19 21 31 20 16 26 27 40 32 25 29 28 29 29 23 37 26 22 36 36 24 15 21 35 15 23 28 30 17 16 25 28 28 18 23 25 21 32 22 29 28 28 25 17 20 28 23 26 21 26 24 30 25 29 16 27 24 28 26 15 34 38 21 21 32 22 22 17 27 21 23 29 29 27 23 26 24 39 29 22 23 34 13 22 24 20 26 22 26 26 25 30 28 22 33 31 24 30 27 13 20 21 31 25 28 24 28 14 26 19 16 23 19 15 26 32 30 26 20 35 31 38 22 23 33 27 34 29 22 25 30 34 27 29 21 32 28 27 23 33 23 25 37 27 30 23 37 22 33 23 26 22 37 23 32 20 39 34 29 33 18 32 28 30 31 29 23 31 21 32 25 26 34 23 32 29 24 23 20 20 24 26 25 28 21 22 35 34 25 16 29 27 33 21 30 26 30 38 27 23 31 36 37 28 8 26 36 22 29 37 29 25 19 27 18 25 20 35 21 23 39 18 39 32 31 12 43 30 19 19 18 20 45 28 15 26 25 26 30 35 23 24 37 23 29 27 36 20 29 31 29 22 34 34 23 30 27 47 16 35 8 22 33 18 31 28 19 35 15 27 14 26 30 17 26 18 24 17 19 27 27 36 20 16 18 35 19 27 29 14 31 25 4 38 22 37 32 29 32 28 12 24 17 29 22 35 28 30 21 24 22 11 24 49 31 32 21 33 27 16 29 20 13 16 34 7 41 29 21 26 19 32 28 22 29 35 25 20 35 31 11 21 29 19 37 23 25 29 27 22 31 35 30 21 22 22 17 32 29 26 24 23 24 30 30 31 28 41 19 31 34 23 19 18 28 16 29 19 23 37 29 26 22 29 29 23 25 23 41 27 28 27 17 25 0 21 26 35 11 30 20 35 14 26 16 
19 24 22 24 23 19 15 21 23 19 15 12 23 22 24 12 28 18 16 14 13 26 17 27 12 21 25 20 33 22 28 29 24 22 14 17 28 18 20 20 20 34 19 21 22 18 19 20 31 20 21 28 24 36 23 25 20 28 17 37 26 10 19 17 12 35 17 8 13 4 8 5 24 29 22 12 12 20 33 14 28 21 19 32 3 29 18 18 15 21 11 3 12 18 19 19 23 28 21 8 19 16 35 37 23 31 18 29 17 24 27 17 17 27 31 17 10 25 20 26 27 15 20 11 20 27 18 10 17 16 16 19 17 19 24 20 18 23 19 31 8 22 32 25 20 23 29 24 24 24 24 19 22 26 17 29 38 22 12 23 15 10 26 27 21 32 11 24 20 24 33 19 35 22 13 21 24 13 11 25 11 18 13 6 15 24 15 17 13 31 26 29 19 7 13 17 21 18 24 27 13 31 14 17 8 23 23 18 18 21 23 15 20 26 28 26 29 13 26 26 18 19 18 34 25 19 30 17 16 1 11 8 22 14 13 25 19 32 6 23 22 25 22 22 23 16 11 31 13 21 13 26 21 29 32 7 21 18 33 20 20 22 27 29 24 21 17 19 16 27 22 23 15 18 18 13 14 16 27 11 12 22 33 29 22 18 17 28 11 30 26 20 32 16 13 16 16 27 13 23 21 19 16 20 25 8 15 22 25 24 24 14 21 11 17 33 12 28 22 24 23 39 27 23 22 15 15 35 27 19 19 29 5 20 14 13 22 35 18 14 19 26 15 22 31 24 23 23 33 6 24 14 38 16 24 8 12 32 21 25 21 31 24 24 28 22 21 16 27 27 9 19 17 10 26 13 27 11 16 20 21 19 6 11 25 11 4 25 36 11 22 11 24 26 26 23 7 16 31 17 31 28 9 13 15 1 26 14 32 22 14 27 28 26 20 22 23 2 15 36 12 36 19 10 34 27 28 24 5 30 26 24 21 28 28 19 18 10 17 29 15 15 20 24 15 25 24 9 20 22 13 17 22 18 17 14 18 20 21 19 10 22 26 22 25 15 14 20 29 7 5 19 8 2 33 38 26 12 19 9 13 18 9 29 13 24 23 25 15 21 0 16 30 22 30 20 28 8 12 17 
35 28 35 28 31 39 22 34 42 25 40 40 31 37 40 34 45 32 29 35 25 34 34 33 41 32 33 36 40 34 32 41 28 41 37 38 37 32 28 34 24 49 36 38 48 28 40 31 45 30 35 40 31 47 47 32 31 36 44 45 43 29 18 36 29 41 31 37 27 32 25 36 49 39 25 24 31 30 49 26 26 32 33 39 31 32 39 31 32 36 27 35 26 35 51 33 41 36 38 26 34 38 47 40 38 36 30 41 32 31 44 23 23 39 40 25 22 29 41 34 32 25 34 25 32 33 39 23 35 33 22 29 36 27 36 36 33 33 25 39 33 33 40 30 13 27 29 28 35 41 32 31 36 35 23 35 50 36 24 40 41 29 36 38 35 42 29 36 32 41 40 31 41 37 32 29 31 30 32 21 23 34 30 34 44 35 21 29 21 32 31 43 30 32 30 25 35 39 30 33 30 35 28 29 31 31 37 22 26 32 40 42 33 31 40 32 34 19 37 34 30 31 25 40 36 36 47 42 35 33 17 36 28 20 19 33 37 40 35 19 23 28 33 14 21 31 30 51 32 38 35 29 30 43 36 30 38 37 41 39 32 32 36 37 30 12 32 25 35 39 24 31 31 24 32 15 20 33 36 27 33 32 39 41 38 40 34 34 35 44 38 35 29 30 29 29 44 43 31 36 36 36 22 45 35 40 34 26 45 37 28 32 24 32 31 44 35 31 35 32 31 47 41 27 30 32 23 50 35 34 29 35 37 27 43 29 23 49 24 32 30 41 27 30 42 30 40 38 47 31 36 37 47 28 48 25 28 49 37 29 11 40 40 34 42 32 19 29 42 38 21 31 30 26 30 26 46 32 32 26 29 25 38 24 33 39 36 33 30 43 28 20 34 19 24 31 32 27 37 26 39 40 37 33 30 33 34 29 57 31 46 40 32 33 27 34 27 34 33 44 35 48 42 27 46 47 36 29 30 37 38 39 37 41 18 39 26 27 37 43 34 32 31 27 37 40 44 41 24 34 39 34 45 35 22 31 24 32 40 39 36 17 50 35 36 42 33 37 37 35 37 34 25 34 35 44 33 35 34 34 29 33 33 44 34 10 24 40 30 29 32 0 33 30 39 37 39 31 21 24 
19 31 28 28 26 30 27 19 31 31 15 24 28 26 36 23 36 34 24 18 16 30 29 33 12 31 34 26 24 22 35 29 33 33 26 17 39 18 23 27 32 40 35 32 40 23 19 20 41 30 26 32 29 39 33 32 38 38 29 37 29 10 29 32 27 31 33 20 29 22 26 15 34 39 35 15 26 32 33 17 32 25 22 36 21 37 30 25 25 25 15 21 28 28 37 36 26 24 29 18 23 28 38 42 29 41 25 34 34 30 39 25 29 27 34 27 13 40 23 29 31 27 30 22 24 32 36 28 20 28 24 28 27 22 27 33 24 32 24 36 18 36 37 29 31 27 34 36 24 28 27 22 33 29 22 34 48 38 15 35 32 14 34 31 26 36 29 27 23 34 38 16 45 28 23 33 28 23 15 30 14 30 30 16 18 38 27 29 16 41 29 23 29 17 23 20 26 30 27 30 26 41 19 20 26 33 28 30 28 19 35 27 32 27 22 38 32 23 28 37 21 14 30 35 30 33 37 27 22 11 29 18 30 28 31 36 29 25 6 30 25 37 27 34 31 22 29 35 26 29 25 21 28 34 36 25 31 29 33 28 23 26 31 34 28 34 21 37 33 31 40 37 30 28 22 25 21 28 33 23 30 34 36 33 31 36 34 39 23 35 31 26 32 28 19 34 20 21 16 29 30 31 28 30 35 26 29 32 35 33 33 24 33 29 32 39 30 40 28 35 29 39 27 38 32 25 8 39 40 28 14 32 23 10 26 20 33 37 30 32 23 32 18 32 36 25 33 19 38 24 24 26 29 19 34 18 23 45 12 32 26 35 31 32 42 34 30 22 37 43 12 29 22 20 30 31 37 23 21 25 31 28 24 29 31 21 16 35 24 29 35 29 29 37 38 29 25 30 36 26 31 31 27 18 19 19 32 20 50 35 32 31 3 36 20 29 33 20 18 36 25 40 33 23 38 39 39 28 23 40 29 30 27 34 29 31 21 20 27 35 30 32 24 35 27 25 38 13 24 25 25 27 32 31 20 21 30 24 31 30 28 22 38 31 31 33 24 30 35 25 23 25 21 20 45 54 31 26 25 19 17 24 19 35 23 34 35 37 21 31 18 29 0 28 34 27 32 26 22 21 
14 19 14 23 13 23 21 26 20 14 22 25 6 18 23 13 30 21 19 20 11 19 23 22 32 28 19 19 19 20 23 24 21 28 17 21 20 13 18 27 17 33 24 25 28 18 19 34 23 9 21 25 30 35 34 31 27 25 21 30 20 5 10 14 17 33 24 14 19 18 13 16 33 18 21 10 18 19 28 12 16 18 23 28 17 24 21 1 23 17 16 31 25 7 47 8 29 26 17 19 15 22 33 21 22 18 20 25 24 21 33 15 12 25 25 17 8 26 29 4 24 17 19 23 17 23 26 20 23 21 14 27 21 17 22 27 17 31 22 9 19 28 15 22 19 22 28 21 25 13 22 17 30 15 23 29 35 32 10 28 19 15 6 22 16 12 18 22 18 20 33 17 28 23 11 18 23 19 17 13 9 23 18 17 21 30 26 19 11 28 24 13 26 18 19 15 21 22 17 20 15 17 14 15 14 30 23 30 4 19 28 28 26 9 27 21 27 11 12 23 16 29 24 29 28 24 31 25 21 12 22 18 17 24 24 22 14 40 26 19 22 30 28 24 17 15 22 37 21 21 24 35 27 29 32 13 29 24 32 20 18 19 26 20 23 18 19 30 20 30 28 29 20 28 17 15 23 21 18 10 20 24 26 22 22 24 16 23 17 30 22 19 27 22 12 26 27 26 19 15 25 26 11 31 26 18 21 8 35 24 24 9 28 19 23 30 18 35 21 21 1 32 27 24 8 18 28 35 25 4 21 14 33 25 27 15 19 32 13 18 16 25 13 22 34 19 19 28 32 21 19 26 37 5 32 14 11 32 7 20 21 26 24 4 34 21 15 22 16 15 7 21 17 18 26 19 36 9 22 26 29 20 28 21 3 22 17 18 39 17 27 31 23 25 17 1 22 22 33 11 30 26 23 19 20 29 18 13 47 30 24 10 26 25 20 24 9 8 21 35 18 39 25 12 29 30 25 19 20 29 24 23 9 32 28 22 16 18 27 30 12 14 20 23 15 20 29 31 19 11 19 23 21 20 15 14 13 25 19 25 20 20 30 22 26 29 12 16 7 21 11 18 10 24 30 26 21 18 18 20 18 19 17 30 18 26 21 28 14 14 28 22 32 0 28 16 28 14 23 22 
27 29 29 29 32 37 14 31 23 27 40 35 22 27 31 20 33 26 21 27 28 18 36 34 40 26 24 27 40 29 33 43 33 32 29 31 28 34 24 28 29 40 34 30 35 24 26 39 36 16 26 33 28 41 30 40 32 27 38 45 36 26 9 24 30 32 25 21 18 23 26 29 45 25 29 27 23 22 41 27 28 23 25 23 22 29 36 25 22 26 22 31 30 21 47 24 34 32 28 23 24 29 33 30 25 36 29 34 24 28 40 7 25 40 41 30 25 30 33 25 32 16 27 22 25 30 34 22 30 29 13 26 35 19 31 31 25 30 22 33 22 35 31 30 29 28 26 33 34 29 28 34 30 29 20 31 44 38 21 35 33 30 27 35 30 35 30 38 16 31 33 27 32 34 3 31 22 20 24 26 26 22 28 13 28 37 30 30 17 39 30 34 24 28 20 21 32 36 31 34 34 30 25 19 21 39 28 39 17 11 38 38 33 19 35 34 33 10 31 35 31 25 17 32 33 28 34 37 14 25 26 15 21 16 28 34 33 35 34 27 28 34 30 19 29 28 19 44 29 37 27 32 36 34 42 20 28 28 35 29 30 27 32 27 22 28 22 34 33 32 18 27 28 22 11 10 29 31 31 18 28 23 39 34 30 31 26 36 30 38 33 32 43 21 20 28 23 34 32 30 19 32 24 39 26 35 25 21 29 32 35 28 40 27 30 40 25 43 34 33 22 47 34 30 25 23 29 40 30 16 26 34 33 21 40 26 30 43 17 31 21 34 30 35 35 32 30 32 40 28 39 35 41 26 40 15 19 23 28 30 20 33 33 25 37 24 27 21 30 36 24 25 15 18 37 27 43 24 26 23 37 23 34 23 24 18 30 31 38 24 31 35 36 35 39 22 29 29 34 27 33 39 28 26 20 29 33 26 54 32 19 34 37 17 26 26 22 26 34 38 20 41 32 16 39 38 37 29 27 40 39 30 28 34 26 30 22 17 21 41 22 24 12 31 23 33 45 37 25 32 26 24 36 35 21 6 26 27 11 29 37 14 42 29 32 34 4 27 28 26 18 31 30 30 40 42 29 25 27 23 18 31 25 45 29 33 32 36 23 27 28 27 34 24 0 27 20 21 30 21 
17 17 26 26 24 28 27 34 31 32 40 29 32 29 35 28 43 34 22 18 14 32 26 33 37 39 31 29 31 23 21 27 31 34 30 24 27 16 21 31 38 42 33 31 40 21 26 37 38 30 24 22 30 40 38 33 40 26 36 35 11 8 27 32 35 40 34 20 27 24 32 25 41 39 36 13 24 29 31 15 29 24 26 39 23 37 27 27 26 28 18 32 32 28 45 34 23 29 27 17 26 28 36 40 27 39 23 9 37 34 36 23 30 28 32 26 11 40 28 30 21 25 35 25 14 36 37 30 17 32 22 32 29 20 25 36 26 36 24 34 28 34 41 19 20 25 34 37 28 35 25 20 36 22 26 32 46 38 13 38 35 18 32 13 23 37 31 25 21 32 36 20 50 26 21 30 32 23 15 28 12 30 30 21 28 36 30 29 14 39 27 33 39 25 23 18 24 37 27 30 33 41 17 18 33 39 26 36 30 19 40 31 29 27 31 38 30 28 38 35 19 14 30 41 31 31 36 16 22 26 26 23 28 27 28 35 35 48 31 17 29 35 31 37 32 20 28 35 24 27 29 21 31 32 38 38 30 30 41 31 21 29 29 36 26 31 24 34 32 31 47 35 34 33 22 28 21 33 31 22 31 29 36 33 34 42 32 37 20 27 6 24 30 30 23 36 31 32 13 27 30 29 29 37 35 31 27 32 40 36 30 31 31 30 32 37 32 38 26 34 27 37 33 38 32 23 31 39 37 30 29 30 34 10 34 18 34 35 31 22 22 30 16 31 37 29 24 40 36 31 22 34 30 17 42 18 23 47 33 18 24 33 29 30 40 31 30 26 37 41 10 33 20 29 32 30 44 21 25 29 37 25 40 31 29 26 24 31 42 37 36 35 27 26 38 27 32 28 40 23 39 29 29 22 22 32 30 18 53 28 37 29 28 33 27 27 33 33 15 44 30 40 31 30 28 36 37 31 30 42 27 28 31 34 29 28 19 21 32 33 30 32 27 25 27 23 36 37 22 23 25 27 34 33 18 24 30 35 29 28 33 22 40 33 29 35 22 30 33 27 36 23 28 36 42 52 28 24 23 29 20 22 27 33 21 33 22 34 19 27 34 28 25 26 41 0 35 31 22 24 
34 31 43 37 29 42 34 37 28 26 38 22 35 34 46 35 40 33 33 29 34 27 30 34 48 35 39 34 39 32 35 42 43 41 19 41 30 33 10 29 39 40 35 34 37 32 38 34 46 32 31 37 30 46 34 45 38 29 40 44 34 29 39 37 34 36 40 31 32 27 30 32 31 41 32 34 35 19 48 33 30 27 15 42 26 44 24 18 27 29 23 39 21 30 55 35 39 40 39 15 31 38 44 38 41 34 32 37 27 38 40 29 24 44 41 24 32 40 25 33 30 31 26 30 29 40 36 33 25 38 28 28 24 31 40 39 32 32 32 38 35 37 30 28 35 36 36 43 38 38 14 41 37 38 30 21 50 31 31 28 38 22 35 34 36 41 34 33 27 42 40 34 42 39 36 26 36 31 26 33 30 10 29 32 38 39 22 33 25 39 32 40 33 14 31 29 39 41 34 37 26 39 32 39 31 30 33 43 30 30 39 25 33 34 27 28 41 26 40 39 28 25 37 38 28 20 37 37 19 28 38 20 29 24 34 38 26 48 42 17 18 48 29 32 30 32 34 36 29 33 21 32 41 39 39 30 33 37 37 32 30 34 29 33 37 34 29 31 35 42 42 38 30 27 27 23 32 32 40 35 32 38 43 44 30 41 21 35 28 43 34 34 35 32 27 39 42 38 31 35 35 34 23 27 41 38 38 30 34 32 38 21 44 41 30 46 25 46 34 37 30 46 40 38 33 18 34 36 42 26 32 39 41 21 37 29 30 48 25 37 25 39 35 29 34 31 39 42 39 34 39 39 41 34 31 26 20 40 36 25 32 44 48 33 34 21 32 37 39 44 31 31 35 37 40 33 34 34 23 33 28 28 38 34 32 24 33 31 45 34 27 32 35 41 28 30 35 31 40 31 38 38 32 26 27 31 38 38 51 29 42 27 39 36 23 38 31 25 23 43 25 51 35 23 43 26 40 33 35 44 36 35 35 43 38 18 30 22 26 35 35 37 32 34 23 40 45 41 33 34 36 31 36 30 29 30 20 14 41 38 31 29 36 26 18 38 37 38 36 30 28 33 21 38 53 51 41 28 42 31 25 33 16 49 16 31 22 24 38 27 36 27 36 29 37 38 0 21 33 29 
29 30 28 32 25 29 26 30 31 16 36 20 29 30 28 19 37 25 30 37 15 29 25 25 35 27 30 24 31 27 34 30 30 31 27 36 28 28 29 27 28 32 35 30 40 26 30 36 38 26 18 20 29 34 29 34 29 27 25 39 32 20 22 27 29 36 24 31 20 29 28 11 30 35 23 14 32 21 43 26 29 29 30 34 28 36 33 24 21 28 20 31 24 24 47 24 18 37 27 14 27 17 37 32 22 35 29 35 25 34 35 20 14 37 36 21 12 36 25 30 19 25 26 26 12 37 33 24 23 33 22 31 23 28 23 29 22 34 29 28 14 36 38 17 32 31 33 32 26 25 33 21 16 33 27 38 45 19 25 39 31 19 18 32 18 31 19 26 27 30 39 21 40 36 16 26 31 19 34 33 24 35 29 12 35 38 23 18 22 30 27 33 25 13 19 26 18 26 33 33 22 37 11 30 33 29 20 26 24 24 32 23 12 29 32 23 37 19 32 30 30 34 29 40 30 29 31 23 22 7 26 14 19 23 28 34 25 43 29 28 30 35 27 30 19 22 18 34 28 30 21 35 30 26 40 33 27 27 36 31 32 29 37 34 34 31 24 34 27 29 40 28 32 24 25 21 28 32 38 15 27 32 39 31 30 43 29 25 26 27 32 26 42 23 17 30 22 31 19 29 22 33 24 26 35 34 24 28 31 28 32 20 31 26 9 42 4 25 28 33 27 41 27 34 28 21 28 42 32 25 25 39 33 30 22 24 21 29 15 22 27 32 17 26 36 21 22 40 39 32 34 22 33 28 30 14 16 42 19 31 25 23 31 30 20 23 22 27 33 27 22 26 14 16 34 24 33 14 21 30 27 25 25 25 29 17 12 31 44 37 37 35 25 37 27 27 28 30 37 22 34 40 34 23 23 29 32 20 50 31 30 25 26 30 25 28 29 29 21 39 4 38 33 19 26 40 26 32 31 36 38 22 21 32 27 34 27 16 23 35 25 27 25 23 23 35 40 28 28 29 28 23 28 27 26 19 15 26 24 35 31 21 34 28 34 20 17 26 33 32 31 25 17 21 43 38 23 26 25 15 21 22 15 35 19 30 27 29 21 27 28 25 36 26 37 26 33 0 29 25 
41 36 38 37 31 39 27 39 41 30 39 28 35 33 38 32 43 37 33 27 33 23 38 26 36 39 31 34 45 38 40 33 42 42 35 40 28 37 32 25 42 33 40 33 49 32 41 34 50 28 39 21 27 35 49 13 36 39 31 44 35 32 27 35 33 43 36 21 32 30 29 36 46 29 30 32 34 35 55 30 41 30 37 41 29 37 39 30 38 32 22 32 30 26 48 37 21 40 38 24 30 29 40 35 39 39 35 33 36 36 39 25 28 47 37 34 30 40 26 33 20 31 44 29 13 38 38 36 41 37 31 34 39 31 38 40 32 38 30 38 39 39 44 18 40 36 34 46 37 34 36 39 40 37 28 21 46 20 31 44 39 30 35 30 31 41 37 31 33 41 40 34 50 44 26 34 40 35 24 29 30 39 34 32 42 41 31 30 25 34 38 42 42 29 35 29 39 32 35 38 41 46 32 37 37 45 21 41 33 34 44 31 49 30 34 37 41 28 41 38 34 15 30 34 28 40 48 26 37 35 32 33 33 24 34 37 36 44 30 29 36 47 25 38 26 38 30 37 33 36 27 22 9 47 38 36 29 38 45 35 36 33 40 31 37 39 28 37 35 30 39 29 36 40 23 29 30 37 47 25 32 38 44 32 30 45 34 39 32 48 30 38 48 35 27 41 42 41 37 39 31 39 27 32 41 44 36 37 45 32 37 35 43 31 10 48 41 26 44 36 30 46 45 38 19 30 30 36 33 33 36 42 34 34 44 30 28 45 29 36 28 42 32 39 34 35 23 44 44 35 38 37 34 32 46 30 26 36 36 37 39 44 39 33 21 17 29 39 35 43 29 27 34 31 32 29 39 24 19 31 43 35 26 37 32 33 37 37 50 40 40 38 39 38 39 30 36 33 42 23 44 37 35 34 26 28 42 37 60 34 31 26 27 35 19 29 38 31 39 45 25 39 36 38 27 47 27 35 34 46 42 23 35 33 28 40 30 35 39 48 33 32 31 24 29 45 41 29 33 38 26 32 38 33 29 29 29 37 29 36 40 22 42 22 40 21 22 37 36 33 34 37 36 22 44 47 36 29 35 40 24 35 31 39 35 40 28 41 38 33 36 33 26 29 33 30 39 37 0 28 
34 38 38 36 23 37 37 35 26 33 41 28 31 34 46 36 41 31 34 32 33 28 38 41 39 31 33 34 33 38 42 49 36 34 35 44 25 38 35 34 32 32 26 34 39 35 35 43 37 32 42 43 36 44 33 24 30 24 37 40 38 30 26 20 24 42 39 34 35 25 25 25 44 41 24 32 38 34 48 34 36 33 38 35 24 47 33 26 27 33 23 37 13 30 32 26 43 43 35 2 31 42 49 40 25 37 37 45 19 27 35 31 31 38 41 27 30 39 28 29 34 33 36 1 39 39 31 35 37 28 30 20 37 34 36 12 32 24 31 34 28 41 36 32 25 35 39 36 39 31 39 19 12 34 29 32 48 23 32 30 36 22 31 39 35 37 32 38 34 36 43 34 44 43 31 37 36 31 29 33 31 25 20 33 45 43 29 39 28 40 32 34 29 27 31 32 21 15 23 26 33 42 36 31 21 37 44 30 29 33 30 31 45 15 33 36 33 27 36 39 38 28 35 45 37 23 34 29 30 35 25 20 30 27 27 38 39 45 33 27 31 40 34 35 29 30 35 37 26 34 24 35 20 50 36 38 33 30 38 21 39 34 43 42 31 24 29 33 37 45 23 37 22 30 8 29 28 23 37 33 25 40 32 40 33 45 22 42 32 30 43 34 38 34 27 15 43 32 33 31 16 43 30 40 43 42 27 33 37 35 36 34 36 24 39 34 40 43 36 37 26 42 42 41 30 20 31 44 39 29 30 39 39 24 36 32 31 25 26 35 31 31 35 32 43 33 37 29 49 7 44 30 44 30 38 26 27 51 32 39 19 42 30 29 31 36 27 38 39 37 29 30 34 30 30 34 42 34 28 32 35 31 40 36 28 36 26 27 37 42 36 34 37 31 34 26 8 35 40 36 36 48 30 25 27 35 34 28 33 37 34 29 39 29 35 30 28 33 35 41 30 54 38 30 49 26 37 31 6 44 46 38 34 38 26 33 33 22 29 43 18 20 31 26 26 33 45 43 32 35 34 29 36 31 30 25 28 20 23 37 23 32 31 37 43 36 32 34 32 28 36 33 28 36 36 48 37 31 24 23 25 21 23 49 27 18 32 39 29 23 34 33 36 25 39 37 39 36 29 0 
0.685043
